1|'02_000099'|'ОАО ТЕПЛОСЕТЬ ТГК-1'|'ИТП'|'открытая'|'ООО ЖКС № 1 В.О. р-на'|'отопление'|'Гкал'|1|||8|'105/70'|'да'|||||||||332.19||260.89||292.0108||186.39||74.73||51.6642||41.46738||41.118||||225.14||198.07||256.709||1960.37938|||'зависимая'|1|
2|'02_000100'|'ОАО ТЕПЛОСЕТЬ ТГК-1'|'ИТП'|'открытая'|'ООО ЖКС № 1 В.О. р-на'|'отопление'|'Гкал'||||8|'105/70'|'да'||||||||||||||||||||||||||||||||||||'зависимая'||
3||'ОАО ТЕПЛОСЕТЬ ТГК-1'|'ИТП'|'открытая'|'ООО ЖКС № 1 В.О. р-на'|'отопление'|'Гкал'||||8|'105/70'|'нет'||||||||||||||||||||||||||||||||||||'зависимая'||
4|'02_000101'|'ОАО ТЕПЛОСЕТЬ ТГК-1'|'ИТП'|'открытая'|'ООО ЖКС № 1 В.О. р-на'|'отопление'|'Гкал'||||8|'105/70'|'нет'|||||||||||||||||||0||0||0|||||||||||||'зависимая'||
5|'02_000102'|'ОАО ТЕПЛОСЕТЬ ТГК-1'|'ИТП'|'открытая'|'ООО ЖКС № 1 В.О. р-на'|'отопление'|'Гкал'|1|||8|'105/70'|'нет'|||||||||290.23||203.58||245.17||178.56||0.86||0||0||0||||150.95||139.56||183.29|||||'зависимая'|1|
6|'02_000103'|'ОАО ТЕПЛОСЕТЬ ТГК-1'|'ИТП'|'открытая'|'ООО ЖКС № 1 В.О. р-на'|'отопление'|'Гкал'|1|||8|'105/70'|'да'|||||||||253.9064||143.6244||199.3978||120.934||44.06||27.9402||18.59||15.36||||145.64||113.58||191.536|||||'зависимая'|1|
7|'02_000104'|'ОАО ТЕПЛОСЕТЬ ТГК-1'|'ИТП'|'открытая'|'ООО ЖКС № 1 В.О. р-на'|'отопление'|'Гкал'|1|||8|'105/70'|'да'|||||||||187.0644||117.7338||182.67||80.456||35.2||25.7478||3.81||14.7198||||108.63||96.27||114.93||967.2318|||'зависимая'|1|
8||'ОАО ТЕПЛОСЕТЬ ТГК-1'|'ИТП'|'открытая'|'ООО ЖКС № 1 В.О. р-на'|'отопление'|'Гкал'||||8|'105/70'|'нет'||||||||||||||||||||||||||||||||||||'зависимая'||
9|'02_000105'|'ОАО ТЕПЛОСЕТЬ ТГК-1'|'ИТП'|'открытая'|'ООО ЖКС № 1 В.О. р-на'|'отопление'|'Гкал'||||8|'105/70'|'да'|||||||||||||||||||7.0002||7.2126||6.8||||68.8||54.9||70.09|||||'зависимая'||
10|'02_000106'|'ОАО ТЕПЛОСЕТЬ ТГК-1'|'ИТП'|'открытая'|'ООО ЖКС № 1 В.О. р-на'|'отопление'|'Гкал'|1|||8|'105/70'|'да'|||||||||||||||||||5.8698||6.01044||5.67||||55.27||43.42||56.37||172.61024|||'зависимая'|1|
11|'02_000110'|'ОАО ТЕПЛОСЕТЬ ТГК-1'|'ИТП'|'открытая'|'ООО ЖКС № 1 В.О. р-на'|'отопление'|'Гкал'|1|||8|'105/70'|'да'|||||||||204.0498||130.29||161.06||113.77||33.43||31.3008||24.721||24.03||||137.68||116.82||148.61||1125.7616|||'зависимая'|1|
12||'ОАО ТЕПЛОСЕТЬ ТГК-1'|'ИТП'|'открытая'|'ООО ЖКС № 1 В.О. р-на'|'отопление'|'Гкал'||||8|'105/70'|'нет'||||||||||||||||||||||||||||||||||||'зависимая'||
13|'02_000107'|'ОАО ТЕПЛОСЕТЬ ТГК-1'|'ИТП'|'открытая'|'ООО ЖКС № 1 В.О. р-на'|'отопление'|'Гкал'||||8|'105/70'|'да'|||||||||||||||||||0||0||0||||72.43||88.41||109.913||270.753|||'зависимая'||
14|'02_000108'|'ОАО ТЕПЛОСЕТЬ ТГК-1'|'ИТП'|'открытая'|'ООО ЖКС № 1 В.О. р-на'|'отопление'|'Гкал'||||8|'105/70'|'да'|||||||||167.6598||107.3826||140.3002||91.68||22.2||||||||||||||||529.2226|||'зависимая'||
15|'02_000109'|'ОАО ТЕПЛОСЕТЬ ТГК-1'|'ИТП'|'открытая'|'ООО ЖКС № 1 В.О. р-на'|'отопление'|'Гкал'|1|||8|'105/70'|'да'|||||||||203.092||130.0616||169.9298||134.02||27.04||26.8302||19.893||20.04||||130.27||124.14||157.04||1142.3566|||'зависимая'|1|
16||'ОАО ТЕПЛОСЕТЬ ТГК-1'|'ИТП'|'открытая'|'ООО ЖКС № 1 В.О. р-на'|'отопление'|'Гкал'||||8|'105/70'|'нет'||||||||||||||||||||||||||||||||||||'зависимая'||
17|'02_000112'|'ОАО ТЕПЛОСЕТЬ ТГК-1'|'ИТП'|'открытая'|'ООО ЖКС № 1 В.О. р-на'|'отопление'|'Гкал'|1|||8|'105/70'|'да'|||||||||209.2398||100.02||133.82||97.67||37.77||34.278||27.692||27.683||||111.95||106.1||132.46||1018.6828|||'зависимая'|1|
18|'02_000113'|'ОАО ТЕПЛОСЕТЬ ТГК-1'|'ИТП'|'открытая'|'ООО ЖКС № 1 В.О. р-на'|'отопление'|'Гкал'||||8|'105/70'|'да'||||||||||||||||||||||||||||||||||||'зависимая'||
19|'02_000114'|'ОАО ТЕПЛОСЕТЬ ТГК-1'|'ИТП'|'открытая'|'ООО ЖКС № 1 В.О. р-на'|'отопление'|'Гкал'|1|||8|'105/70'|'да'|||||||||||||||||||0||0||0||||||||404.18||404.18|||'зависимая'|1|
20|'02_000115'|'ОАО ТЕПЛОСЕТЬ ТГК-1'|'ИТП'|'открытая'|'ООО ЖКС № 1 В.О. р-на'|'отопление'|'Гкал'||||8|'105/70'|'да'|||||||||||||||||||0||0||0|||||||||||||'зависимая'||
21|'02_000116'|'ОАО ТЕПЛОСЕТЬ ТГК-1'|'ИТП'|'открытая'|'ООО ЖКС № 1 В.О. р-на'|'отопление'|'Гкал'|1|||8|'105/70'|'нет'|||||||||102.53||86.04||102.53||69.72||1.8||0||0||0||||74.49||62||84.43||583.54|||'зависимая'|1|
22|'02_000120'|'ОАО ТЕПЛОСЕТЬ ТГК-1'|'ИТП'|'открытая'|'ООО ЖКС № 1 В.О. р-на'|'отопление'|'Гкал'||||8|'105/70'|'нет'|||||||||23.16||23.16||23.16||16.13||1.54||0||0||0||||22.4||19||28.19||156.74|||'зависимая'||
23|'02_000121'|'ОАО ТЕПЛОСЕТЬ ТГК-1'|'ИТП'|'открытая'|'ООО ЖКС № 1 В.О. р-на'|'отопление'|'Гкал'|1|||8|'105/70'|'да'|||||||||208.8176||160.4182||203.5572||144.36||53.84||28.6602||16.35||16.62||||155.17||129.29||152.852||1269.9352|||'зависимая'|1|
24|'02_000124'|'ОАО ТЕПЛОСЕТЬ ТГК-1'|'ИТП'|'открытая'|'ООО ЖКС № 1 В.О. р-на'|'отопление'|'Гкал'||||8|'105/70'|'да'|||||||||142.9862||103.7836||147.14||83.14||24.85||17.3298||13.6164||13.9998||||94.57||84.75||107.46||833.6258|||'зависимая'||
25|'02_000125'|'ОАО ТЕПЛОСЕТЬ ТГК-1'|'ИТП'|'открытая'|'ООО ЖКС № 1 В.О. р-на'|'отопление'|'Гкал'|1|||8|'105/70'|'да'|||||||||154.1138||112.9364||159.6598||83.73||29.23||22.02||17.31654||17.8098||||100.33||80.4||112.52||890.06634|||'зависимая'|1|
26|'02_000127'|'ОАО ТЕПЛОСЕТЬ ТГК-1'|'ИТП'|'открытая'|'ООО ЖКС № 1 В.О. р-на'|'отопление'|'Гкал'|1|||8|'105/70'|'нет'|||||||||226.3||177.85||174.33||84.03||35.55||0||0||0||||105.26||115.82||125.36||1044.5|||'зависимая'|1|
27|'02_000128'|'ОАО ТЕПЛОСЕТЬ ТГК-1'|'ИТП'|'открытая'|'ООО ЖКС № 1 В.О. р-на'|'отопление'|'Гкал'|1|||8|'105/70'|'нет'|||||||||117.02||93.56||123.3815198511||63.67||1.8||0||0||0||||84.85||65.26||98.23||647.7715198511|||'зависимая'|1|
28|'02_000129'|'ОАО ТЕПЛОСЕТЬ ТГК-1'|'ИТП'|'открытая'|'ООО ЖКС № 1 В.О. р-на'|'отопление'|'Гкал'|1|||8|'105/70'|'нет'|||||||||128.83||85.69||128.83||47.87||0||0||0||0||||84.74||40||87.36||603.32|||'зависимая'|1|
29|'02_000130'|'ОАО ТЕПЛОСЕТЬ ТГК-1'|'ИТП'|'открытая'|'ООО ЖКС № 1 В.О. р-на'|'отопление'|'Гкал'|1|||8|'105/70'|'нет'|||||||||112.88||68.02||93.74||57.96||8.68||0||0||0||||97||61.39||83||582.67|||'зависимая'|1|
30|'02_000131'|'ОАО ТЕПЛОСЕТЬ ТГК-1'|'ИТП'|'открытая'|'ООО ЖКС № 1 В.О. р-на'|'отопление'|'Гкал'|1|||8|'105/70'|'нет'|||||||||362.77||216.96||137.27||188.36||36.4||0||0||0||||201.44||162.76||202.93||1508.89|||'зависимая'|1|
31|'02_000132'|'ОАО ТЕПЛОСЕТЬ ТГК-1'|'ИТП'|'открытая'|'ООО ЖКС № 1 В.О. р-на'|'отопление'|'Гкал'||||8|'105/70'|'да'|||||||||46.1144||28.37||32.01||25.22||11.93||13.164||2.49||3.22||||28.28||23.03||30.59||244.4184|||'зависимая'||
32|'02_000134'|'ОАО ТЕПЛОСЕТЬ ТГК-1'|'ИТП'|'открытая'|'ООО ЖКС № 1 В.О. р-на'|'отопление'|'Гкал'|1|||8|'105/70'|'да'|||||||||91.12||76.798||86.12||38.1||10.78||11.5098||8.543||11.737||||66.9||58.96||66.18||526.7478|||'зависимая'|1|
33||'ОАО ТЕПЛОСЕТЬ ТГК-1'|'ИТП'|'открытая'|'ООО ЖКС № 1 В.О. р-на'|'отопление'|'Гкал'||||8|'105/70'|'нет'||||||||||||||||||||||||||||||||||||'зависимая'||
34|'02_000135'|'ОАО ТЕПЛОСЕТЬ ТГК-1'|'ИТП'|'открытая'|'ООО ЖКС № 1 В.О. р-на'|'отопление'|'Гкал'||||8|'105/70'|'да'|||||||||||||||||||0||0||0|||||||||||||'зависимая'||
35|'02_000136'|'ОАО ТЕПЛОСЕТЬ ТГК-1'|'ИТП'|'открытая'|'ООО ЖКС № 1 В.О. р-на'|'отопление'|'Гкал'||||8|'105/70'|'да'|||||||||67.2996||51.407||63.6372||29.21||3.35||3.5802||1.65258||1.53||||26.19||28.26||31.49||307.60658|||'зависимая'||
36|'02_000137'|'ОАО ТЕПЛОСЕТЬ ТГК-1'|'ИТП'|'открытая'|'ООО ЖКС № 1 В.О. р-на'|'отопление'|'Гкал'|1|||8|'105/70'|'да'|||||||||296.9504||177.6582||261.7||189.77||34.91||28.62||17.38||15.04||||144.1||155.75||188.894||1510.7726|||'зависимая'|1|
37|'02_000138'|'ОАО ТЕПЛОСЕТЬ ТГК-1'|'ИТП'|'открытая'|'ООО ЖКС № 1 В.О. р-на'|'отопление'|'Гкал'|1|||8|'105/70'|'да'|||||||||67.2||67.18||67.18||83.12||21.31||0||0||0||||||||86.02||392.01|||'зависимая'|1|
38|'02_001563'|'ОАО ТЕПЛОСЕТЬ ТГК-1'|'ИТП'|'открытая'|'ООО ЖКС № 1 В.О. р-на'|'отопление'|'Гкал'|1|||8|'105/70'|'да'|||||||||332.1722||214.89||318.961||251.234||18.21||1.1298||0.66||0.46||||143.9||175.35||262.3||1719.267|||'зависимая'|1|
39|'02_001564'|'ОАО ТЕПЛОСЕТЬ ТГК-1'|'ИТП'|'открытая'|'ООО ЖКС № 1 В.О. р-на'|'отопление'|'Гкал'||||8|'105/70'|'нет'||||||||||||||||||||||||||||||||||||'зависимая'||
40|'02_000141'|'ОАО ТЕПЛОСЕТЬ ТГК-1'|'ИТП'|'открытая'|'ООО ЖКС № 1 В.О. р-на'|'отопление'|'Гкал'|2|||8|'105/70'|'да'|||||||||172.99891||172.99891||319.93||172.3||42.12||34.044||59.269||28||||218.23||201.88||245.92||1667.69082|||'зависимая'|2|
41|'02_000176'|'ОАО ТЕПЛОСЕТЬ ТГК-1'|'ИТП'|'открытая'|'ООО ЖКС № 1 В.О. р-на'|'отопление'|'Гкал'|1|||8|'105/70'|'нет'|||||||||121.46||62.92||104.61||55.615||11.54||0||0||0||||73.92||99.61||78.306||607.981|||'зависимая'|1|
42|'02_000177'|'ОАО ТЕПЛОСЕТЬ ТГК-1'|'ИТП'|'открытая'|'ООО ЖКС № 1 В.О. р-на'|'отопление'|'Гкал'|1|||8|'105/70'|'нет'|||||||||214.484||167.701||210.401||156.813||20.97||11.8308||7.05||6.75||||109.61||129.08||160.36||1195.0498|||'зависимая'|1|
43|'02_000178'|'ОАО ТЕПЛОСЕТЬ ТГК-1'|'ИТП'|'открытая'|'ООО ЖКС № 1 В.О. р-на'|'отопление'|'Гкал'|1|||8|'105/70'|'нет'|||||||||98.35||60.39||81.7896774194||55.6||8.75||0||0||0||||66.06||54.71||67||492.6496774194|||'зависимая'|1|
44|'02_000179'|'ОАО ТЕПЛОСЕТЬ ТГК-1'|'ИТП'|'открытая'|'ООО ЖКС № 1 В.О. р-на'|'отопление'|'Гкал'|1|||8|'105/70'|'нет'|||||||||126.28||79.52||110.4799400922||55.56||9.58||0||0||0||||54.77||51.14||66.05||553.3799400922|||'зависимая'|1|
45|'02_000180'|'ОАО ТЕПЛОСЕТЬ ТГК-1'|'ИТП'|'открытая'|'ООО ЖКС № 1 В.О. р-на'|'отопление'|'Гкал'|1|||8|'105/70'|'да'|||||||||131.1358||133.998||157.09||87.019||37.78||22.4718||12.011||12.35||||109.29||94.25||118.7||916.0956|||'зависимая'|1|
46|'02_000194'|'ОАО ТЕПЛОСЕТЬ ТГК-1'|'ИТП'|'открытая'|'ООО ЖКС № 1 В.О. р-на'|'отопление'|'Гкал'|1|||8|'105/70'|'нет'|||||||||186.41||134.71||158.5900829493||27.32||33.56||0||0||0||||89.78||91.47||112.45||834.2900829493|||'зависимая'|1|
47|'02_000196'|'ОАО ТЕПЛОСЕТЬ ТГК-1'|'ИТП'|'открытая'|'ООО ЖКС № 1 В.О. р-на'|'отопление'|'Гкал'|1|||8|'105/70'|'да'|||||||||145.5748||103.0024||147.8498||69.38||26.91||10.7898||10.10724||9.63||||93.73||75.08||86.61||778.66404|||'зависимая'|1|
48|'02_000197'|'ОАО ТЕПЛОСЕТЬ ТГК-1'|'ИТП'|'открытая'|'ООО ЖКС № 1 В.О. р-на'|'отопление'|'Гкал'|1|||8|'105/70'|'да'|||||||||154.7696||110.5284||123.6524||103.78||36.63||30.5298||14.04732||13.11||||110.86||117.86||131.33||947.09752|||'зависимая'|1|
49|'02_000199'|'ОАО ТЕПЛОСЕТЬ ТГК-1'|'ИТП'|'открытая'|'ООО ЖКС № 1 В.О. р-на'|'отопление'|'Гкал'|1|||8|'105/70'|'да'|||||||||84.6714||96.39||86.07||68.73||26.02||22.7202||14.97||15.82||||72.91||68.26||79.12||635.6816|||'зависимая'|1|
50|'02_000200'|'ОАО ТЕПЛОСЕТЬ ТГК-1'|'ИТП'|'открытая'|'ООО ЖКС № 1 В.О. р-на'|'отопление'|'Гкал'|1|||8|'105/70'|'нет'|||||||||282.39||||||||||0||0||0||||88.94||74.47||93.76||539.56|||'зависимая'|1|
51|'02_001287'|'ОАО ТЕПЛОСЕТЬ ТГК-1'|'ИТП'|'открытая'|'ООО ЖКС № 1 В.О. р-на'|'отопление'|'Гкал'|1|||8|'105/70'|'нет'|||||||||282.39||195.22||240.29||197.51||13.67||0||0||0||||162.51||172.45||206.107||1470.147|||'зависимая'|1|
52|'02_000201'|'ОАО ТЕПЛОСЕТЬ ТГК-1'|'ИТП'|'открытая'|'ООО ЖКС № 1 В.О. р-на'|'отопление'|'Гкал'|1|||8|'105/70'|'да'|||||||||||||||||||13.9998||20.8932||10.05||||59.91||50.39||68.465||223.708|||'зависимая'|1|
53|'02_000900'|'ОАО ТЕПЛОСЕТЬ ТГК-1'|'ИТП'|'открытая'|'ООО ЖКС № 1 В.О. р-на'|'отопление'|'Гкал'||||8|'105/70'|'нет'|||||||||143.57||97.7||134.88||79.9||3.07||0||0||0||||60.9||75.14||93||688.16|||'зависимая'||
54|'02_000901'|'ОАО ТЕПЛОСЕТЬ ТГК-1'|'ИТП'|'открытая'|'ООО ЖКС № 1 В.О. р-на'|'отопление'|'Гкал'|1|||8|'105/70'|'нет'|||||||||143.57||97.7||134.88||77.82||3.14||0||0||0||||123.4||77.14||95.24||752.89|||'зависимая'|1|
55|'02_000902'|'ОАО ТЕПЛОСЕТЬ ТГК-1'|'ИТП'|'открытая'|'ООО ЖКС № 1 В.О. р-на'|'отопление'|'Гкал'||||8|'105/70'|'да'|||||||||||||||||||0||0||0|||||||||||||'зависимая'||
56|'02_000903'|'ОАО ТЕПЛОСЕТЬ ТГК-1'|'ИТП'|'открытая'|'ООО ЖКС № 1 В.О. р-на'|'отопление'|'Гкал'|1|||8|'105/70'|'да'|||||||||99.315||89.6506||118.9602||73.07||17.98||15.33||9.8||7.69||||70.2||82.13||89.08||673.2058|||'зависимая'|1|
57|'02_000905'|'ОАО ТЕПЛОСЕТЬ ТГК-1'|'ИТП'|'открытая'|'ООО ЖКС № 1 В.О. р-на'|'отопление'|'Гкал'|1|||8|'105/70'|'да'|||||||||99.8944||73.2016||95.293||298.36||24.63||15.8598||7.34||9.33||||80.7||81||106.127||891.7358|||'зависимая'|1|
58|'02_000907'|'ОАО ТЕПЛОСЕТЬ ТГК-1'|'ИТП'|'открытая'|'ООО ЖКС № 1 В.О. р-на'|'отопление'|'Гкал'||||8|'105/70'|'нет'|||||||||107.14||94.78||107.14||77.78||3.58||0||0||0||||70.95||81.58||89.12||632.07|||'зависимая'||
59|'02_000908'|'ОАО ТЕПЛОСЕТЬ ТГК-1'|'ИТП'|'открытая'|'ООО ЖКС № 1 В.О. р-на'|'отопление'|'Гкал'|1|||8|'105/70'|'да'|||||||||103.2178||108.62||96.8098||84.58||20.37||12.2802||12.18||13.509||||85.14||81.58||95.03||713.3168|||'зависимая'|1|
60|'02_000909'|'ОАО ТЕПЛОСЕТЬ ТГК-1'|'ИТП'|'открытая'|'ООО ЖКС № 1 В.О. р-на'|'отопление'|'Гкал'|1|||8|'105/70'|'да'|||||||||216.82||145.59||173.46||131.32||31.94||12.5898||21.454||17.9||||141.18||115.74||147.28||1155.2738|||'зависимая'|1|
61|'02_000904'|'ОАО ТЕПЛОСЕТЬ ТГК-1'|'ИТП'|'открытая'|'ООО ЖКС № 1 В.О. р-на'|'отопление'|'Гкал'|1|||8|'105/70'|'нет'|||||||||120.02||81.27||105.413||57.405||12.16||0||0||0||||82.4||63.77||66||588.438|||'зависимая'|1|
62|'02_000906'|'ОАО ТЕПЛОСЕТЬ ТГК-1'|'ИТП'|'открытая'|'ООО ЖКС № 1 В.О. р-на'|'отопление'|'Гкал'|1|||8|'105/70'|'нет'|||||||||52.43||174.24||60.33||103.632||23.04||0||0||0||||181.71||152||169.141||916.523|||'зависимая'|1|
63||'ОАО ТЕПЛОСЕТЬ ТГК-1'|'ИТП'|'открытая'|'ООО ЖКС № 1 В.О. р-на'|'отопление'|'Гкал'||||8|'105/70'|'нет'|||||||||||||||||||0||0||0|||||||||||||'зависимая'||
64||'ОАО ТЕПЛОСЕТЬ ТГК-1'|'ИТП'|'открытая'|'ООО ЖКС № 1 В.О. р-на'|'отопление'|'Гкал'||||8|'105/70'|'нет'|||||||||||||||||||0||0||0|||||||||||||'зависимая'||
65|'02_000914'|'ОАО ТЕПЛОСЕТЬ ТГК-1'|'ИТП'|'открытая'|'ООО ЖКС № 1 В.О. р-на'|'отопление'|'Гкал'|2|||8|'105/70'|'нет'|||||||||369.55||271.81||322.85||180.47||33.43||0||0||0||||221.42||192.09||242.43||1834.05|||'зависимая'|2|
66|'02_000966'|'ОАО ТЕПЛОСЕТЬ ТГК-1'|'ИТП'|'открытая'|'ООО ЖКС № 1 В.О. р-на'|'отопление'|'Гкал'||||8|'105/70'|'да'|||||||||205.54||131.5858||172.9198||93.97||23.71||23.67||17.553||17.7||||95.96||91.87||114.82||989.2986|||'зависимая'||
67|'02_000967'|'ОАО ТЕПЛОСЕТЬ ТГК-1'|'ИТП'|'открытая'|'ООО ЖКС № 1 В.О. р-на'|'отопление'|'Гкал'||||8|'105/70'|'да'|||||||||179.458||127.1946||181.7082||106.75||23.72||38.985||23.61606||25.3848||||118.32||104.2||128.976||1058.31266|||'зависимая'||
68|'02_000968'|'ОАО ТЕПЛОСЕТЬ ТГК-1'|'ИТП'|'открытая'|'ООО ЖКС № 1 В.О. р-на'|'отопление'|'Гкал'|1|||8|'105/70'|'нет'|||||||||78.79||70.66||79.0242049336||57.55||0||0||0||0||||77||36.81||66.81||466.6442049336|||'зависимая'|1|
69|'02_000969'|'ОАО ТЕПЛОСЕТЬ ТГК-1'|'ИТП'|'открытая'|'ООО ЖКС № 1 В.О. р-на'|'отопление'|'Гкал'|1|||8|'105/70'|'да'|||||||||183.202||130.7268||185.5302||119.69||24.33||44.2896||27.11298||29.0796||||132.54||115.62||144.567||1136.68818|||'зависимая'|1|
70|'02_000972'|'ОАО ТЕПЛОСЕТЬ ТГК-1'|'ИТП'|'открытая'|'ООО ЖКС № 1 В.О. р-на'|'отопление'|'Гкал'||||8|'105/70'|'да'|||||||||150.448||104.9522||152.3416||107.1||19.57||25.464||15.5097||16.6542||||104.7||90.25||114.804||901.7937|||'зависимая'||
71|'02_000973'|'ОАО ТЕПЛОСЕТЬ ТГК-1'|'ИТП'|'открытая'|'ООО ЖКС № 1 В.О. р-на'|'отопление'|'Гкал'||||8|'105/70'|'нет'|||||||||||||||||||0||0||0|||||||||||||'зависимая'||
72|'02_000974'|'ОАО ТЕПЛОСЕТЬ ТГК-1'|'ИТП'|'открытая'|'ООО ЖКС № 1 В.О. р-на'|'отопление'|'Гкал'||||8|'105/70'|'да'|||||||||237.3296||163.9126||167.35||92.85||45.45||36.3102||23.157||28||||223.87||81.51||140.62||1240.3594|||'зависимая'||
73|'02_000975'|'ОАО ТЕПЛОСЕТЬ ТГК-1'|'ИТП'|'открытая'|'ООО ЖКС № 1 В.О. р-на'|'отопление'|'Гкал'|1|||8|'105/70'|'да'|||||||||239.63||184.4714||239.57||114.52||33.55||25.56||24.18||26||||143.42||129.2||120.01||1280.1114|||'зависимая'|1|
74|'02_000976'|'ОАО ТЕПЛОСЕТЬ ТГК-1'|'ИТП'|'открытая'|'ООО ЖКС № 1 В.О. р-на'|'отопление'|'Гкал'||||8|'105/70'|'да'|||||||||132.1098||96.9702||129.8726||90.36||28.46||18.03||10.8492||11.24||||73.27||71.57||112.559||775.2908|||'зависимая'||
75|'02_000977'|'ОАО ТЕПЛОСЕТЬ ТГК-1'|'ИТП'|'открытая'|'ООО ЖКС № 1 В.О. р-на'|'отопление'|'Гкал'||||8|'105/70'|'да'||||||||||||||||||||||||||||||||||||'зависимая'||
76|'02_000978'|'ОАО ТЕПЛОСЕТЬ ТГК-1'|'ИТП'|'открытая'|'ООО ЖКС № 1 В.О. р-на'|'отопление'|'Гкал'|1|||8|'105/70'|'да'|||||||||158.6498||116.1998||152.8374||134.25||43.35||27.7302||16.692||17.27||||109.83||107.25||142.552||1026.6112|||'зависимая'|1|
77|'02_000979'|'ОАО ТЕПЛОСЕТЬ ТГК-1'|'ИТП'|'открытая'|'ООО ЖКС № 1 В.О. р-на'|'отопление'|'Гкал'||||8|'105/70'|'да'|||||||||123.7176||92.8102||106.5||66.59||48.21||19.4202||11.4702||12.3||||110.36||94.64||120.609||806.6272|||'зависимая'||
78|'02_000980'|'ОАО ТЕПЛОСЕТЬ ТГК-1'|'ИТП'|'открытая'|'ООО ЖКС № 1 В.О. р-на'|'отопление'|'Гкал'|1|||8|'105/70'|'да'|||||||||168.2676||124.3808||140.5||96.49||58.31||19.4202||11.4702||12.3||||146.94||73.76||162.904||1014.7428|||'зависимая'|1|
79|'02_001016'|'ОАО ТЕПЛОСЕТЬ ТГК-1'|'ИТП'|'открытая'|'ООО ЖКС № 1 В.О. р-на'|'отопление'|'Гкал'|1|||8|'105/70'|'нет'|||||||||99.58||148.56||99.58||99.58||33.19||0||0||0||||||99.58||120.21||700.28|||'зависимая'|1|
80|'02_001017'|'ОАО ТЕПЛОСЕТЬ ТГК-1'|'ИТП'|'открытая'|'ООО ЖКС № 1 В.О. р-на'|'отопление'|'Гкал'||||8|'105/70'|'нет'|||||||||||||||||||0||0||0|||||||||||||'зависимая'||
81||'ОАО ТЕПЛОСЕТЬ ТГК-1'|'ИТП'|'открытая'|'ООО ЖКС № 1 В.О. р-на'|'отопление'|'Гкал'||||8|'105/70'|'нет'|||||||||||||||||||0||0||0|||||||||||||'зависимая'||
82|'02_001010'|'ОАО ТЕПЛОСЕТЬ ТГК-1'|'ИТП'|'открытая'|'ООО ЖКС № 1 В.О. р-на'|'отопление'|'Гкал'|1|||8|'105/70'|'да'|||||||||106.5738||99.46||119.579||93.18||22.65||15.6438||15.78||19.076||||81.69||82.63||96.48||752.7426|||'зависимая'|1|
83|'02_001011'|'ОАО ТЕПЛОСЕТЬ ТГК-1'|'ИТП'|'открытая'|'ООО ЖКС № 1 В.О. р-на'|'отопление'|'Гкал'|1|||8|'105/70'|'нет'|||||||||128.35||86.59||119.1582952854||74.67||1.45||0||0||0||||76.15||70.22||87.08||643.6682952854|||'зависимая'|1|
84|'02_001265'|'ОАО ТЕПЛОСЕТЬ ТГК-1'|'ИТП'|'открытая'|'ООО ЖКС № 1 В.О. р-на'|'отопление'|'Гкал'|1|||8|'105/70'|'да'|||||||||224.8718||166.5998||205.8962||167.28||48.47||38.4162||22.569||20.42||||142.71||146.7||184.067||1368|||'зависимая'|1|
85|'02_001012'|'ОАО ТЕПЛОСЕТЬ ТГК-1'|'ИТП'|'открытая'|'ООО ЖКС № 1 В.О. р-на'|'отопление'|'Гкал'|1|||8|'105/70'|'да'|||||||||70.4282||70.4246||26.21||49.19||8.66||12.21||8.82||8.96||||62.98||69||86.43||473.3128|||'зависимая'|1|
86|'02_001013'|'ОАО ТЕПЛОСЕТЬ ТГК-1'|'ИТП'|'открытая'|'ООО ЖКС № 1 В.О. р-на'|'отопление'|'Гкал'||||8|'105/70'|'нет'|||||||||67.18||40.18||63.613||41.07||7.94||0||0||0||||||35.49||44.25||299.723|||'зависимая'||
87|'02_001014'|'ОАО ТЕПЛОСЕТЬ ТГК-1'|'ИТП'|'открытая'|'ООО ЖКС № 1 В.О. р-на'|'отопление'|'Гкал'|1|||8|'105/70'|'нет'|||||||||194.83||130.71||119.1357068912||102.21||23.9||0||0||0||||114.8||105.06||134||924.6457068912|||'зависимая'|1|
88|'02_001065'|'ОАО ТЕПЛОСЕТЬ ТГК-1'|'ИТП'|'открытая'|'ООО ЖКС № 1 В.О. р-на'|'отопление'|'Гкал'|2|||8|'105/70'|'нет'|||||||||||||||107.87||21.3||0||0||0||||207.67||105||132.75||574.59|||'зависимая'|2|
89|'02_001066'|'ОАО ТЕПЛОСЕТЬ ТГК-1'|'ИТП'|'открытая'|'ООО ЖКС № 1 В.О. р-на'|'отопление'|'Гкал'|1|||8|'105/70'|'нет'|||||||||166.03||119.12||159.01||86.74||1.15||0||0||0||||100.19||85.32||110||827.56|||'зависимая'|1|
90|'02_001068'|'ОАО ТЕПЛОСЕТЬ ТГК-1'|'ИТП'|'открытая'|'ООО ЖКС № 1 В.О. р-на'|'отопление'|'Гкал'||||8|'105/70'|'да'|||||||||||||||||||0||0||0|||||||||||||'зависимая'||
91|'02_001067'|'ОАО ТЕПЛОСЕТЬ ТГК-1'|'ИТП'|'открытая'|'ООО ЖКС № 1 В.О. р-на'|'отопление'|'Гкал'|1|||8|'105/70'|'нет'|||||||||143.56||88.57||125.75||68.67||2.68||0||0||0||||101.97||68.38||88||687.58|||'зависимая'|1|
92||'ОАО ТЕПЛОСЕТЬ ТГК-1'|'ИТП'|'открытая'|'ООО ЖКС № 1 В.О. р-на'|'отопление'|'Гкал'||||8|'105/70'|'нет'|||||||||||||||||||||0||0|||||||||||||'зависимая'||
93||'ОАО ТЕПЛОСЕТЬ ТГК-1'|'ИТП'|'открытая'|'ООО ЖКС № 1 В.О. р-на'|'отопление'|'Гкал'||||8|'105/70'|'да'|||||||||91.6828||66.7014||93.6002||44.91||24.03||12.3198||11.55114||11.0502||||67.22||55.03||68.16||546.25554|||'зависимая'||
94|'02_001193'|'ОАО ТЕПЛОСЕТЬ ТГК-1'|'ИТП'|'открытая'|'ООО ЖКС № 1 В.О. р-на'|'отопление'|'Гкал'|1|||8|'105/70'|'нет'|||||||||116.5||95.46||94.4319944774||53.35||3.37||0||0||0||||73.19||57.41||73.64||567.3519944774|||'зависимая'|1|
95|'02_001194'|'ОАО ТЕПЛОСЕТЬ ТГК-1'|'ИТП'|'открытая'|'ООО ЖКС № 1 В.О. р-на'|'отопление'|'Гкал'||||8|'105/70'|'да'|||||||||51.4124||37.1662||52.4202||20.39||11.61||6.1602||5.7756||5.5302||||31.23||25.67||33.046||280.4108|||'зависимая'||
96|'02_001196'|'ОАО ТЕПЛОСЕТЬ ТГК-1'|'ИТП'|'открытая'|'ООО ЖКС № 1 В.О. р-на'|'отопление'|'Гкал'|1|||8|'105/70'|'нет'|||||||||252.29||151.13||226.7551290323||170.16||15.54||0||0||0||||128.07||118.74||146.29||1208.9751290323|||'зависимая'|1|
97|'02_001198'|'ОАО ТЕПЛОСЕТЬ ТГК-1'|'ИТП'|'открытая'|'ООО ЖКС № 1 В.О. р-на'|'отопление'|'Гкал'|1|||8|'105/70'|'да'|||||||||76.4582||76.4582||76.4582||78.43||23.75||10.4808||14.034||17.073||||73.9||65.28||90.21||602.5324|||'зависимая'|1|
98||'ОАО ТЕПЛОСЕТЬ ТГК-1'|'ИТП'|'открытая'|'ООО ЖКС № 1 В.О. р-на'|'отопление'|'Гкал'||||8|'105/70'|'нет'||||||||||||||||||||||||||||||||||||'зависимая'||
99|'02_001200'|'ОАО ТЕПЛОСЕТЬ ТГК-1'|'ИТП'|'открытая'|'ООО ЖКС № 1 В.О. р-на'|'отопление'|'Гкал'|1|||8|'105/70'|'нет'|||||||||103.385||64.62||88.1877050691||46.03||4.23||0||0||0||||65.96||54.16||67.32||493.8927050691|||'зависимая'|1|
100|'02_001223'|'ОАО ТЕПЛОСЕТЬ ТГК-1'|'ИТП'|'открытая'|'ООО ЖКС № 1 В.О. р-на'|'отопление'|'Гкал'|1|||8|'105/70'|'да'|||||||||256.6752||165.1||217.3||163.703||65.81||28.7802||23.22||24.14||||175.7||182.55||213.359||1516.3374|||'зависимая'|1|
101|'02_000117'|'ОАО ТЕПЛОСЕТЬ ТГК-1'|'ИТП'|'открытая'|'ООО ЖКС № 1 В.О. р-на'|'отопление'|'Гкал'||||8|'105/70'|'нет'|||||||||||||||||||0||0||0|||||||||||||'зависимая'||
102|'02_000118'|'ОАО ТЕПЛОСЕТЬ ТГК-1'|'ИТП'|'открытая'|'ООО ЖКС № 1 В.О. р-на'|'отопление'|'Гкал'|1|||8|'105/70'|'нет'|||||||||152.33||98.26||140.3960645161||87.4||10.75||0||0||0||||98.67||87.56||101.84||777.2060645161|||'зависимая'|1|
103|'02_000119'|'ОАО ТЕПЛОСЕТЬ ТГК-1'|'ИТП'|'открытая'|'ООО ЖКС № 1 В.О. р-на'|'отопление'|'Гкал'|1|||8|'105/70'|'нет'|||||||||211.26||169.34||214.1989032258||94.8||9.7||0||0||0||||154.15||117.5||152.37||1123.3189032258|||'зависимая'|1|
104|'02_000146'|'ОАО ТЕПЛОСЕТЬ ТГК-1'|'ИТП'|'открытая'|'ООО ЖКС № 1 В.О. р-на'|'отопление'|'Гкал'||||8|'105/70'|'да'|||||||||||||||||||12.7098||9.9492||9.14||||51.05||43.26||58.214||184.323|||'зависимая'||
105|'02_001015'|'ОАО ТЕПЛОСЕТЬ ТГК-1'|'ИТП'|'открытая'|'ООО ЖКС № 1 В.О. р-на'|'отопление'|'Гкал'|1|||8|'105/70'|'нет'|||||||||||||||||||0||0||0|||||||||||||'зависимая'|1|
106|'02_001197'|'ОАО ТЕПЛОСЕТЬ ТГК-1'|'ИТП'|'открытая'|'ООО ЖКС № 1 В.О. р-на'|'отопление'|'Гкал'|1|||8|'105/70'|'нет'|||||||||178.51||113.42||162.77||92.16||6.16||0||0||0||||90.8||80.81||126.98||851.61|||'зависимая'|1|
107|'02_000195'|'ОАО ТЕПЛОСЕТЬ ТГК-1'|'ИТП'|'открытая'|'ООО ЖКС № 1 В.О. р-на'|'отопление'|'Гкал'||||8|'105/70'|'нет'|||||||||||||||||||0||0||0|||||||||||||'зависимая'||
108||'ОАО ТЕПЛОСЕТЬ ТГК-1'|'ИТП'|'открытая'|'ООО ЖКС № 1 В.О. р-на'|'отопление'|'Гкал'||||8|'105/70'|'да'|||||||||||||||||||0||0||0|||||||||||||'зависимая'||
109|'02_000041'|'ОАО ТЕПЛОСЕТЬ ТГК-1'|'ИТП'|'открытая'|'ООО ЖКС № 1 В.О. р-на'|'отопление'|'Гкал'|1|||8|'105/70'|'нет'|||||||||81.47||60.46||85.826||48.291||9.54||0||0||0||||61.31||53||65.201||465.098|||'зависимая'|1|
110|'02_000044'|'ОАО ТЕПЛОСЕТЬ ТГК-1'|'ИТП'|'открытая'|'ООО ЖКС № 1 В.О. р-на'|'отопление'|'Гкал'|1|||8|'105/70'|'нет'|||||||||159.12||117.04||164.875||95.247||21.16||0||0||0||||127.52||95.06||125.89||905.912|||'зависимая'|1|
111|'02_000045'|'ОАО ТЕПЛОСЕТЬ ТГК-1'|'ИТП'|'открытая'|'ООО ЖКС № 1 В.О. р-на'|'отопление'|'Гкал'|1|||8|'105/70'|'нет'|||||||||140.08||104.31||146.531||86.463||17.93||0||0||0||||98.18||91.2||101.77||786.464|||'зависимая'|1|
112|'02_000046'|'ОАО ТЕПЛОСЕТЬ ТГК-1'|'ИТП'|'открытая'|'ООО ЖКС № 1 В.О. р-на'|'отопление'|'Гкал'|1|||8|'105/70'|'нет'|||||||||150.01||109.38||155.586||90.985||18.79||0||0||0||||113.63||96.43||117.63||852.441|||'зависимая'|1|
113|'02_000047'|'ОАО ТЕПЛОСЕТЬ ТГК-1'|'ИТП'|'открытая'|'ООО ЖКС № 1 В.О. р-на'|'отопление'|'Гкал'|1|||8|'105/70'|'нет'|||||||||145.62||107.99||147.85||93.27||19.68||0||0||0||||159.8||92.48||113.24||879.93|||'зависимая'|1|
114|'02_000049'|'ОАО ТЕПЛОСЕТЬ ТГК-1'|'ИТП'|'открытая'|'ООО ЖКС № 1 В.О. р-на'|'отопление'|'Гкал'|1|||8|'105/70'|'нет'|||||||||142.46||104.99||142.73||81.2||16.67||0||0||0||||92.81||82.58||73.83||737.27|||'зависимая'|1|
115|'02_001143'|'ОАО ТЕПЛОСЕТЬ ТГК-1'|'ИТП'|'открытая'|'ООО ЖКС № 1 В.О. р-на'|'отопление'|'Гкал'|1|||8|'105/70'|'нет'|||||||||82.79||133.88||82.7855||53.184||13.74||0||0||0||||87.13||74.52||94.85||622.8795|||'зависимая'|1|
116|'02_000051'|'ОАО ТЕПЛОСЕТЬ ТГК-1'|'ИТП'|'открытая'|'ООО ЖКС № 1 В.О. р-на'|'отопление'|'Гкал'||||8|'105/70'|'нет'|||||||||54.04||39.83||54.14||37.99||7.8||0||0||0||||43.43||38.65||73.83||349.71|||'зависимая'||
117|'02_000052'|'ОАО ТЕПЛОСЕТЬ ТГК-1'|'ИТП'|'открытая'|'ООО ЖКС № 1 В.О. р-на'|'отопление'|'Гкал'|1|||8|'105/70'|'нет'|||||||||87.89||66.16||92.222||56.669||11.63||0||0||0||||65.5||58.53||69.18||507.781|||'зависимая'|1|
118|'02_000038'|'ОАО ТЕПЛОСЕТЬ ТГК-1'|'ИТП'|'открытая'|'ООО ЖКС № 1 В.О. р-на'|'отопление'|'Гкал'||||8|'105/70'|'да'|||||||||||||||||||0||0||0|||||||||||||'зависимая'||
119|'02_000040'|'ОАО ТЕПЛОСЕТЬ ТГК-1'|'ИТП'|'открытая'|'ООО ЖКС № 1 В.О. р-на'|'отопление'|'Гкал'|1|||8|'105/70'|'нет'|||||||||109.066||90.47||113.8917890819||76.48||12.34||0||0||0||||71.34||64.32||81.06||618.9677890819|||'зависимая'|1|
120|'02_000144'|'ОАО ТЕПЛОСЕТЬ ТГК-1'|'ИТП'|'открытая'|'ООО ЖКС № 1 В.О. р-на'|'отопление'|'Гкал'|1|||8|'105/70'|'нет'|||||||||195.53||140.83||183.16||123.53||21.75||0||0||0||||123.97||104.37||148.72||1041.86|||'зависимая'|1|
121|'02_000145'|'ОАО ТЕПЛОСЕТЬ ТГК-1'|'ИТП'|'открытая'|'ООО ЖКС № 1 В.О. р-на'|'отопление'|'Гкал'||||8|'105/70'|'да'|||||||||49.44||38.53||47.11||14.56||13.24||11.973||10.68||7.806||||31.42||16.86||20.56||262.179|||'зависимая'||
122|'02_000148'|'ОАО ТЕПЛОСЕТЬ ТГК-1'|'ИТП'|'открытая'|'ООО ЖКС № 1 В.О. р-на'|'отопление'|'Гкал'||||8|'105/70'|'да'|||||||||||||||||||0||0||0|||||||||||||'зависимая'||
123|'02_000149'|'ОАО ТЕПЛОСЕТЬ ТГК-1'|'ИТП'|'открытая'|'ООО ЖКС № 1 В.О. р-на'|'отопление'|'Гкал'||||8|'105/70'|'да'|||||||||||||||||||0||0||0|||||||||||||'зависимая'||
124|'02_000151'|'ОАО ТЕПЛОСЕТЬ ТГК-1'|'ИТП'|'открытая'|'ООО ЖКС № 1 В.О. р-на'|'отопление'|'Гкал'||||8|'105/70'|'да'|||||||||||||||||||0||0||0|||||||||||||'зависимая'||
125|'02_000153'|'ОАО ТЕПЛОСЕТЬ ТГК-1'|'ИТП'|'открытая'|'ООО ЖКС № 1 В.О. р-на'|'отопление'|'Гкал'||||8|'105/70'|'да'|||||||||||||||||||0||0||0|||||||||||||'зависимая'||
126|'02_000154'|'ОАО ТЕПЛОСЕТЬ ТГК-1'|'ИТП'|'открытая'|'ООО ЖКС № 1 В.О. р-на'|'отопление'|'Гкал'|1|||8|'105/70'|'нет'|||||||||302.41||209.87||280.5||122.76||9.88||0||0||0||||169.1||150.81||195.79||1441.12|||'зависимая'|1|
127|'02_000155'|'ОАО ТЕПЛОСЕТЬ ТГК-1'|'ИТП'|'открытая'|'ООО ЖКС № 1 В.О. р-на'|'отопление'|'Гкал'|1|||8|'105/70'|'нет'|||||||||121.03||121.03||156.73||128.08||27.79||0||0||0||||152.96||138.5||167.52||1013.64|||'зависимая'|1|
128|'02_000156'|'ОАО ТЕПЛОСЕТЬ ТГК-1'|'ИТП'|'открытая'|'ООО ЖКС № 1 В.О. р-на'|'отопление'|'Гкал'||||8|'105/70'|'да'|||||||||19.2758||19.2758||26.526||22.18||11.3||6.6||6.2||2.174||||17.56||20.15||23.09||174.3316|||'зависимая'||
129|'02_000157'|'ОАО ТЕПЛОСЕТЬ ТГК-1'|'ИТП'|'открытая'|'ООО ЖКС № 1 В.О. р-на'|'отопление'|'Гкал'|1|||8|'105/70'|'нет'|||||||||264.36||161.41||275.564||154.735||28.37||0||0||0||||198.01||165.03||209.048||1456.527|||'зависимая'|1|
130|'02_000158'|'ОАО ТЕПЛОСЕТЬ ТГК-1'|'ИТП'|'открытая'|'ООО ЖКС № 1 В.О. р-на'|'отопление'|'Гкал'|1|||8|'105/70'|'нет'|||||||||186||134.11||193.402||110.794||23.39||0||0||0||||143.81||120||148.869||1060.375|||'зависимая'|1|
131|'02_000171'|'ОАО ТЕПЛОСЕТЬ ТГК-1'|'ИТП'|'открытая'|'ООО ЖКС № 1 В.О. р-на'|'отопление'|'Гкал'|1|||8|'105/70'|'да'|||||||||185.6524||143.3916||173.2134||134.21||42.72||34.9398||18.42||17.795||||132.71||122.48||155.368||1160.9002|||'зависимая'|1|
132|'02_000159'|'ОАО ТЕПЛОСЕТЬ ТГК-1'|'ИТП'|'открытая'|'ООО ЖКС № 1 В.О. р-на'|'отопление'|'Гкал'|1|||8|'105/70'|'нет'|||||||||266.39||190.22||263.919||96.975||20.48||||||||||133.61||140.39||156.82||1268.804|||'зависимая'|1|
133|'02_000162'|'ОАО ТЕПЛОСЕТЬ ТГК-1'|'ИТП'|'открытая'|'ООО ЖКС № 1 В.О. р-на'|'отопление'|'Гкал'|1|||8|'105/70'|'да'|||||||||677.67||499.61||587.42||388.13||133.06||66.12||57.38||55.186||||||||||2464.576|||'зависимая'|1|
134|'02_000163'|'ОАО ТЕПЛОСЕТЬ ТГК-1'|'ИТП'|'открытая'|'ООО ЖКС № 1 В.О. р-на'|'отопление'|'Гкал'||||8|'105/70'|'да'|||||||||||||||||||||||||||414.59||409.25||455.1||1278.94|||'зависимая'||
135|'02_000164'|'ОАО ТЕПЛОСЕТЬ ТГК-1'|'ИТП'|'открытая'|'ООО ЖКС № 1 В.О. р-на'|'отопление'|'Гкал'||||8|'105/70'|'да'||||||||||||||||||||||||||||||||||||'зависимая'||
136|'02_000165'|'ОАО ТЕПЛОСЕТЬ ТГК-1'|'ИТП'|'открытая'|'ООО ЖКС № 1 В.О. р-на'|'отопление'|'Гкал'||||8|'105/70'|'да'||||||||||||||||||||||||||||||||||||'зависимая'||
137|'02_000166'|'ОАО ТЕПЛОСЕТЬ ТГК-1'|'ИТП'|'открытая'|'ООО ЖКС № 1 В.О. р-на'|'отопление'|'Гкал'||||8|'105/70'|'да'||||||||||||||||||||||||||||||||||||'зависимая'||
138||'ОАО ТЕПЛОСЕТЬ ТГК-1'|'ИТП'|'открытая'|'ООО ЖКС № 1 В.О. р-на'|'отопление'|'Гкал'||||8|'105/70'|'нет'||||||||||||||||||||||||||||||||||||'зависимая'||
139||'ОАО ТЕПЛОСЕТЬ ТГК-1'|'ИТП'|'открытая'|'ООО ЖКС № 1 В.О. р-на'|'отопление'|'Гкал'||||8|'105/70'|'нет'||||||||||||||||||||||||||||||||||||'зависимая'||
140||'ОАО ТЕПЛОСЕТЬ ТГК-1'|'ИТП'|'открытая'|'ООО ЖКС № 1 В.О. р-на'|'отопление'|'Гкал'||||8|'105/70'|'нет'||||||||||||||||||||||||||||||||||||'зависимая'||
141|'02_000167'|'ОАО ТЕПЛОСЕТЬ ТГК-1'|'ИТП'|'открытая'|'ООО ЖКС № 1 В.О. р-на'|'отопление'|'Гкал'|1|||8|'105/70'|'нет'|||||||||216.4||160.13||216.4||111.328||25.22||0||0||0||||142.2||123||150.387||1145.065|||'зависимая'|1|
142|'02_000168'|'ОАО ТЕПЛОСЕТЬ ТГК-1'|'ИТП'|'открытая'|'ООО ЖКС № 1 В.О. р-на'|'отопление'|'Гкал'|1|||8|'105/70'|'да'|||||||||315.9474||253.1934||324.12||209.79||98.91||63.57||38.34||36.49||||219.22||218.73||252.68||2030.9908|||'зависимая'|1|
143|'02_000172'|'ОАО ТЕПЛОСЕТЬ ТГК-1'|'ИТП'|'открытая'|'ООО ЖКС № 1 В.О. р-на'|'отопление'|'Гкал'|1|||8|'105/70'|'да'|||||||||166.247||87.23||164.24||118.592||52.92||30.7218||21.62||21.6||||114.83||110.63||127.479||1016.1098|||'зависимая'|1|
144|'02_000205'|'ОАО ТЕПЛОСЕТЬ ТГК-1'|'ИТП'|'открытая'|'ООО ЖКС № 1 В.О. р-на'|'отопление'|'Гкал'|2|||8|'105/70'|'нет'|||||||||273.54||306.36||273.54||272.9||28.21||0||0||0||||150.66||253.5||321.77||1880.48|||'зависимая'|2|
145|'02_000206'|'ОАО ТЕПЛОСЕТЬ ТГК-1'|'ИТП'|'открытая'|'ООО ЖКС № 1 В.О. р-на'|'отопление'|'Гкал'||||8|'105/70'|'да'|||||||||31.681||22.898||32.3098||19.66||6.91||3.42||3.14424||4.42||||22.58||20.48||26.154||193.65704|||'зависимая'||
146|'02_000207'|'ОАО ТЕПЛОСЕТЬ ТГК-1'|'ИТП'|'открытая'|'ООО ЖКС № 1 В.О. р-на'|'отопление'|'Гкал'|1|||8|'105/70'|'нет'|||||||||236.72||149.51||219.9632857143||163.13||55.42||0||0||0||||145.19||134.76||171.8||1276.4932857143|||'зависимая'|1|
147||'ОАО ТЕПЛОСЕТЬ ТГК-1'|'ИТП'|'открытая'|'ООО ЖКС № 1 В.О. р-на'|'отопление'|'Гкал'||||8|'105/70'|'нет'|||||||||||||||||||0||0||0||||88.8||68.45||93.505||250.755|||'зависимая'||
148|'02_000862'|'ОАО ТЕПЛОСЕТЬ ТГК-1'|'ИТП'|'открытая'|'ООО ЖКС № 1 В.О. р-на'|'отопление'|'Гкал'|1|||8|'105/70'|'нет'|||||||||122.79||89.28||126.101||57.105||1.46||0||0||0||||139||138.06||158.5||832.296|||'зависимая'|1|
149|'02_000864'|'ОАО ТЕПЛОСЕТЬ ТГК-1'|'ИТП'|'открытая'|'ООО ЖКС № 1 В.О. р-на'|'отопление'|'Гкал'|1|||8|'105/70'|'нет'|||||||||214.29||156.33||220.615||130.112||7.29||0||0||0||||61.33||52.18||64.23||906.377|||'зависимая'|1|
150|'02_000865'|'ОАО ТЕПЛОСЕТЬ ТГК-1'|'ИТП'|'открытая'|'ООО ЖКС № 1 В.О. р-на'|'отопление'|'Гкал'|1|||8|'105/70'|'нет'|||||||||80.55||59.41||84.928||48.586||10.68||0||0||0||||||||||284.154|||'зависимая'|1|
151|'02_000866'|'ОАО ТЕПЛОСЕТЬ ТГК-1'|'ИТП'|'открытая'|'ООО ЖКС № 1 В.О. р-на'|'отопление'|'Гкал'||||8|'105/70'|'нет'|||||||||158.02||117.17||149.8||89.36||23.91||0||0||0||||110.84||113.2||130.57||892.87|||'зависимая'||
152|'02_000867'|'ОАО ТЕПЛОСЕТЬ ТГК-1'|'ИТП'|'открытая'|'ООО ЖКС № 1 В.О. р-на'|'отопление'|'Гкал'|1|||8|'105/70'|'нет'|||||||||129.25||97.65||131.181||57.836||9.46||0||0||0||||99||75||87.327||686.704|||'зависимая'|1|
153|'02_000911'|'ОАО ТЕПЛОСЕТЬ ТГК-1'|'ИТП'|'открытая'|'ООО ЖКС № 1 В.О. р-на'|'отопление'|'Гкал'|1|||8|'105/70'|'нет'|||||||||137.55||89.44||88.88||60.93||17.18||0||0||0||||76.12||65.39||83.73||619.22|||'зависимая'|1|
154|'02_000912'|'ОАО ТЕПЛОСЕТЬ ТГК-1'|'ИТП'|'открытая'|'ООО ЖКС № 1 В.О. р-на'|'отопление'|'Гкал'|1|||8|'105/70'|'нет'|||||||||162.03||122.71||156.57||91.12||25.47||0||0||0||||109.06||74.24||130.56||871.76|||'зависимая'|1|
155|'02_000913'|'ОАО ТЕПЛОСЕТЬ ТГК-1'|'ИТП'|'открытая'|'ООО ЖКС № 1 В.О. р-на'|'отопление'|'Гкал'|3|||8|'105/70'|'нет'|||||||||||||||||||0||0||0|||||||||||||'зависимая'|3|
156|'02_000915'|'ОАО ТЕПЛОСЕТЬ ТГК-1'|'ИТП'|'открытая'|'ООО ЖКС № 1 В.О. р-на'|'отопление'|'Гкал'|1|||8|'105/70'|'нет'|||||||||234.32||169.7||231.786||138.104||0.93||0||0||0||||141.01||132.12||175.99||1223.96|||'зависимая'|1|
157|'02_000916'|'ОАО ТЕПЛОСЕТЬ ТГК-1'|'ИТП'|'открытая'|'ООО ЖКС № 1 В.О. р-на'|'отопление'|'Гкал'|1|||8|'105/70'|'нет'|||||||||199.06||145.96||209.018||114.798||25.86||0||0||0||||155.5||110||150.446||1110.642|||'зависимая'|1|
158|'02_000919'|'ОАО ТЕПЛОСЕТЬ ТГК-1'|'ИТП'|'открытая'|'ООО ЖКС № 1 В.О. р-на'|'отопление'|'Гкал'|1|||8|'105/70'|'нет'|||||||||276.74||163.99||245.587||134.586||28.61||0||0||0||||163.3||130.56||161.615||1304.988|||'зависимая'|1|
159|'02_000920'|'ОАО ТЕПЛОСЕТЬ ТГК-1'|'ИТП'|'открытая'|'ООО ЖКС № 1 В.О. р-на'|'отопление'|'Гкал'|1|||8|'105/70'|'нет'|||||||||223.28||182.58||223.28||141.392||30.14||0||0||0||||149.92||102.415||131.51||1184.517|||'зависимая'|1|
160|'02_000922'|'ОАО ТЕПЛОСЕТЬ ТГК-1'|'ИТП'|'открытая'|'ООО ЖКС № 1 В.О. р-на'|'отопление'|'Гкал'|1|||8|'105/70'|'нет'|||||||||149.88||111.52||157.916||72.211||7.33||0||0||0||||95.1||103.33||99.12||796.407|||'зависимая'|1|
161|'02_000921'|'ОАО ТЕПЛОСЕТЬ ТГК-1'|'ИТП'|'открытая'|'ООО ЖКС № 1 В.О. р-на'|'отопление'|'Гкал'|1|||8|'105/70'|'нет'|||||||||182.51||133.87||189.808||60.639||36.76||0||0||0||||117.6||120||130||971.187|||'зависимая'|1|
162|'02_000923'|'ОАО ТЕПЛОСЕТЬ ТГК-1'|'ИТП'|'открытая'|'ООО ЖКС № 1 В.О. р-на'|'отопление'|'Гкал'|1|||8|'105/70'|'нет'|||||||||146.69||108.75||153.841||56.595||25.86||0||0||0||||107.9||97.31||104||800.946|||'зависимая'|1|
163|'02_000924'|'ОАО ТЕПЛОСЕТЬ ТГК-1'|'ИТП'|'открытая'|'ООО ЖКС № 1 В.О. р-на'|'отопление'|'Гкал'|1|||8|'105/70'|'нет'|||||||||117.28||82.45||82.45||82.45||27.48||0||0||0||||59.01||84.16||85.355||620.635|||'зависимая'|1|
164|'02_000947'|'ОАО ТЕПЛОСЕТЬ ТГК-1'|'ИТП'|'открытая'|'ООО ЖКС № 1 В.О. р-на'|'отопление'|'Гкал'|1|||8|'105/70'|'нет'|||||||||251.73||186.9||262.925||148.317||31.54||0||0||0||||167.6||172.2||195.013||1416.225|||'зависимая'|1|
165|'02_000948'|'ОАО ТЕПЛОСЕТЬ ТГК-1'|'ИТП'|'открытая'|'ООО ЖКС № 1 В.О. р-на'|'отопление'|'Гкал'|1|||8|'105/70'|'нет'|||||||||92.69||68.17||92.69||58.715||11.59||0||0||0||||55.5||51||61.81||492.165|||'зависимая'|1|
166||'ОАО ТЕПЛОСЕТЬ ТГК-1'|'ИТП'|'открытая'|'ООО ЖКС № 1 В.О. р-на'|'отопление'|'Гкал'|1|||8|'105/70'|'нет'|||||||||||||||||||0||0||0|||||||||||||'зависимая'|1|
167|'02_000949'|'ОАО ТЕПЛОСЕТЬ ТГК-1'|'ИТП'|'открытая'|'ООО ЖКС № 1 В.О. р-на'|'отопление'|'Гкал'|1|||8|'105/70'|'нет'|||||||||173.09||128.34||160.234||105.215||20.48||0||0||0||||114.8||99.26||106.413||907.832|||'зависимая'|1|
168|'02_000951'|'ОАО ТЕПЛОСЕТЬ ТГК-1'|'ИТП'|'открытая'|'ООО ЖКС № 1 В.О. р-на'|'отопление'|'Гкал'|1|||8|'105/70'|'нет'|||||||||111.35||81.67||114.881||61.174||13.27||0||0||0||||77.9||70||78.993||609.238|||'зависимая'|1|
169|'02_000952'|'ОАО ТЕПЛОСЕТЬ ТГК-1'|'ИТП'|'открытая'|'ООО ЖКС № 1 В.О. р-на'|'отопление'|'Гкал'|2|||8|'105/70'|'нет'|||||||||279.18||208.42||292.738||140.15||30.26||0||0||0||||113.41||102.95||196.2||1363.308|||'зависимая'|2|
170|'02_000953'|'ОАО ТЕПЛОСЕТЬ ТГК-1'|'ИТП'|'открытая'|'ООО ЖКС № 1 В.О. р-на'|'отопление'|'Гкал'||||8|'105/70'|'нет'|||||||||||||||||||0||0||0|||||||||||||'зависимая'||
171|'02_000981'|'ОАО ТЕПЛОСЕТЬ ТГК-1'|'ИТП'|'открытая'|'ООО ЖКС № 1 В.О. р-на'|'отопление'|'Гкал'|1|||8|'105/70'|'да'|||||||||160.2322||120.2766||164.1634||132.9||40.01||22.9602||19.29||13.35||||124.7||122.79||140.449||1061.1214|||'зависимая'|1|
172|'02_000984'|'ОАО ТЕПЛОСЕТЬ ТГК-1'|'ИТП'|'открытая'|'ООО ЖКС № 1 В.О. р-на'|'отопление'|'Гкал'|1|||8|'105/70'|'да'|||||||||||||||||||0||0||0|||||||||||||'зависимая'|1|
173|'02_000985'|'ОАО ТЕПЛОСЕТЬ ТГК-1'|'ИТП'|'открытая'|'ООО ЖКС № 1 В.О. р-на'|'отопление'|'Гкал'||||8|'105/70'|'да'|||||||||||||||||||0||0||0|||||||||||||'зависимая'||
174|'02_000986'|'ОАО ТЕПЛОСЕТЬ ТГК-1'|'ИТП'|'открытая'|'ООО ЖКС № 1 В.О. р-на'|'отопление'|'Гкал'||||8|'105/70'|'да'|||||||||||||||63||16.35||18.861||10.404||17.924||||64.08||70.35||72.26||333.229|||'зависимая'||
175|'02_000987'|'ОАО ТЕПЛОСЕТЬ ТГК-1'|'ИТП'|'открытая'|'ООО ЖКС № 1 В.О. р-на'|'отопление'|'Гкал'|1|||8|'105/70'|'нет'|||||||||||||||59.97||4.58||0||0||0||||63.21||41.82||65.47||235.05|||'зависимая'|1|
176|'02_001202'|'ОАО ТЕПЛОСЕТЬ ТГК-1'|'ИТП'|'открытая'|'ООО ЖКС № 1 В.О. р-на'|'отопление'|'Гкал'||||8|'105/70'|'нет'|||||||||||||||||||0||0||0|||||||||||||'зависимая'||
177||'ОАО ТЕПЛОСЕТЬ ТГК-1'|'ИТП'|'открытая'|'ООО ЖКС № 1 В.О. р-на'|'отопление'|'Гкал'||||8|'105/70'|'нет'|||||||||||||||||||0||0||0|||||||||||||'зависимая'||
178|'02_001203'|'ОАО ТЕПЛОСЕТЬ ТГК-1'|'ИТП'|'открытая'|'ООО ЖКС № 1 В.О. р-на'|'отопление'|'Гкал'|1|||8|'105/70'|'нет'|||||||||107.13||82.4||106.7537788018||60.94||3.95||0||0||0||||||||||361.1737788018|||'зависимая'|1|
179|'02_001204'|'ОАО ТЕПЛОСЕТЬ ТГК-1'|'ИТП'|'открытая'|'ООО ЖКС № 1 В.О. р-на'|'отопление'|'Гкал'|1|||8|'105/70'|'да'|||||||||273.1996||165.4||219.06||151.68||37.15||29.964||19.923||26.172||||160.03||139.96||184.95||1407.4886|||'зависимая'|1|
180|'02_001205'|'ОАО ТЕПЛОСЕТЬ ТГК-1'|'ИТП'|'открытая'|'ООО ЖКС № 1 В.О. р-на'|'отопление'|'Гкал'|1|||8|'105/70'|'нет'|||||||||146.1||110.58||146.1||94.75||7.23||0||0||0||||107.85||91.28||119.22||823.11|||'зависимая'|1|
181|'02_001207'|'ОАО ТЕПЛОСЕТЬ ТГК-1'|'ИТП'|'открытая'|'ООО ЖКС № 1 В.О. р-на'|'отопление'|'Гкал'|1|||8|'105/70'|'да'|||||||||225.07||170.1||212.9||116.64||36.62||9.798||9.57||14.459||||142.68||112.21||163.68||1213.727|||'зависимая'|1|
182|'02_001208'|'ОАО ТЕПЛОСЕТЬ ТГК-1'|'ИТП'|'открытая'|'ООО ЖКС № 1 В.О. р-на'|'отопление'|'Гкал'|1|||8|'105/70'|'нет'|||||||||164.8||123.7||165.9545207373||108.05||10.95||0||0||0||||96.27||87.07||119||875.7945207373|||'зависимая'|1|
183|'02_001209'|'ОАО ТЕПЛОСЕТЬ ТГК-1'|'ИТП'|'открытая'|'ООО ЖКС № 1 В.О. р-на'|'отопление'|'Гкал'|1|||8|'105/70'|'нет'|||||||||||||||||||0||0||0|||||||||||||'зависимая'|1|
184|'02_001210'|'ОАО ТЕПЛОСЕТЬ ТГК-1'|'ИТП'|'открытая'|'ООО ЖКС № 1 В.О. р-на'|'отопление'|'Гкал'|1|||8|'105/70'|'нет'|||||||||137.82||100.81||143.997||82.963||18.1||0||0||0||||95.11||83.41||101.86||764.07|||'зависимая'|1|
185|'02_001211'|'ОАО ТЕПЛОСЕТЬ ТГК-1'|'ИТП'|'открытая'|'ООО ЖКС № 1 В.О. р-на'|'отопление'|'Гкал'|1|||8|'105/70'|'нет'|||||||||88.55||65.7||92.259||54.234||11.65||0||0||0||||43.73||60.27||69.34||485.733|||'зависимая'|1|
186|'02_001212'|'ОАО ТЕПЛОСЕТЬ ТГК-1'|'ИТП'|'открытая'|'ООО ЖКС № 1 В.О. р-на'|'отопление'|'Гкал'||||8|'105/70'|'нет'|||||||||102.17||80.82||105.2||61.8||3.04||0||0||0||||57.2||55.38||77.26||542.87|||'зависимая'||
187|'02_001213'|'ОАО ТЕПЛОСЕТЬ ТГК-1'|'ИТП'|'открытая'|'ООО ЖКС № 1 В.О. р-на'|'отопление'|'Гкал'||||8|'105/70'|'нет'|||||||||||||||||||0||0||0|||||||||||||'зависимая'||
188|'02_001214'|'ОАО ТЕПЛОСЕТЬ ТГК-1'|'ИТП'|'открытая'|'ООО ЖКС № 1 В.О. р-на'|'отопление'|'Гкал'|1|||8|'105/70'|'нет'|||||||||106.41||84.18||109.6||60.94||3||0||0||0||||56.41||54.62||76.18||551.34|||'зависимая'|1|
189|'02_001216'|'ОАО ТЕПЛОСЕТЬ ТГК-1'|'ИТП'|'открытая'|'ООО ЖКС № 1 В.О. р-на'|'отопление'|'Гкал'||||8|'105/70'|'нет'|||||||||110.32||81.82||112.01||58||12.24||0||0||0||||||||||374.39|||'зависимая'||
190|'02_000042'|'ОАО ТЕПЛОСЕТЬ ТГК-1'|'ИТП'|'открытая'|'ООО ЖКС № 1 В.О. р-на'|'отопление'|'Гкал'|1|||8|'105/70'|'нет'|||||||||95.94||67.99||94.95||58.68||1.66||0||0||0||||72.5||60.44||74.499||526.659|||'зависимая'|1|
191|'02_000043'|'ОАО ТЕПЛОСЕТЬ ТГК-1'|'ИТП'|'открытая'|'ООО ЖКС № 1 В.О. р-на'|'отопление'|'Гкал'|1|||8|'105/70'|'нет'|||||||||232.91||||||||||0||0||0||||167.41||137.71||179.836||717.866|||'зависимая'|1|
192|'02_000150'|'ОАО ТЕПЛОСЕТЬ ТГК-1'|'ИТП'|'открытая'|'ООО ЖКС № 1 В.О. р-на'|'отопление'|'Гкал'|1|||8|'105/70'|'да'|||||||||||||||||||0||0||0|||||||||||||'зависимая'|1|
193|'02_000152'|'ОАО ТЕПЛОСЕТЬ ТГК-1'|'ИТП'|'открытая'|'ООО ЖКС № 1 В.О. р-на'|'отопление'|'Гкал'||||8|'105/70'|'да'|||||||||121.6664||89.716||126.82||72.02||31.44||17.94||16.50726||23.27||||90.94||83.51||105.307||779.13666|||'зависимая'||
194|'02_000160'|'ОАО ТЕПЛОСЕТЬ ТГК-1'|'ИТП'|'открытая'|'ООО ЖКС № 1 В.О. р-на'|'отопление'|'Гкал'|1|||8|'105/70'|'нет'|||||||||245.7||130.55||212.2970111663||137||13.37||0||0||0||||148.33||135.4||139.11||1161.7570111663|||'зависимая'|1|
195|'02_000161'|'ОАО ТЕПЛОСЕТЬ ТГК-1'|'ИТП'|'открытая'|'ООО ЖКС № 1 В.О. р-на'|'отопление'|'Гкал'|1|||8|'105/70'|'нет'|||||||||167.3||110.8||137.974||76.415||16.57||0||0||0||||120.61||76.15||115.841||821.66|||'зависимая'|1|
196|'02_000169'|'ОАО ТЕПЛОСЕТЬ ТГК-1'|'ИТП'|'открытая'|'ООО ЖКС № 1 В.О. р-на'|'отопление'|'Гкал'|1|||8|'105/70'|'нет'|||||||||88.89||66.48||89.958||20.379||5.79||0||0||0||||72||55.41||70.29||469.197|||'зависимая'|1|
197|'02_000202'|'ОАО ТЕПЛОСЕТЬ ТГК-1'|'ИТП'|'открытая'|'ООО ЖКС № 1 В.О. р-на'|'отопление'|'Гкал'|1|||8|'105/70'|'нет'|||||||||76.01||72.86||79.03755||79.04||26.35||0||0||0||||74.21||73.41||94.49||575.40755|||'зависимая'|1|
198|'02_000204'|'ОАО ТЕПЛОСЕТЬ ТГК-1'|'ИТП'|'открытая'|'ООО ЖКС № 1 В.О. р-на'|'отопление'|'Гкал'|1|||8|'105/70'|'да'|||||||||||||||||||15.753||10.292||14.46||||70.46||82.44||103.06||296.465|||'зависимая'|1|
199|'02_000208'|'ОАО ТЕПЛОСЕТЬ ТГК-1'|'ИТП'|'открытая'|'ООО ЖКС № 1 В.О. р-на'|'отопление'|'Гкал'|1|||8|'105/70'|'нет'|||||||||119.7926||84.346||88.14||80.78||20.33||6.8502||6.2886||8.88||||81.82||72.88||94.077||664.1844|||'зависимая'|1|
200|'02_000863'|'ОАО ТЕПЛОСЕТЬ ТГК-1'|'ИТП'|'открытая'|'ООО ЖКС № 1 В.О. р-на'|'отопление'|'Гкал'|1|||8|'105/70'|'нет'|||||||||98.99||72.21||102.261||54.121||11.94||0||0||0||||65.5||55.33||68.8||529.152|||'зависимая'|1|
201|'02_000917'|'ОАО ТЕПЛОСЕТЬ ТГК-1'|'ИТП'|'открытая'|'ООО ЖКС № 1 В.О. р-на'|'отопление'|'Гкал'|1|||8|'105/70'|'нет'|||||||||234.55||179.39||242.546||154.924||24.11||0||0||0||||145.9||139.4||171.087||1291.907|||'зависимая'|1|
202|'02_000918'|'ОАО ТЕПЛОСЕТЬ ТГК-1'|'ИТП'|'открытая'|'ООО ЖКС № 1 В.О. р-на'|'отопление'|'Гкал'|1|||8|'105/70'|'нет'|||||||||166.59||123.19||172.961||89.652||21.34||0||0||0||||122.3||100.728||113.366||910.127|||'зависимая'|1|
203|'02_000925'|'ОАО ТЕПЛОСЕТЬ ТГК-1'|'ИТП'|'открытая'|'ООО ЖКС № 1 В.О. р-на'|'отопление'|'Гкал'|1|||8|'105/70'|'да'|||||||||148.1834||112.19||152.54||97.287||36.6||27.1998||15.34||13||||95.7||103.24||134.028||935.3082|||'зависимая'|1|
204|'02_001199'|'ОАО ТЕПЛОСЕТЬ ТГК-1'|'ИТП'|'открытая'|'ООО ЖКС № 1 В.О. р-на'|'отопление'|'Гкал'|2|||8|'105/70'|'да'|||||||||409.86743||478.87||608.38||434.97||131||100.9002||87.744||82.64||||434.2||411.95||508.71||3689.23163|||'зависимая'|2|
205|'02_001206'|'ОАО ТЕПЛОСЕТЬ ТГК-1'|'ИТП'|'открытая'|'ООО ЖКС № 1 В.О. р-на'|'отопление'|'Гкал'|1|||8|'105/70'|'нет'|||||||||154.42||114||156.8109400922||99.07||9.69||0||0||0||||101.34||95.1||121.72||852.1509400922|||'зависимая'|1|
206|'02_001215'|'ОАО ТЕПЛОСЕТЬ ТГК-1'|'ИТП'|'открытая'|'ООО ЖКС № 1 В.О. р-на'|'отопление'|'Гкал'|1|||8|'105/70'|'нет'|||||||||141.49||191.92||141.48834||155.877||33.75||0||0||0||||159.75||154||189.3||1167.57534|||'зависимая'|1|
207||'ОАО ТЕПЛОСЕТЬ ТГК-1'|'ИТП'|'открытая'|'ООО ЖКС № 1 В.О. р-на'|'отопление'|'Гкал'||||8|'105/70'|'нет'|||||||||||||||||||0||0||0|||||||||||||'зависимая'||
208|'02_000039'|'ОАО ТЕПЛОСЕТЬ ТГК-1'|'ИТП'|'открытая'|'ООО ЖКС № 1 В.О. р-на'|'отопление'|'Гкал'||||8|'105/70'|'да'|||||||||||||||||||0||0||0|||||||||||||'зависимая'||
209||'ОАО ТЕПЛОСЕТЬ ТГК-1'|'ИТП'|'открытая'|'ООО ЖКС № 1 В.О. р-на'|'отопление'|'Гкал'||||8|'105/70'|'нет'|||||||||||||||||||0||0||0|||||||||||||'зависимая'||
210||'ОАО ТЕПЛОСЕТЬ ТГК-1'|'ИТП'|'открытая'|'ООО ЖКС № 1 В.О. р-на'|'отопление'|'Гкал'||||8|'105/70'|'нет'|||||||||||||||||||0||0||0|||||||||||||'зависимая'||
211|'02_001201'|'ОАО ТЕПЛОСЕТЬ ТГК-1'|'ИТП'|'открытая'|'ООО ЖКС № 1 В.О. р-на'|'отопление'|'Гкал'||||8|'105/70'|'да'|||||||||||||||||||0||0||0|||||||||||||'зависимая'||
212||'ОАО ТЕПЛОСЕТЬ ТГК-1'|'ИТП'|'открытая'|'ООО ЖКС № 1 В.О. р-на'|'отопление'|'Гкал'||||8|'105/70'|'нет'|||||||||||||||||||0||0||0|||||||||||||'зависимая'||
213|'02_001174'|'ОАО ТЕПЛОСЕТЬ ТГК-1'|'ИТП'|'открытая'|'ООО ЖКС № 1 В.О. р-на'|'отопление'|'Гкал'|5|||8|'105/70'|'да'|||||||||1369.094||920.4504||1403.7224||821.85||252.24||184.83||93.849||117.41||||892.85||863.99||1099.09||8019.3758|||'зависимая'|5|
214|'02_001175'|'ОАО ТЕПЛОСЕТЬ ТГК-1'|'ИТП'|'открытая'|'ООО ЖКС № 1 В.О. р-на'|'отопление'|'Гкал'|8|||8|'105/70'|'да'|||||||||2441.728||2078.11||2098.8892||1701.07||524.55||357.84||292.5392||304.5||||1714.4||1657.1||2024.66||15195.3864|||'зависимая'|8|
215|'02_001176'|'ОАО ТЕПЛОСЕТЬ ТГК-1'|'ИТП'|'открытая'|'ООО ЖКС № 1 В.О. р-на'|'отопление'|'Гкал'||||8|'105/70'|'да'||||||||||||||||||||||||||||||||||||'зависимая'||
216|'02_001178'|'ОАО ТЕПЛОСЕТЬ ТГК-1'|'ИТП'|'открытая'|'ООО ЖКС № 1 В.О. р-на'|'отопление'|'Гкал'|2|||8|'105/70'|'да'|||||||||556.1572||417.53||592.0978||355.81||228.06||69.72||37.11||38.43||||242.31||365.57||494.547||3397.342|||'зависимая'|2|
217||'ОАО ТЕПЛОСЕТЬ ТГК-1'|'ИТП'|'открытая'|'ООО ЖКС № 1 В.О. р-на'|'отопление'|'Гкал'|2|||8|'105/70'|'нет'|||||||||||||||||||0||0||0|||||||||||||'зависимая'|2|
218||'ОАО ТЕПЛОСЕТЬ ТГК-1'|'ИТП'|'открытая'|'ООО ЖКС № 1 В.О. р-на'|'отопление'|'Гкал'||||8|'105/70'|'нет'|||||||||||||||||||0||0||0|||||||||||||'зависимая'||
219|'02_001179'|'ОАО ТЕПЛОСЕТЬ ТГК-1'|'ИТП'|'открытая'|'ООО ЖКС № 1 В.О. р-на'|'отопление'|'Гкал'|5|||8|'105/70'|'да'|||||||||1308.236||983.0656||1290.208||833.94||248.52||189.7902||73.283||106.04||||693||832.46||1043||7601.5428|||'зависимая'|5|
220|'02_000873'|'ОАО ТЕПЛОСЕТЬ ТГК-1'|'ИТП'|'открытая'|'ООО ЖКС № 1 В.О. р-на'|'отопление'|'Гкал'|3|||8|'105/70'|'да'|||||||||||||||395.17||232.58||79.0002||90.81||101.6||||222.69||416.4||576.14||2114.3902|||'зависимая'|3|
221|'02_000874'|'ОАО ТЕПЛОСЕТЬ ТГК-1'|'ИТП'|'открытая'|'ООО ЖКС № 1 В.О. р-на'|'отопление'|'Гкал'|1|||8|'105/70'|'да'|||||||||300.062||229.2484||302.2860064516||211.94||88.66||69.7698||36.05||40.56||||115.31||157.05||271.4||1822.3362064516|||'зависимая'|1|
222|'02_000888'|'ОАО ТЕПЛОСЕТЬ ТГК-1'|'ИТП'|'открытая'|'ООО ЖКС № 1 В.О. р-на'|'отопление'|'Гкал'|9|||8|'105/70'|'да'|||||||||||||||||||0||0||0||||1545.6||1385.72||1711.149||4642.469|||'зависимая'|9|
223|'02_000884'|'ОАО ТЕПЛОСЕТЬ ТГК-1'|'ИТП'|'открытая'|'ООО ЖКС № 1 В.О. р-на'|'отопление'|'Гкал'||||8|'105/70'|'да'|||||||||||||||||||311.6142||247.972||266.25||||1933.05||1717.25||2114.33||6590.4662|||'зависимая'||
224|'02_000885'|'ОАО ТЕПЛОСЕТЬ ТГК-1'|'ИТП'|'открытая'|'ООО ЖКС № 1 В.О. р-на'|'отопление'|'Гкал'||||8|'105/70'|'да'||||||||||||||||||||||||||||||||||||'зависимая'||
225|'02_000882'|'ОАО ТЕПЛОСЕТЬ ТГК-1'|'ИТП'|'открытая'|'ООО ЖКС № 1 В.О. р-на'|'отопление'|'Гкал'|8|||8|'105/70'|'да'|||||||||2867.01||1956.55||2616.56||1661.69||685||||||||||||||||9786.81|||'зависимая'|8|
226|'02_001369'|'ОАО ТЕПЛОСЕТЬ ТГК-1'|'ИТП'|'открытая'|'ООО ЖКС № 1 В.О. р-на'|'отопление'|'Гкал'|4|||8|'105/70'|'да'|||||||||1299.2614||888.7648||1213.8002||774.81||225.18||199.05||133.64||157.08||||813.18||679.43||1026.09||7410.2864|||'зависимая'|4|
227|'02_001371'|'ОАО ТЕПЛОСЕТЬ ТГК-1'|'ИТП'|'открытая'|'ООО ЖКС № 1 В.О. р-на'|'отопление'|'Гкал'||||8|'105/70'|'да'||||||||||||||||||||||||||||||||||||'зависимая'||
228|'02_001372'|'ОАО ТЕПЛОСЕТЬ ТГК-1'|'ИТП'|'открытая'|'ООО ЖКС № 1 В.О. р-на'|'отопление'|'Гкал'||||8|'105/70'|'да'||||||||||||||||||||||||||||||||||||'зависимая'||
229|'02_001374'|'ОАО ТЕПЛОСЕТЬ ТГК-1'|'ИТП'|'открытая'|'ООО ЖКС № 1 В.О. р-на'|'отопление'|'Гкал'||||8|'105/70'|'да'||||||||||||||||||||||||||||||||||||'зависимая'||
230|'02_001237'|'ОАО ТЕПЛОСЕТЬ ТГК-1'|'ИТП'|'открытая'|'ООО ЖКС № 1 В.О. р-на'|'отопление'|'Гкал'|1|||8|'105/70'|'да'|||||||||196.4744||297.1206||213.3368||190.633||72.33||63.318||36.262||36.038||||200.14||178.64||232.04||1716.3328|||'зависимая'|1|
231|'02_001238'|'ОАО ТЕПЛОСЕТЬ ТГК-1'|'ИТП'|'открытая'|'ООО ЖКС № 1 В.О. р-на'|'отопление'|'Гкал'|1|||8|'105/70'|'да'|||||||||||||||123.36||120.21||57.09||44.487||51.06||||218.74||147.05||226.57||988.567|||'зависимая'|1|
232|'02_000887'|'ОАО ТЕПЛОСЕТЬ ТГК-1'|'ИТП'|'открытая'|'ООО ЖКС № 1 В.О. р-на'|'отопление'|'Гкал'|1|||8|'105/70'|'да'|||||||||300.3834||230.712||315.597||209.054||78.2||27.7602||11.024||49.38||||154.61||73.98||243.69||1694.3906|||'зависимая'|1|
233||'ОАО ТЕПЛОСЕТЬ ТГК-1'|'ИТП'|'открытая'|'ООО ЖКС № 1 В.О. р-на'|'отопление'|'Гкал'||||8|'105/70'|'нет'|||||||||||||||||||0||0||0|||||||||||||'зависимая'||
234||'ОАО ТЕПЛОСЕТЬ ТГК-1'|'ИТП'|'открытая'|'ООО ЖКС № 1 В.О. р-на'|'отопление'|'Гкал'||||8|'105/70'|'нет'|||||||||||||||||||0||0||0|||||||||||||'зависимая'||
235|'02_001184'|'ОАО ТЕПЛОСЕТЬ ТГК-1'|'ИТП'|'открытая'|'ООО ЖКС № 1 В.О. р-на'|'отопление'|'Гкал'|4|||8|'105/70'|'да'|||||||||1524.16||1134.28||1325.97||1007.49||486.27||349.65||310.342||304.57||||1004.31||956.4||1202.099||9605.541|||'зависимая'|4|
236||'ОАО ТЕПЛОСЕТЬ ТГК-1'|'ИТП'|'открытая'|'ООО ЖКС № 1 В.О. р-на'|'отопление'|'Гкал'|1|||8|'105/70'|'нет'|||||||||||||||||||0||0||0|||||||||||||'зависимая'|1|
237|'02_001188'|'ОАО ТЕПЛОСЕТЬ ТГК-1'|'ИТП'|'открытая'|'ООО ЖКС № 1 В.О. р-на'|'отопление'|'Гкал'|1|||8|'105/70'|'да'|||||||||179.2336||141.0512||193.077||127.31||25.55||29.9298||15.986||16.83||||118.96||99||140.32||1087.2476|||'зависимая'|1|
238||'ОАО ТЕПЛОСЕТЬ ТГК-1'|'ИТП'|'открытая'|'ООО ЖКС № 1 В.О. р-на'|'отопление'|'Гкал'|1|||8|'105/70'|'да'|||||||||||||||110.22||56.8||38.328||30.883||30.146||||167.41||130.13||167.77||731.687|||'зависимая'|1|
239|'02_001370'|'ОАО ТЕПЛОСЕТЬ ТГК-1'|'ИТП'|'открытая'|'ООО ЖКС № 1 В.О. р-на'|'отопление'|'Гкал'||||8|'105/70'|'да'|||||||||||||||||||0||0||0|||||||||||||'зависимая'||
240|'02_001373'|'ОАО ТЕПЛОСЕТЬ ТГК-1'|'ИТП'|'открытая'|'ООО ЖКС № 1 В.О. р-на'|'отопление'|'Гкал'||||8|'105/70'|'да'|||||||||||||||||||0||0||0|||||||||||||'зависимая'||
241||'ОАО ТЕПЛОСЕТЬ ТГК-1'|'ИТП'|'открытая'|'ООО ЖКС № 1 В.О. р-на'|'отопление'|'Гкал'||||8|'105/70'|'да'|||||||||||||||||||0||0||0|||||||||||||'зависимая'||
242||'ОАО ТЕПЛОСЕТЬ ТГК-1'|'ИТП'|'открытая'|'ООО ЖКС № 1 В.О. р-на'|'отопление'|'Гкал'||||8|'105/70'|'да'|||||||||||||||||||0||0||0|||||||||||||'зависимая'||
243|'02_001187'|'ОАО ТЕПЛОСЕТЬ ТГК-1'|'ИТП'|'открытая'|'ООО ЖКС № 1 В.О. р-на'|'отопление'|'Гкал'||||8|'105/70'|'да'|||||||||||||||||||0||0||0|||||||||||||'зависимая'||
244||'ОАО ТЕПЛОСЕТЬ ТГК-1'|'ИТП'|'открытая'|'ООО ЖКС № 1 В.О. р-на'|'отопление'|'Гкал'||||8|'105/70'|'да'|||||||||||||||||||0||0||0|||||||||||||'зависимая'||
245|'02_000085'|'ОАО ТЕПЛОСЕТЬ ТГК-1'|'ИТП'|'открытая'|'ООО ЖКС № 1 В.О. р-на'|'отопление'|'Гкал'|1|||8|'105/70'|'да'|||||||||||||||||||0||0||0||||380.98||||234.41||615.39|||'зависимая'|1|
246|'02_000779'|'ОАО ТЕПЛОСЕТЬ ТГК-1'|'ИТП'|'открытая'|'ООО ЖКС № 1 В.О. р-на'|'отопление'|'Гкал'||||8|'105/70'|'нет'|||||||||||||||||||0||0||0|||||||||||||'зависимая'||
247|'02_000784'|'ОАО ТЕПЛОСЕТЬ ТГК-1'|'ИТП'|'открытая'|'ООО ЖКС № 1 В.О. р-на'|'отопление'|'Гкал'||||8|'105/70'|'да'|||||||||||||||||||0||0||0|||||||||||||'зависимая'||
248|'02_000805'|'ОАО ТЕПЛОСЕТЬ ТГК-1'|'ИТП'|'открытая'|'ООО ЖКС № 1 В.О. р-на'|'отопление'|'Гкал'||||8|'105/70'|'нет'|||||||||||||||||||0||0||0|||||||||||||'зависимая'||
249|'02_001057'|'ОАО ТЕПЛОСЕТЬ ТГК-1'|'ИТП'|'открытая'|'ООО ЖКС № 1 В.О. р-на'|'отопление'|'Гкал'||||8|'105/70'|'да'|||||||||||||||||||0||0||0|||||||||||||'зависимая'||
250|'02_001001'|'ГУП ТЭК СПб'|'ИТП'|'открытая'|'ООО ЖКС № 1 В.О. р-на'|'отопление'|'Гкал'||||8|'105/70'|'нет'|||||||||||||||||||0||0||0|||||||||||||'зависимая'||
251|'02_001002'|'ГУП ТЭК СПб'|'ИТП'|'открытая'|'ООО ЖКС № 1 В.О. р-на'|'отопление'|'Гкал'||||8|'105/70'|'нет'|||||||||||||||||||0||0||0|||||||||||||'зависимая'||
252|'02_001091'|'ОАО ТЕПЛОСЕТЬ ТГК-1'|'ИТП'|'открытая'|'ООО ЖКС № 1 В.О. р-на'|'отопление'|'Гкал'||||8|'105/70'|'нет'|||||||||||||||||||0||0||0|||||||||||||'зависимая'||
253|'02_000055'|'ОАО ТЕПЛОСЕТЬ ТГК-1'|'ИТП'|'открытая'|'ООО ЖКС № 1 В.О. р-на'|'отопление'|'Гкал'||||8|'105/70'|'нет'|||||||||||||||||||0||0||0|||||||||||||'зависимая'|1|
254|'02_000575'|'ОАО ТЕПЛОСЕТЬ ТГК-1'|'ИТП'|'открытая'|'ООО ЖКС № 1 В.О. р-на'|'отопление'|'Гкал'|1|||8|'105/70'|'да'|||||||||297.7498||130.724||134.664||102.66||48.73||27.4422||20.58||18.96||||144.21||134.59||166.18||1226.49|||'зависимая'|1|
255|'02_001140'|'Котельная завода им. Калинина'|'ИТП'|'открытая'|'ООО ЖКС № 1 В.О. р-на'|'отопление'|'Гкал'||||8|'105/70'|'да'|||||||||||||||||||0||0||0|||||||||||||'зависимая'||
256||'ОАО ТЕПЛОСЕТЬ ТГК-1'|'ИТП'|'закрытая'|'ООО ЖКС № 1 В.О. р-на'|'отопление'|'Гкал'|2|||8|'105/70'|'да'|||||||||325.4518||218.82||322.56||205.892||79.21||58.6632||35.41||34.193||||178.62||202.64||251.41||1912.87|||'независимая'||
257||'ОАО ТЕПЛОСЕТЬ ТГК-1'|'ИТП'|'открытая'|'ООО ЖКС № 1 В.О. р-на'|'отопление'|'Гкал'||||8|'105/70'|'да'|||||||||||||||||||0||0||0|||||||||||||'зависимая'|1|
258||'ОАО ТЕПЛОСЕТЬ ТГК-1'|'ИТП'|'открытая'|'ООО ЖКС № 1 В.О. р-на'|'отопление'|'Гкал'||||8|'105/70'|'нет'|||||||||||||||||||0||0||0|||||||||||||'зависимая'|1|
259|'02_001163'|'ГУП ТЭК СПб'|'ИТП'|'открытая'|'ООО ЖКС № 1 В.О. р-на'|'отопление'|'Гкал'||||8|'105/70'|'да'|||||||||||||||||||0||0||0|||||||||||||'зависимая'||
260|'02_000555'|'ОАО ТЕПЛОСЕТЬ ТГК-1'|'ИТП'|'открытая'|'ООО ЖКС № 1 В.О. р-на'|'отопление'|'Гкал'||||8|'105/70'|'да'|||||||||||||||||||0||0||0|||||||||||||'зависимая'||
261|'02_0002014'|'Котельная Балтийского завода'|'ИТП'|'открытая'|'ООО ЖКС № 1 В.О. р-на'|'отопление'|'Гкал'||||8|'105/70'|'да'|||||||||||||||||||0||0||0|||||||||||||'зависимая'||
262|'02_001063'|'Котельная Трамвайного парка'|'ИТП'|'открытая'|'ООО ЖКС № 1 В.О. р-на'|'отопление'|'Гкал'||||8|'105/70'|'да'|||||||||||||||||||0||0||0|||||||||||||'зависимая'||
263|'02_001064'|'Котельная Трамвайного парка'|'ИТП'|'открытая'|'ООО ЖКС № 1 В.О. р-на'|'отопление'|'Гкал'||||8|'105/70'|'да'|||||||||||||||||||0||0||0|||||||||||||'зависимая'||
264|'02_000910'|'ОАО ТЕПЛОСЕТЬ ТГК-1'|'ИТП'|'открытая'|'ООО ЖКС № 1 В.О. р-на'|'отопление'|'Гкал'||||8|'105/70'|'да'|||||||||||||||||||0||0||0|||||||||||||'зависимая'|1|
265||'ОАО ТЕПЛОСЕТЬ ТГК-1'|'ИТП'|'открытая'|'ООО ЖКС № 1 В.О. р-на'|'отопление'|'Гкал'||||8|'105/70'|'нет'|||||||||||||||||||0||0||0|||||||||||||'зависимая'|1|
266|'02_000012'|'ОАО ТГК-1'|'ИТП'|'открытая'|'ОАО ТГК-1'|'отопление'|'Гкал'|1||||'105/70'|'да'|||||||1989.83|1809.91|300.59||275.81||265.2||258.27||259.5||111.18||18.11||21.59||22.7||173.12||151.25||183.16||2040.48|||||
267|'02_000022'|'ОАО ТГК-1'|'ИТП'|'открытая'|'ОАО ТГК-1'|'отопление'|'Гкал'|||||'105/70'||||||||838.31|903.82|99.12||96.09||115.1||80.57||35.89||5.45||9.64||10.16||14.77||87.93||71.53||100.92||727.17|||||
268|'02_000025'|'ОАО ТГК-1'|'ИТП'|'открытая'|'ОАО ТГК-1'|'отопление'|'Гкал'|||||'105/70'||||||||385.55|390.25|66.18||49.99||66.34||37.34||10.62||2.69||2.17||2.31||4.29||46.68||37.75||52.33||378.69|||||
269|'02_000033'|'ОАО ТГК-1'|'ИТП'|'открытая'|'ОАО ТГК-1'|'отопление'|'Гкал'|||||'105/70'||||||||1357.24|1450.56|211.8||160.36||213.5||129.67||47.33||17.75||15.94||16.5||53.58||189.27||128.79||170.63||1355.12|||||
270|'02_000037'|'ОАО ТГК-1'|'ИТП'|'открытая'|'ОАО ТГК-1'|'отопление'|'Гкал'|||||'105/70'||||||||3521.65|3887.61|463.45||309.19||437.69||344.37||99.78||68.88||53.54||55.77||68.06||249.06||281.57||391.41||2822.77|||||
271|'02_000038'|'ОАО ТГК-1'|'ИТП'|'открытая'|'ОАО ТГК-1'|'отопление'|'Гкал'|||||'105/70'||||||||1346.65|1404.2|221.75||203.03||177.48||178.11||175.64||54.43||55.77||||20.94||149.16||133.18||170.71||1506.56|||||
272|'02_000039'|'ОАО ТГК-1'|'ИТП'|'открытая'|'ОАО ТГК-1'|'отопление'|'Гкал'|||||'105/70'||||||||657.85|809.71|115.79||122.09||152.74||83.32||17.33||0||0||0||0||170.27||140.76||118.92||921.22|||||
273|'02_000040'|'ОАО ТГК-1'|'ИТП'|'открытая'|'ОАО ТГК-1'|'отопление'|'Гкал'|||||'105/70'||||||||881.97|923.59|128||95.01||128.62||84.83||22.04||15.09||10.12||10.93||14.71||84.45||73.87||103.86||771.53|||||
274|'02_000041'|'ОАО ТГК-1'|'ИТП'|'открытая'|'ОАО ТГК-1'|'отопление'|'Гкал'|||||'105/70'||||||||3989.3|3185.52|619.73||569.78||571.69||569.41||562.61||185.16||186.59||||122.52||371.08||380.07||522.84||4618.7|||||
275|'02_000042'|'ОАО ТГК-1'|'ИТП'|'открытая'|'ОАО ТГК-1'|'отопление'|'Гкал'|||||'105/70'||||||||2790.64|2914.13|513.17||460.88||309.03||308.1||304.71||114.66||113.07||||50.91||340.08||293.97||381.96||3152.75|||||
276|'02_000043'|'ОАО ТГК-1'|'ИТП'|'открытая'|'ОАО ТГК-1'|'отопление'|'Гкал'|||||'105/70'||||||||183.96|208.94|32.21||32.21||32.21||32.21||32.21||0||0||0||1.88||28.15||30.03||30.03||251.14|||||
277|'02_000046'|'ОАО ТГК-1'|'ИТП'|'открытая'|'ОАО ТГК-1'|'отопление'|'Гкал'|||||'105/70'||||||||964.07|1259.54|232.88||166.78||235.06||131.64||131.64||0||0||0||0||130.11||105.77||182.53||1316.41|||||
278|'02_000049'|'ОАО ТГК-1'|'ИТП'|'открытая'|'ОАО ТГК-1'|'отопление'|'Гкал'|||||'105/70'||||||||1485.77|1625.33|226.86||178.52||211.29||147.72||37.01||18.92||16.16||15.66||20.05||145.49||124.23||177.3||1319.21|||||
279|'02_000060'|'ОАО ТГК-1'|'ИТП'|'открытая'|'ОАО ТГК-1'|'отопление'|'Гкал'|||||'105/70'||||||||867.98|859.19|117.51||96.24||114.88||77.4||30.2||40.6||5.14||7.6||10.41||68.47||55.11||96.16||719.72|||||
280|'02_000061'|'ОАО ТГК-1'|'ИТП'|'открытая'|'ОАО ТГК-1'|'отопление'|'Гкал'|||||'105/70'||||||||1405.1|1422.33|235.16||178.77||236.52||146.07||42.28||17.68||14.26||12.75||18.3||169.77||136.04||207.01||1414.61|||||
281|'02_000105'|'ОАО ТГК-1'|'ИТП'|'открытая'|'ОАО ТГК-1'|'отопление'|'Гкал'|||||'105/70'||||||||1094.89|1184.74|204.99||218.58||129.8||128.32||129.01||37.59||11.97||||16.11||127.05||104.29||150.65||1254.3|||||
282|'02_000114'|'ОАО ТГК-1'|'ИТП'|'открытая'|'ОАО ТГК-1'|'отопление'|'Гкал'|||||'105/70'||||||||1355.86|1427.51|201.2||196.75||201.98||196.04||197.97||48||18.91||19.26||27.39||162.83||152.17||176.77||1599.27|||||
283|'02_000147'|'ОАО ТГК-1'|'ИТП'|'открытая'|'ОАО ТГК-1'|'отопление'|'Гкал'|||||'105/70'||||||||2885.56|3081.78|409.64||322.93||447.7||291.37||86.71||59.46||28.97||27.71||42.27||275.28||222.96||328.37||2543.37|||||
284|'02_000148'|'ОАО ТГК-1'|'ИТП'|'открытая'|'ОАО ТГК-1'|'отопление'|'Гкал'|||||'105/70'||||||||706.69|735.41|72.98||73.64||73.11||71.63||27.69||11.13||10.09||8.64||11.41||86.13||69.6||100.56||616.61|||||
285|'02_000170'|'ОАО ТГК-1'|'ИТП'|'открытая'|'ОАО ТГК-1'|'отопление'|'Гкал'|||||'105/70'||||||||968.94|945.41|172.33||124.95||164.59||105.44||33.35||14.74||9.48||9.7||15.31||112.91||93.44||135.79||992.03|||||
286|'02_0000415'|'ТГК-1 4-й район ТС'|'ИТП'|'закрытая'|'ОАО Ростелеком'|'отопление'|'Гкал'|||50|5|'150/70'|'нет'|'нет'|'нет'|'нет'||'нет'|||||||||||||||||||||||||||||||'зависимая'|1|'отсутствует'
