Код БТИ;Улица;Дом;Нет информации на вкладе ТЭ;Раздвоение во вкладке ТЭ;Колич. этажей < 1;Колич. парадных < 1;Колич. квартир < 1;Общ. площадь < 50;Отаплив. площадь < 50;Жил. площадь < 50;Общ. площадь < Отаплив. площади;Общ. площадь не = (жил. + нежил.)
129002;'10-я КРАСНОАРМЕЙСКАЯ  ул.';13;;;;;;;;;;Да
129003;'10-я КРАСНОАРМЕЙСКАЯ  ул.';14;;;;;;;;;;Да
129004;'10-я КРАСНОАРМЕЙСКАЯ  ул.';19;;;;;Да;;Да;Да;;
129005;'10-я КРАСНОАРМЕЙСКАЯ  ул.';21;;;;;;;;;;Да
129007;'10-я КРАСНОАРМЕЙСКАЯ  ул.';24;;;;;;;;;;Да
129008;'10-я КРАСНОАРМЕЙСКАЯ  ул.';3;;;;;;;;;;Да
129009;'10-я КРАСНОАРМЕЙСКАЯ  ул.';4;;;;;;;;;;Да
129010;'10-я КРАСНОАРМЕЙСКАЯ  ул.';6;;;;;;;;;;Да
129011;'10-я КРАСНОАРМЕЙСКАЯ  ул.';8;;;;;;;;;;Да
129012;'10-я КРАСНОАРМЕЙСКАЯ  ул.';9;;;;;;;;;;Да
129013;'10-я КРАСНОАРМЕЙСКАЯ  ул.';9;;;;;;;;;;Да
129014;'11-я КРАСНОАРМЕЙСКАЯ ул.';12;;;;;;;;;;Да
129015;'11-я КРАСНОАРМЕЙСКАЯ ул.';13;;;;;;;;;;Да
129016;'11-я КРАСНОАРМЕЙСКАЯ ул.';14;;;;;;;;;;Да
129017;'11-я КРАСНОАРМЕЙСКАЯ ул.';16;;;;;;;;;;Да
129018;'11-я КРАСНОАРМЕЙСКАЯ ул.';22;;;;;;;;;;Да
129019;'11-я КРАСНОАРМЕЙСКАЯ ул.';22;;;;;;;;;;Да
129020;'11-я КРАСНОАРМЕЙСКАЯ ул.';'2б';;;;;;;;;;Да
129021;'11-я КРАСНОАРМЕЙСКАЯ ул.';4;;;;;;;;;;Да
129028;'12-я КРАСНОАРМЕЙСКАЯ  ул.';10;;;;;;;;;;Да
129029;'12-я КРАСНОАРМЕЙСКАЯ  ул.';11;;;;;;;;;;Да
129030;'12-я КРАСНОАРМЕЙСКАЯ  ул.';12;;;;;;;;;;Да
129027;'12-я КРАСНОАРМЕЙСКАЯ  ул.';'1/21';;;;;;;;;;Да
129034;'12-я КРАСНОАРМЕЙСКАЯ  ул.';14;;;;;;;;;;Да
129037;'12-я КРАСНОАРМЕЙСКАЯ  ул.';16;;;;;;;;;;Да
129038;'12-я КРАСНОАРМЕЙСКАЯ  ул.';16;;;;;;;;;;Да
129039;'12-я КРАСНОАРМЕЙСКАЯ  ул.';19;;;;;;;;;;Да
129040;'12-я КРАСНОАРМЕЙСКАЯ  ул.';21;;;;;;;;;;Да
129043;'12-я КРАСНОАРМЕЙСКАЯ  ул.';23;;;;;;;;;;Да
129044;'12-я КРАСНОАРМЕЙСКАЯ  ул.';24;;;;;;;;;;Да
129045;'12-я КРАСНОАРМЕЙСКАЯ  ул.';3;;;;;;;;;;Да
129046;'12-я КРАСНОАРМЕЙСКАЯ  ул.';32;;;;;;;;;;Да
129047;'12-я КРАСНОАРМЕЙСКАЯ  ул.';34;;;;;;;;;;Да
129048;'12-я КРАСНОАРМЕЙСКАЯ  ул.';6;;;;;;;;;;Да
129050;'12-я КРАСНОАРМЕЙСКАЯ  ул.';6;;;;;;;;;;Да
129051;'12-я КРАСНОАРМЕЙСКАЯ  ул.';7;;;;;;;;;;Да
129052;'12-я КРАСНОАРМЕЙСКАЯ  ул.';8;;;;;;;;;;Да
129056;'13-я КРАСНОАРМЕЙСКАЯ ул.';14;;;;;;;;;;Да
129058;'13-я КРАСНОАРМЕЙСКАЯ ул.';15;;;;;;;;;;Да
129060;'13-я КРАСНОАРМЕЙСКАЯ ул.';17;;;;;;;;;;Да
129061;'13-я КРАСНОАРМЕЙСКАЯ ул.';'17б';;;;;Да;;Да;Да;;
129064;'13-я КРАСНОАРМЕЙСКАЯ ул.';21;;;;;Да;;Да;Да;;
129066;'13-я КРАСНОАРМЕЙСКАЯ ул.';22;;;;;;;;;;Да
129067;'13-я КРАСНОАРМЕЙСКАЯ ул.';23;;;;;;;;;;Да
129068;'13-я КРАСНОАРМЕЙСКАЯ ул.';24;;;;;;;;;;Да
129069;'13-я КРАСНОАРМЕЙСКАЯ ул.';26;;;;;;;;;;Да
129071;'13-я КРАСНОАРМЕЙСКАЯ ул.';28;;;;;;;;;;Да
129072;'13-я КРАСНОАРМЕЙСКАЯ ул.';6;;;;;;;;;;Да
129073;'1-я КРАСНОАРМЕЙСКАЯ ул.';12;;;;;;;;;;Да
129074;'1-я КРАСНОАРМЕЙСКАЯ ул.';14;;;;;;;;;;Да
129075;'1-я КРАСНОАРМЕЙСКАЯ ул.';16;;;;;;;;;;Да
129076;'1-я КРАСНОАРМЕЙСКАЯ ул.';18;;;;;;;;;;Да
129077;'1-я КРАСНОАРМЕЙСКАЯ ул.';18;;;;;;;;;;Да
129078;'1-я КРАСНОАРМЕЙСКАЯ ул.';2;;;;;;;;;;Да
129079;'1-я КРАСНОАРМЕЙСКАЯ ул.';20;;;;;;;;;;Да
129080;'1-я КРАСНОАРМЕЙСКАЯ ул.';22;;;;;;;;;;Да
129081;'1-я КРАСНОАРМЕЙСКАЯ ул.';24;;;;;;;;;;Да
129082;'1-я КРАСНОАРМЕЙСКАЯ ул.';24;;;;;;;;;;Да
129083;'1-я КРАСНОАРМЕЙСКАЯ ул.';4;;;;;;;;;;Да
129084;'1-я КРАСНОАРМЕЙСКАЯ ул.';'8-10';;;;;;;;;;Да
129085;'1-я КРАСНОАРМЕЙСКАЯ ул.';'8-10';;;;;;;;;;Да
129086;'2-я КРАСНОАРМЕЙСКАЯ ул.';10;;;;;;;;;;Да
129087;'2-я КРАСНОАРМЕЙСКАЯ ул.';14;;;;;;;;;;Да
129088;'2-я КРАСНОАРМЕЙСКАЯ ул.';14;;;;;;;;;;Да
129089;'2-я КРАСНОАРМЕЙСКАЯ ул.';16;;;;;;;;;;Да
129090;'2-я КРАСНОАРМЕЙСКАЯ ул.';19;;;;;;;;;;Да
129091;'2-я КРАСНОАРМЕЙСКАЯ ул.';'2/27';;;;;;;;;;Да
129092;'2-я КРАСНОАРМЕЙСКАЯ ул.';3;;;;;;;;;;Да
129093;'2-я КРАСНОАРМЕЙСКАЯ ул.';'7/4';;;;;;;;;;Да
129094;'3-я КРАСНОАРМЕЙСКАЯ ул.';10;;;;;;;;;;Да
129095;'3-я КРАСНОАРМЕЙСКАЯ ул.';12;;;;;;;;;;Да
129096;'3-я КРАСНОАРМЕЙСКАЯ ул.';14;;;;;;;;;;Да
129097;'3-я КРАСНОАРМЕЙСКАЯ ул.';'2/31';;;;;;;;;;Да
129098;'3-я КРАСНОАРМЕЙСКАЯ ул.';4;;;;;;;;;;Да
129099;'3-я КРАСНОАРМЕЙСКАЯ ул.';6;;;Да;;Да;;Да;Да;;
129100;'3-я КРАСНОАРМЕЙСКАЯ ул.';8;;;;;;;;;;Да
129101;'3-я КРАСНОАРМЕЙСКАЯ ул.';8;;;;;;;;;;Да
129102;'3-я КРАСНОАРМЕЙСКАЯ ул.';8;;;;;;;;;;Да
129103;'3-я КРАСНОАРМЕЙСКАЯ ул.';9;;;;;;;;;;Да
129104;'4-я КРАСНОАРМЕЙСКАЯ ул.';11;;;;;;;;;;Да
129105;'4-я КРАСНОАРМЕЙСКАЯ ул.';'12/11';;;;;;;;;;Да
129106;'4-я КРАСНОАРМЕЙСКАЯ ул.';13;;;;;;;;;;Да
129108;'4-я КРАСНОАРМЕЙСКАЯ ул.';14;;;;;;;;;;Да
129109;'4-я КРАСНОАРМЕЙСКАЯ ул.';15;;;;;;;;;;Да
129110;'4-я КРАСНОАРМЕЙСКАЯ ул.';16;;;;;;;;;;Да
129111;'4-я КРАСНОАРМЕЙСКАЯ ул.';17;;;;;;;;;;Да
129112;'4-я КРАСНОАРМЕЙСКАЯ ул.';'18б';;;;;;;;;;Да
129114;'4-я КРАСНОАРМЕЙСКАЯ ул.';'20/8';;;;;;;;;;Да
129113;'4-я КРАСНОАРМЕЙСКАЯ ул.';'2/35';;;;;;;;;;Да
129115;'4-я КРАСНОАРМЕЙСКАЯ ул.';3;;;;;;;;;;Да
129116;'4-я КРАСНОАРМЕЙСКАЯ ул.';4;;;;;;;;;;Да
129117;'4-я КРАСНОАРМЕЙСКАЯ ул.';5;;;;;;;;;;Да
129118;'4-я КРАСНОАРМЕЙСКАЯ ул.';8;;;;;;;;;;Да
129119;'4-я КРАСНОАРМЕЙСКАЯ ул.';'9/9';;;;;;;;;;Да
129121;'5-я КРАСНОАРМЕЙСКАЯ ул.';'11/13';;;;;;;;;;Да
129122;'5-я КРАСНОАРМЕЙСКАЯ ул.';13;;;;;;;;;;Да
129124;'5-я КРАСНОАРМЕЙСКАЯ ул.';17;;;;;;;;;;Да
129126;'5-я КРАСНОАРМЕЙСКАЯ ул.';19;;;;;;;;;;Да
129127;'5-я КРАСНОАРМЕЙСКАЯ ул.';19;;;;;;;Да;Да;;
129129;'5-я КРАСНОАРМЕЙСКАЯ ул.';21;;;;;;;;;;Да
129128;'5-я КРАСНОАРМЕЙСКАЯ ул.';'2/39';;;;;;;;;;Да
129130;'5-я КРАСНОАРМЕЙСКАЯ ул.';24;;;;;;;;;;Да
129131;'5-я КРАСНОАРМЕЙСКАЯ ул.';26;;;;;;;;;;Да
129132;'5-я КРАСНОАРМЕЙСКАЯ ул.';28;;;;;;;;;;Да
129133;'5-я КРАСНОАРМЕЙСКАЯ ул.';3;;;;;;;;;;Да
129134;'5-я КРАСНОАРМЕЙСКАЯ ул.';30;;;;;;;;;;Да
129135;'5-я КРАСНОАРМЕЙСКАЯ ул.';4;;;;;;;;;;Да
129136;'5-я КРАСНОАРМЕЙСКАЯ ул.';6;;;;;;;;;;Да
129137;'5-я КРАСНОАРМЕЙСКАЯ ул.';7;;;;;;;;;;Да
129138;'5-я КРАСНОАРМЕЙСКАЯ ул.';8;;;;;;;;;;Да
129139;'6-я КРАСНОАРМЕЙСКАЯ ул.';1;;;;;;;;;;Да
129140;'6-я КРАСНОАРМЕЙСКАЯ ул.';12;;;;;;;;;;Да
129141;'6-я КРАСНОАРМЕЙСКАЯ ул.';14;;;;;;;;;;Да
129142;'6-я КРАСНОАРМЕЙСКАЯ ул.';15;;;;;;;;;;Да
129143;'6-я КРАСНОАРМЕЙСКАЯ ул.';16;;;;;;;;;;Да
129146;'6-я КРАСНОАРМЕЙСКАЯ ул.';21;;;;;;;;;;Да
129147;'6-я КРАСНОАРМЕЙСКАЯ ул.';22;;;;;;;;;;Да
129148;'6-я КРАСНОАРМЕЙСКАЯ ул.';23;;;;;;;;;;Да
129149;'6-я КРАСНОАРМЕЙСКАЯ ул.';23;;;;;;;;;;Да
129151;'6-я КРАСНОАРМЕЙСКАЯ ул.';'2-4';;;;;;;;;;Да
129152;'6-я КРАСНОАРМЕЙСКАЯ ул.';'2-4';;;;;;;;;;Да
129153;'6-я КРАСНОАРМЕЙСКАЯ ул.';25;;;;;;;;;;Да
129154;'6-я КРАСНОАРМЕЙСКАЯ ул.';27;;;;;;;;;;Да
129155;'6-я КРАСНОАРМЕЙСКАЯ ул.';3;;;;;;;;;;Да
129156;'6-я КРАСНОАРМЕЙСКАЯ ул.';6;;;;;;;;;;Да
129157;'6-я КРАСНОАРМЕЙСКАЯ ул.';8;;;;;;;;;;Да
129158;'7-я КРАСНОАРМЕЙСКАЯ ул.';10;;;;;;;;;;Да
129159;'7-я КРАСНОАРМЕЙСКАЯ ул.';11;;;;;;;;;;Да
129161;'7-я КРАСНОАРМЕЙСКАЯ ул.';13;;;;;;;;;;Да
129164;'7-я КРАСНОАРМЕЙСКАЯ ул.';16;;;;;;;;;;Да
129165;'7-я КРАСНОАРМЕЙСКАЯ ул.';17;;;;;;;;;;Да
129166;'7-я КРАСНОАРМЕЙСКАЯ ул.';19;;;;;;;;;;Да
129167;'7-я КРАСНОАРМЕЙСКАЯ ул.';20;;;;;;;;;;Да
129168;'7-я КРАСНОАРМЕЙСКАЯ ул.';20;;;;;Да;;Да;Да;;
129171;'7-я КРАСНОАРМЕЙСКАЯ ул.';'22-24';;;;;;;;;;Да
129172;'7-я КРАСНОАРМЕЙСКАЯ ул.';23;;;;;;;;;;Да
129175;'7-я КРАСНОАРМЕЙСКАЯ ул.';5;;;;;;;;;;Да
129176;'7-я КРАСНОАРМЕЙСКАЯ ул.';7;;;;;;;;;;Да
129177;'7-я КРАСНОАРМЕЙСКАЯ ул.';9;;;;;;;;;;Да
129178;'8-я КРАСНОАРМЕЙСКАЯ ул.';12;;;Да;;Да;;Да;Да;;
129179;'8-я КРАСНОАРМЕЙСКАЯ ул.';14;;;;;;;;;;Да
129180;'8-я КРАСНОАРМЕЙСКАЯ ул.';'15-17';;;;;;;;;;Да
129181;'8-я КРАСНОАРМЕЙСКАЯ ул.';'15-17';;;;;Да;;Да;Да;;
129182;'8-я КРАСНОАРМЕЙСКАЯ ул.';18;;;;;;;;;;Да
129183;'8-я КРАСНОАРМЕЙСКАЯ ул.';19;;;;;;;;;;Да
129184;'8-я КРАСНОАРМЕЙСКАЯ ул.';'20а';;;;;;;;;;Да
129185;'8-я КРАСНОАРМЕЙСКАЯ ул.';'20а';;;;;Да;;Да;Да;;
129186;'8-я КРАСНОАРМЕЙСКАЯ ул.';21;;;;;;;;;;Да
129188;'8-я КРАСНОАРМЕЙСКАЯ ул.';23;;;;;;;;;;Да
129189;'8-я КРАСНОАРМЕЙСКАЯ ул.';'4/5';;;;;;;;;;Да
129190;'8-я КРАСНОАРМЕЙСКАЯ ул.';5;;;;;;;;;;Да
129191;'8-я КРАСНОАРМЕЙСКАЯ ул.';5;;;;;;;Да;Да;;
129192;'8-я КРАСНОАРМЕЙСКАЯ ул.';'9-11';;;;;;;;;;Да
129193;'8-я КРАСНОАРМЕЙСКАЯ ул.';'9-11';;;;;;;;;;Да
129194;'9-я КРАСНОАРМЕЙСКАЯ ул.';13;;;;;;;;;;Да
129196;'9-я КРАСНОАРМЕЙСКАЯ ул.';19;;;;;;;;;;Да
129198;'9-я КРАСНОАРМЕЙСКАЯ ул.';21;;;;;;;;;;Да
129199;'9-я КРАСНОАРМЕЙСКАЯ ул.';'3/7';;;;;;;;;;Да
129200;'9-я КРАСНОАРМЕЙСКАЯ ул.';8;;;;;;;;;;Да
129201;'9-я КРАСНОАРМЕЙСКАЯ ул.';9;;;;;;;;;;Да
129202;'АДМИРАЛТЕЙСКАЯ наб.';10;;;;;;;;;;Да
129203;'АДМИРАЛТЕЙСКАЯ наб.';12;;;;;;;;;;Да
129204;'АДМИРАЛТЕЙСКАЯ наб.';6;;;;;;;;;;Да
129206;'АДМИРАЛТЕЙСКИЙ кан.';7;;;;;;;;;;Да
129207;'АДМИРАЛТЕЙСКИЙ кан.';9;;;;;;;;;;Да
129208;'АЛЕКСАНДРА БЛОКА ул.';6;;;;;;;;;;Да
129209;'АНГЛИЙСКАЯ наб.';22;;;;;;;;;;Да
129210;'АНГЛИЙСКАЯ наб.';48;;;;;Да;;Да;Да;;
129211;'АНГЛИЙСКАЯ наб.';48;;;;;;;;;;Да
129212;'АНГЛИЙСКАЯ наб.';74;;;;;;;;;;Да
129213;'АНГЛИЙСКИЙ пр.';12;;;;;;;;;;Да
129214;'АНГЛИЙСКИЙ пр.';13;;;;;;;;;;Да
129215;'АНГЛИЙСКИЙ пр.';13;;;;;;;;;;Да
129216;'АНГЛИЙСКИЙ пр.';15;;;;;;;;;;Да
129217;'АНГЛИЙСКИЙ пр.';'17-19';;;;;;;;;;Да
129218;'АНГЛИЙСКИЙ пр.';'17-19';;;;;;;;;;Да
129220;'АНГЛИЙСКИЙ пр.';'17-19';;;;;;;;;;Да
129221;'АНГЛИЙСКИЙ пр.';'17-19';;;;;;;;;;Да
129222;'АНГЛИЙСКИЙ пр.';2;;;;;;;;;;Да
129223;'АНГЛИЙСКИЙ пр.';20;;;;;;;;;;Да
129224;'АНГЛИЙСКИЙ пр.';22;;;;;;;;;;Да
129225;'АНГЛИЙСКИЙ пр.';22;;;;;;;;;;Да
129226;'АНГЛИЙСКИЙ пр.';22;;;;;;;;;;Да
129227;'АНГЛИЙСКИЙ пр.';25;;;;;;;;;;Да
129228;'АНГЛИЙСКИЙ пр.';26;;;;;;;;;;Да
129229;'АНГЛИЙСКИЙ пр.';30;;;;;;;;;;Да
129230;'АНГЛИЙСКИЙ пр.';30;;;;;Да;;Да;Да;;
129231;'АНГЛИЙСКИЙ пр.';31;;;;;;;;;;Да
129232;'АНГЛИЙСКИЙ пр.';38;;;;;;;;;;Да
129233;'АНГЛИЙСКИЙ пр.';40;;;;;;;;;;Да
129234;'АНГЛИЙСКИЙ пр.';43;;;;;;;;;;Да
129236;'АНГЛИЙСКИЙ пр.';45;;;;;;;;;;Да
129237;'АНГЛИЙСКИЙ пр.';5;;;;;;;;;;Да
129238;'АНГЛИЙСКИЙ пр.';51;;;;;;;;;;Да
129239;'АНГЛИЙСКИЙ пр.';52;;;;;;;;;;Да
129240;'АНГЛИЙСКИЙ пр.';'54/24';;;;;Да;;Да;Да;;
129241;'АНГЛИЙСКИЙ пр.';56;;;;;;;;;;Да
129242;'АНГЛИЙСКИЙ пр.';58;;;;;;;;;;Да
129243;'АНГЛИЙСКИЙ пр.';60;;;;;;;;;;Да
129244;'АНГЛИЙСКИЙ пр.';62;;;;;;;;;;Да
129245;'АНГЛИЙСКИЙ пр.';'7/2';;;;;;;;;;Да
'01-0008';'Батайский пер.';10;;;;;;;;;;Да
'01-0007';'Батайский пер.';4;;;;;;;;;;Да
129250;'Б.МОРСКАЯ ул.';46;;;;;;;;;;Да
129251;'Б.МОРСКАЯ ул.';47;;;;;;;;;;Да
129252;'Б.МОРСКАЯ ул.';49;;;;;;;;;;Да
129253;'Б.МОРСКАЯ ул.';50;;;;;;;;;;Да
129254;'Б.МОРСКАЯ ул.';52;;;;;;;;;;Да
129255;'Б.МОРСКАЯ ул.';'53/8';;;;;;;;;;Да
129256;'Б.МОРСКАЯ ул.';55;;;;;Да;;Да;Да;;
129257;'Б.МОРСКАЯ ул.';56;;;;;;;;;;Да
129258;'Б.МОРСКАЯ ул.';56;;;;;Да;;Да;Да;;
129259;'Б.МОРСКАЯ ул.';57;;;;;;;;;;Да
129260;'Б.МОРСКАЯ ул.';63;;;;;;;;;;Да
'01-0001';'Большой Казачий  пер.';3;;;;;;;;;;Да
'01-0002';'Большой Казачий  пер.';5;;;;;;;;;;Да
'01-0003';'Большой Казачий  пер.';6;;;;;;;;;;Да
'01-0004';'Большой Казачий  пер.';7;;;;;;;;;;Да
'01-0005';'Большой Казачий  пер.';9;;;;;;;;;;Да
'01-0006';'Большой Казачий  пер.';9;;;;;;;;;;Да
'01-0010';'Бородинская ул.';13;;;;;;;;;;Да
'01-0011';'Бородинская ул.';13;;;;;;;;;;Да
'01-0012';'Бородинская ул.';15;;;;;;;;;;Да
'01-0009';'Бородинская ул.';'1/88';;;;;;;;;;Да
'01-0017';'Бронницкая ул.';10;;;;;;;;;;Да
'01-0018';'Бронницкая ул.';12;;;;;;;;;;Да
'01-0019';'Бронницкая ул.';'13/19';;;;;;;;;;Да
'01-0020';'Бронницкая ул.';14;;;;;;;;;;Да
'01-0021';'Бронницкая ул.';'14б';;;;;;;;;;Да
'01-0022';'Бронницкая ул.';'15/24';;;;;;;;;;Да
'01-0023';'Бронницкая ул.';16;;;;;;;;;;Да
'01-0025';'Бронницкая ул.';17;;;;;;;;;;Да
'01-0026';'Бронницкая ул.';'18/22';;;;;;;;;;Да
'01-0027';'Бронницкая ул.';19;;;;;;;;;;Да
'01-0029';'Бронницкая ул.';21;;;;;;;;;;Да
'01-0030';'Бронницкая ул.';22;;;;;;;;;;Да
'01-0032';'Бронницкая ул.';25;;;;;;;;;;Да
'01-0033';'Бронницкая ул.';26;;;;;;;;;;Да
'01-0013';'Бронницкая ул.';'2/70';;;;;;;;;;Да
'01-0034';'Бронницкая ул.';'27/21';;;;;;;;;;Да
'01-0035';'Бронницкая ул.';28;;;;;;;;;;Да
'01-0037';'Бронницкая ул.';31;;;;;;;;;;Да
'01-0039';'Бронницкая ул.';33;;;;;;;;;;Да
'01-0040';'Бронницкая ул.';'36/37';;;;;;;;;;Да
'01-0041';'Бронницкая ул.';'37/119';;;;;;;;;;Да
'01-0014';'Бронницкая ул.';4;;;;;;;;;;Да
'01-0042';'Бронницкая ул.';40;;;;;;;;;;Да
'01-0043';'Бронницкая ул.';44;;;;;;;;;;Да
'01-0015';'Бронницкая ул.';5;;;;;;;;;;Да
'01-0016';'Бронницкая ул.';7;;;;;;;;;;Да
'01-0051';'Верейская ул.';11;;;;;;;;;;Да
'01-0052';'Верейская ул.';12;;;;;;;;;;Да
'01-0053';'Верейская ул.';13;;;;;;;;;Да;
'01-0054';'Верейская ул.';'13б';;;;;;;;;;Да
'01-0055';'Верейская ул.';14;;;;;;;;;;Да
'01-0059';'Верейская ул.';17;;;;;;;;;;Да
'01-0060';'Верейская ул.';18;;;;;;;;;;Да
'01-0061';'Верейская ул.';19;;;;;;;;;;Да
'01-0062';'Верейская ул.';'22-24';;;;;;;;;;Да
'01-0064';'Верейская ул.';23;;;;;;;;;;Да
'01-0065';'Верейская ул.';25;;;;;;;;;;Да
'01-0067';'Верейская ул.';26;;;;;;;;;;Да
'01-0044';'Верейская ул.';'2/60';;;;;;;;;;Да
'01-0045';'Верейская ул.';'2/60';;;;;;;;;;Да
'01-0068';'Верейская ул.';27;;;;;;;;;;Да
'01-0070';'Верейская ул.';28;;;;;;;;;;Да
'01-0071';'Верейская ул.';29;;;;;;;;;;Да
'01-0072';'Верейская ул.';31;;;;;;;;;;Да
'01-0074';'Верейская ул.';33;;;;;;;;;;Да
'01-0075';'Верейская ул.';35;;;;;;;;;;Да
'01-0076';'Верейская ул.';'37-39';;;;;;;;;;Да
'01-0077';'Верейская ул.';40;;;;;;;;;;Да
'01-0078';'Верейская ул.';42;;;;;;;;;;Да
'01-0079';'Верейская ул.';44;;;;;;;;;;Да
'01-0080';'Верейская ул.';45;;;;;;;;;;Да
'01-0081';'Верейская ул.';46;;;;;;;;;;Да
'01-0082';'Верейская ул.';'47/107';;;;;;;;;;Да
'01-0046';'Верейская ул.';5;;;;;;;;;;Да
'01-0083';'Верейская ул.';'54/105';;;;;;;;;;Да
'01-0047';'Верейская ул.';6;;;;;;;;;;Да
'01-0049';'Верейская ул.';'8-10';;;;;;;;;;Да
'01-0050';'Верейская ул.';9;;;;;;;;;;Да
129261;'ВИТЕБСКАЯ ул.';10;;;;;;;;;;Да
129262;'ВИТЕБСКАЯ ул.';12;;;;;;;;;;Да
129264;'ВИТЕБСКАЯ ул.';15;;;;;;;;;;Да
129268;'ВИТЕБСКАЯ ул.';3;;;;;;;;;;Да
129269;'ВИТЕБСКАЯ ул.';4;;;;;;;;;;Да
129271;'ВИТЕБСКАЯ ул.';'5/6';;;;;;;;;;Да
129274;'ВОЛОДИ ЕРМАКА ул.';17;;;;;;;;;;Да
129277;'ГАЛЕРНАЯ ул.';11;;;;;;;;;;Да
129278;'ГАЛЕРНАЯ ул.';16;;;;;;;;;;Да
129279;'ГАЛЕРНАЯ ул.';17;;;;;;;;;;Да
129280;'ГАЛЕРНАЯ ул.';18;;;;;;;;;;Да
129281;'ГАЛЕРНАЯ ул.';19;;;;;;;;;;Да
129282;'ГАЛЕРНАЯ ул.';21;;;;;;;;;;Да
129283;'ГАЛЕРНАЯ ул.';23;;;;;;;;;;Да
129284;'ГАЛЕРНАЯ ул.';25;;;;;;;;;;Да
129285;'ГАЛЕРНАЯ ул.';26;;;;;;;;;;Да
129286;'ГАЛЕРНАЯ ул.';28;;;;;;;;;;Да
129287;'ГАЛЕРНАЯ ул.';28;;;;;;;;;;Да
129288;'ГАЛЕРНАЯ ул.';28;;;;;;;;;;Да
129289;'ГАЛЕРНАЯ ул.';29;;;;;;;;;;Да
129290;'ГАЛЕРНАЯ ул.';30;;;;;;;;;;Да
129291;'ГАЛЕРНАЯ ул.';32;;;;;;;;;;Да
129292;'ГАЛЕРНАЯ ул.';32;;;;;;;;;;Да
129293;'ГАЛЕРНАЯ ул.';4;;;;;;;;;;Да
129294;'ГАЛЕРНАЯ ул.';41;;;;;;;;;;Да
129295;'ГАЛЕРНАЯ ул.';42;;;;;;;;;;Да
129296;'ГАЛЕРНАЯ ул.';43;;;;;;;;;;Да
129300;'ГАЛЕРНАЯ ул.';46;;;;;;;;;;Да
129301;'ГАЛЕРНАЯ ул.';47;;;;;;;;;;Да
129302;'ГАЛЕРНАЯ ул.';48;;;;;;;;;;Да
129303;'ГАЛЕРНАЯ ул.';49;;;;;;;;;;Да
129304;'ГАЛЕРНАЯ ул.';49;;;;;Да;;Да;Да;;
129305;'ГАЛЕРНАЯ ул.';52;;;;;;;;;;Да
129307;'ГАЛЕРНАЯ ул.';54;;;;;;;;;;Да
129309;'ГАЛЕРНАЯ ул.';56;;;;;;;;;;Да
129310;'ГАЛЕРНАЯ ул.';56;;;;;;;;;;Да
129311;'ГАЛЕРНАЯ ул.';59;;;;;;;;;;Да
129312;'ГАЛЕРНАЯ ул.';61;;;;;;;;;;Да
129314;'ГАЛЕРНАЯ ул.';67;;;;;;;;;;Да
129317;'ГАЛЕРНАЯ ул.';8;;;;;;;;;;Да
'01-0084';'Гороховая ул.';52;;;;;;;;;;Да
'01-0085';'Гороховая ул.';54;;;;;;;;;;Да
'01-0088';'Гороховая ул.';56;;;;;;;;;;Да
'01-0090';'Гороховая ул.';58;;;;;;;;;;Да
'01-0091';'Гороховая ул.';60;;;;;;;;;;Да
'01-0093';'Гороховая ул.';'61/1';;;;;;;;;;Да
'01-0094';'Гороховая ул.';62;;;;;;;;;;Да
'01-0095';'Гороховая ул.';62;;;;;;;;;;Да
'01-0096';'Гороховая ул.';64;;;;;;;;;;Да
'01-0098';'Гороховая ул.';65;;;;;;;;;;Да
'01-0099';'Гороховая ул.';66;;;;;;;;;;Да
'01-0100';'Гороховая ул.';66;;;;;;;;;;Да
'01-0101';'Гороховая ул.';67;;;;;;;;;;Да
'01-0102';'Гороховая ул.';68;;;;;;;;;;Да
'01-0103';'Гороховая ул.';69;;;;;;;;;;Да
'01-0104';'Гороховая ул.';71;;;;;;;;;;Да
'01-0105';'Гороховая ул.';71;;;;;;;;;;Да
'01-0106';'Гороховая ул.';73;;;;;;;;;;Да
'01-0107';'Гороховая ул.';75;;;;;;;;;;Да
'01-0108';'Гороховая ул.';77;;;;;;;;;;Да
'01-0109';'Гороховая ул.';79;;;;;;;;;;Да
129318;'ГОРОХОВАЯ ул.';3;;;;;;;;;;Да
129319;'ГРИБОЕДОВА наб.канала';124;;;;;;;;;;Да
129320;'ГРИБОЕДОВА наб.канала';130;;;;;;;;;;Да
129321;'ГРИБОЕДОВА наб.канала';136;;;;;;;;;;Да
129322;'ГРИБОЕДОВА наб.канала';138;;;;;;;;;;Да
129323;'ГРИБОЕДОВА наб.канала';140;;;;;;;;;;Да
129324;'ГРИБОЕДОВА наб.канала';142;;;;;;;;;;Да
129326;'ГРИБОЕДОВА наб.канала';152;;;;;;;;;;Да
129327;'ГРИБОЕДОВА наб.канала';154;;;;;;;;;;Да
129329;'ГРИБОЕДОВА наб.канала';158;;;;;;;;;;Да
129330;'ГРИБОЕДОВА наб.канала';162;;;;;;;;;;Да
129331;'ГРИБОЕДОВА наб.канала';164;;;;;;;;;;Да
129332;'ГРИБОЕДОВА наб.канала';168;;;;;;;;;;Да
129333;'ГРИБОЕДОВА наб.канала';170;;;;;;;;;;Да
129334;'ГРИБОЕДОВА наб.канала';170;;;;;;;;;;Да
129335;'ГРИБОЕДОВА наб.канала';170;;;;;;;;;;Да
129336;'ГРИБОЕДОВА наб.канала';174;;;;;Да;;Да;Да;;
129337;'ДЕКАБРИСТОВ ул.';29;;;;;;;;;;Да
129338;'ДЕКАБРИСТОВ ул.';29;;;;;;;;;;Да
129339;'ДЕКАБРИСТОВ ул.';29;;;;;;;;;;Да
129340;'ДЕКАБРИСТОВ ул.';31;;;;;;;;;;Да
129341;'ДЕКАБРИСТОВ ул.';33;;;;;;;;;;Да
129342;'ДЕКАБРИСТОВ ул.';33;;;;;;;;;;Да
129343;'ДЕКАБРИСТОВ ул.';'36/1';;;;;;;;;;Да
129344;'ДЕКАБРИСТОВ ул.';37;;;;;;;;;;Да
129345;'ДЕКАБРИСТОВ ул.';37;;;;;;;;;;Да
129346;'ДЕКАБРИСТОВ ул.';39;;;;;;;;;;Да
129347;'ДЕКАБРИСТОВ ул.';41;;;;;;;;;;Да
129348;'ДЕКАБРИСТОВ ул.';'43-45';;;;;;;;;;Да
129349;'ДЕКАБРИСТОВ ул.';'43-45';;;;;;;;;;Да
129350;'ДЕКАБРИСТОВ ул.';46;;;;;;;;;;Да
129351;'ДЕКАБРИСТОВ ул.';48;;;;;;;;;;Да
129352;'ДЕКАБРИСТОВ ул.';50;;;;;;;;;;Да
129353;'ДЕКАБРИСТОВ ул.';51;;;;;;;;;;Да
129354;'ДЕКАБРИСТОВ ул.';51;;;;;;;;;;Да
129355;'ДЕКАБРИСТОВ ул.';52;;;;;;;;;;Да
129356;'ДЕКАБРИСТОВ ул.';54;;;;;;;;;;Да
129357;'ДЕКАБРИСТОВ ул.';54;;;;;;;;;;Да
129358;'ДЕКАБРИСТОВ ул.';56;;;;;;;;;;Да
129359;'ДЕКАБРИСТОВ ул.';56;;;;;;;;;;Да
129360;'ДЕКАБРИСТОВ ул.';57;;;;;;;;;;Да
129361;'ДЕКАБРИСТОВ ул.';58;;;;;;;;;;Да
129362;'ДЕКАБРИСТОВ ул.';'62-64';;;;;;;;;;Да
129364;'ДЕРПТСКИЙ пер.';14;;;;;;;;;;Да
129365;'ДЕРПТСКИЙ пер.';15;;;;;;;;;;Да
'01-0110';'Дойникоа пер.';'4-6';;;;;;;;;;Да
'01-0111';'Дойникоа пер.';'5/7';;;;;;;;;;Да
129366;'ДРОВЯНАЯ ул.';6;;;;;;;;;;Да
129367;'ДРОВЯНАЯ ул.';8;;;;;;;;;;Да
129368;'ДРОВЯНОЙ пер.';10;;;;;;;;;;Да
129369;'ДРОВЯНОЙ пер.';12;;;;;;;;;;Да
129370;'ДРОВЯНОЙ пер.';14;;;;;;;;;;Да
129372;'ДРОВЯНОЙ пер.';20;;;;;;;;;;Да
129373;'ДРОВЯНОЙ пер.';20;;;;;;;;;;Да
129374;'ДРОВЯНОЙ пер.';22;;;;;;;;;;Да
129376;'ДРОВЯНОЙ пер.';3;;;;;;;;;;Да
129377;'ДРОВЯНОЙ пер.';4;;;;;;;;;;Да
129378;'ДРОВЯНОЙ пер.';7;;;;;;;;;;Да
129379;'ДРОВЯНОЙ пер.';8;;;;;;;;;;Да
129381;'ДРОВЯНОЙ пер.';'9/79';;;;;;;;;;Да
129382;'ЕГОРОВА ул.';18;;;;;;;;;;Да
129383;'ЕГОРОВА ул.';28;;;;;;;;;;Да
'01-0113';'Загородный пр.';43;;;;;;;;;;Да
'01-0114';'Загородный пр.';64;;;;;;;;;;Да
129385;'ИЗМАЙЛОВСКИЙ пр.';1;;;;;;;;;;Да
129386;'ИЗМАЙЛОВСКИЙ пр.';11;;;;;;;;;;Да
129387;'ИЗМАЙЛОВСКИЙ пр.';18;;;;;;;;;;Да
129388;'ИЗМАЙЛОВСКИЙ пр.';18;;;;;Да;Да;Да;Да;;
129390;'ИЗМАЙЛОВСКИЙ пр.';18;;;;;Да;;Да;Да;;
129392;'ИЗМАЙЛОВСКИЙ пр.';18;;;;;Да;;Да;Да;;
129393;'ИЗМАЙЛОВСКИЙ пр.';19;;;;;;;;;;Да
129394;'ИЗМАЙЛОВСКИЙ пр.';2;;;;;Да;;Да;Да;;
129395;'ИЗМАЙЛОВСКИЙ пр.';20;;;;;;;;;;Да
129397;'ИЗМАЙЛОВСКИЙ пр.';20;;;;;Да;;Да;Да;;
129398;'ИЗМАЙЛОВСКИЙ пр.';22;;;;;;;;;;Да
129399;'ИЗМАЙЛОВСКИЙ пр.';22;;;;;;;Да;Да;;
129400;'ИЗМАЙЛОВСКИЙ пр.';23;;;;;;;;;;Да
129401;'ИЗМАЙЛОВСКИЙ пр.';25;;;;;;;;;;Да
129402;'ИЗМАЙЛОВСКИЙ пр.';3;;;;;;;;;;Да
129403;'ИЗМАЙЛОВСКИЙ пр.';31;;;;;;;;;;Да
129404;'ИЗМАЙЛОВСКИЙ пр.';31;;;;;;;;;;Да
129405;'ИЗМАЙЛОВСКИЙ пр.';5;;;;;;;;;;Да
129406;'ИЗМАЙЛОВСКИЙ пр.';7;;;;;;;;;;Да
129407;'ИЗМАЙЛОВСКИЙ пр.';7;;;;;;;;;;Да
129408;'КАЛИНКИН пер.';4;;;;;;;;;;Да
129409;'КАНОНЕРСКАЯ ул.';'11/8';;;;;;;;;;Да
129410;'КАНОНЕРСКАЯ ул.';14;;;;;;;;;;Да
129411;'КАНОНЕРСКАЯ ул.';17;;;;;;;;;;Да
129412;'КАНОНЕРСКАЯ ул.';'19-21';;;;;;;;;;Да
129413;'КАНОНЕРСКАЯ ул.';27;;;;;;;;;;Да
129414;'КАНОНЕРСКАЯ ул.';29;;;;;;;;;;Да
129415;'КАНОНЕРСКАЯ ул.';29;;;;;;;;;;Да
129416;'КАНОНЕРСКАЯ ул.';3;;;;;;;;;;Да
129417;'КАНОНЕРСКАЯ ул.';31;;;;;;;;;;Да
129418;'КАНОНЕРСКАЯ ул.';4;;;;;;;;;;Да
129419;'КАНОНЕРСКАЯ ул.';4;;;;;;;;;;Да
129420;'КАНОНЕРСКАЯ ул.';5;;;;;;;;;;Да
129421;'КАНОНЕРСКАЯ ул.';'7-9';;;;;;;;;;Да
129422;'КАНОНЕРСКАЯ ул.';'7-9';;;;;;;;;;Да
129424;'КЛИМОВ пер.';3;;;;;;;;;;Да
129425;'КЛИМОВ пер.';4;;;;;;;;;;Да
129426;'КЛИМОВ пер.';5;;;;;;;;;;Да
129427;'КЛИМОВ пер.';7;;;;;;;;;;Да
129429;'КЛИМОВ пер.';8;;;;;;;;;;Да
129430;'КЛИМОВ пер.';9;;;;;;;;;;Да
'01-0116';'Клинский пр.';21;;;;;;;;;;Да
'01-0117';'Клинский пр.';23;;;;;;;;;;Да
'01-0118';'Клинский пр.';'26/2';;;;;;;;;Да;Да
'01-0115';'Клинский пр.';8;;;;;;;;;;Да
129431;'КОННОГВАРДЕЙСКИЙ бульвар';11;;;;;;;;;;Да
129432;'КОННОГВАРДЕЙСКИЙ бульвар';9;;;;;;;;;;Да
129433;'КОННОГВАРДЕЙСКИЙ бульвар';9;;;;;;;;;;Да
129434;'КОННОГВАРДЕЙСКИЙ пер.';6;;;;;;;;;;Да
129435;'КРАСУЦКОГО ул.';2;;;;;;;;;;Да
129436;'КРЮКОВА наб.канала';15;;;;;;;;;;Да
129437;'КРЮКОВА наб.канала';17;;;;;;;;;;Да
129438;'КРЮКОВА наб.канала';19;;;;;;;;;;Да
129439;'КРЮКОВА наб.канала';23;;;;;;;;;;Да
129441;'КРЮКОВА наб.канала';31;;;;;;;;;;Да
129442;'КРЮКОВА наб.канала';'7/2';;;;;;;;;;Да
129443;'КРЮКОВА наб.канала';9;;;;;;;;;;Да
129444;'КУРЛЯНДСКАЯ ул.';4;;;;;;;;;;Да
129445;'КУРЛЯНДСКАЯ ул.';8;;;;;;;;;;Да
129446;'КУРЛЯНДСКАЯ ул.';8;;;;;;;;;;Да
129449;'ЛАБУТИНА ул.';12;;;;;;;;;;Да
129451;'ЛАБУТИНА ул.';13;;;;;;;;;;Да
129454;'ЛАБУТИНА ул.';16;;;;;;;;;;Да
129455;'ЛАБУТИНА ул.';16;;;;;;;;;;Да
129457;'ЛАБУТИНА ул.';'20-22';;;;;;;;;;Да
129458;'ЛАБУТИНА ул.';'20-22';;;;;;;;;;Да
129459;'ЛАБУТИНА ул.';3;;;;;;;;;;Да
129460;'ЛАБУТИНА ул.';30;;;;;;;;;;Да
129462;'ЛАБУТИНА ул.';36;;;;;;;;;;Да
129463;'ЛАБУТИНА ул.';36;;;;;;;;;;Да
129464;'ЛАБУТИНА ул.';'4/2';;;;;;;;;;Да
129466;'ЛАБУТИНА ул.';8;;;;;;;;;;Да
129467;'ЛЕРМОНТОВСКИЙ пр.';'10/53';;;;;;;;;;Да
129468;'ЛЕРМОНТОВСКИЙ пр.';12;;;;;;;;;;Да
129471;'ЛЕРМОНТОВСКИЙ пр.';17;;;;;;;;;;Да
129472;'ЛЕРМОНТОВСКИЙ пр.';18;;;;;;;;;;Да
129473;'ЛЕРМОНТОВСКИЙ пр.';20;;;;;;;;;;Да
129474;'ЛЕРМОНТОВСКИЙ пр.';22;;;;;;;;;;Да
129475;'ЛЕРМОНТОВСКИЙ пр.';23;;;;;;;;;;Да
129476;'ЛЕРМОНТОВСКИЙ пр.';23;;;;;;;;;;Да
129477;'ЛЕРМОНТОВСКИЙ пр.';24;;;;;;;;;;Да
129478;'ЛЕРМОНТОВСКИЙ пр.';26;;;;;;;;;;Да
129479;'ЛЕРМОНТОВСКИЙ пр.';27;;;;;Да;;;;;Да
129480;'ЛЕРМОНТОВСКИЙ пр.';28;;;;;;;;;;Да
129481;'ЛЕРМОНТОВСКИЙ пр.';29;;;;;;;;;;Да
129482;'ЛЕРМОНТОВСКИЙ пр.';3;;;;;;;;;;Да
129483;'ЛЕРМОНТОВСКИЙ пр.';3;;;;;Да;Да;Да;Да;;
129484;'ЛЕРМОНТОВСКИЙ пр.';3;;;;;;;;;;Да
129485;'ЛЕРМОНТОВСКИЙ пр.';30;;;;;;;;;;Да
129486;'ЛЕРМОНТОВСКИЙ пр.';31;;;;;;;;;;Да
129487;'ЛЕРМОНТОВСКИЙ пр.';33;;;;;;;;;;Да
129488;'ЛЕРМОНТОВСКИЙ пр.';35;;;;;;;;;;Да
129489;'ЛЕРМОНТОВСКИЙ пр.';37;;;;;;;;;;Да
129490;'ЛЕРМОНТОВСКИЙ пр.';4;;;;;;;;;;Да
129491;'ЛЕРМОНТОВСКИЙ пр.';'40-42';;;;;;;;;;Да
129492;'ЛЕРМОНТОВСКИЙ пр.';'40-42';;;;;;;;;;Да
129494;'ЛЕРМОНТОВСКИЙ пр.';'40-42';;;;;Да;Да;Да;Да;;
129495;'ЛЕРМОНТОВСКИЙ пр.';48;;;;;;;;;;Да
129496;'ЛЕРМОНТОВСКИЙ пр.';49;;;;;;;;;;Да
129498;'ЛЕРМОНТОВСКИЙ пр.';50;;;;;;;;;;Да
129497;'ЛЕРМОНТОВСКИЙ пр.';'5/11';;;;;;;;;;Да
129499;'ЛЕРМОНТОВСКИЙ пр.';55;;;;;;;;;;Да
129500;'ЛЕРМОНТОВСКИЙ пр.';'7/12';;;;;;;;;;Да
129501;'ЛЕРМОНТОВСКИЙ пр.';8;;;;;;;;;;Да
129502;'ЛЕРМОНТОВСКИЙ пр.';'8/10а';;;;;;;;;;Да
129503;'ЛЕРМОНТОВСКИЙ пр.';'9/55';;;;;;;;;;Да
129504;'ЛОДЫГИНА пер.';'9/7';;;;;;;;;;Да
129505;'ЛЮБЛИНСКИЙ пер.';'1/3';;;;;;;;;;Да
129506;'ЛЮБЛИНСКИЙ пер.';'2/5';;;;;;;;;;Да
129509;'ЛЮБЛИНСКИЙ пер.';4;;;;;;;;;;Да
129510;'ЛЮБЛИНСКИЙ пер.';7;;;;;;;;;;Да
129511;'ЛЮБЛИНСКИЙ пер.';7;;;;;;;;;;Да
129513;'МАКАРЕНКО пер.';10;;;;;;;;;;Да
129514;'МАКАРЕНКО пер.';11;;;;;;;;;;Да
129515;'МАКАРЕНКО пер.';13;;;;;;;;;;Да
129516;'МАКАРЕНКО пер.';'15/147';;;;;;;;;;Да
129517;'МАКАРЕНКО пер.';3;;;;;;;;;;Да
129519;'МАКАРЕНКО пер.';'6-8';;;;;;;;;;Да
129520;'МАКАРЕНКО пер.';7;;;;;;;;;;Да
129521;'МАКАРЕНКО пер.';9;;;;;;;;;;Да
'01-0119';'Малодетскосельский пр.';'22/29';;;;;;;;;;Да
'01-0120';'Малодетскосельский пр.';26;;;;;;;;;;Да
'01-0121';'Малодетскосельский пр.';28;;;;;;;;;;Да
'01-0123';'Малодетскосельский пр.';30;;;;;;;;;;Да
'01-0124';'Малодетскосельский пр.';31;;;;;;;;;;Да
'01-0125';'Малодетскосельский пр.';32;;;;;;;;;;Да
'01-0126';'Малодетскосельский пр.';34;;;;;;;;;;Да
'01-0127';'Малодетскосельский пр.';36;;;;;;;;;;Да
'01-0128';'Малодетскосельский пр.';38;;;;;;;;;;Да
'01-0130';'Малодетскосельский пр.';38;;;;;;;;;;Да
'01-0131';'Малодетскосельский пр.';38;;;;;;;;;;Да
129522;'МАСТЕРСКАЯ ул.';3;;;;;;;;;;Да
129512;'М.МОРСКАЯ ул.';19;;;;;;;;;;Да
'01-0138';'Можайская ул.';10;;;;;;;;;;Да
'01-0139';'Можайская ул.';11;;;;;;;;;;Да
'01-0140';'Можайская ул.';12;;;;;;;;;;Да
'01-0141';'Можайская ул.';13;;;;;;;;;;Да
'01-0142';'Можайская ул.';14;;;;;;;;;;Да
'01-0144';'Можайская ул.';15;;;;;;;;;;Да
'01-0132';'Можайская ул.';2;;;;;;;;;;Да
'01-0147';'Можайская ул.';28;;;;;;;;;;Да
'01-0148';'Можайская ул.';28;;;;;;;;;;Да
'01-0149';'Можайская ул.';29;;;;;;;;;;Да
'01-0150';'Можайская ул.';30;;;;;;;;;;Да
'01-0152';'Можайская ул.';31;;;;;;;;;;Да
'01-0153';'Можайская ул.';33;;;;;;;;;;Да
'01-0154';'Можайская ул.';34;;;;;;;;;;Да
'01-0133';'Можайская ул.';'3/5';;;;;;;;;;Да
'01-0156';'Можайская ул.';'37-39';;;;;;;;;;Да
'01-0157';'Можайская ул.';40;;;;;;;;;;Да
'01-0158';'Можайская ул.';41;;;;;;;;;;Да
'01-0159';'Можайская ул.';42;;;;;;;;;;Да
'01-0160';'Можайская ул.';43;;;;;;;;;;Да
'01-0162';'Можайская ул.';45;;;;;;;;;;Да
'01-0136';'Можайская ул.';8;;;;;;;;;;Да
'01-0137';'Можайская ул.';9;;;;;;;;;;Да
129524;'МОЙКИ наб.реки';104;;;;;;;;;;Да
129525;'МОЙКИ наб.реки';110;;;;;;;;;;Да
129527;'МОЙКИ наб.реки';112;;;;;;;;;;Да
'01-0163';'Московский пр.';18;;;;;;;;;;Да
'01-0164';'Московский пр.';18;;;;;;;;;;Да
'01-0165';'Московский пр.';20;;;;;;;;;;Да
'01-0166';'Московский пр.';32;;;;;;;;;;Да
'01-0167';'Московский пр.';32;;;;;;;;;;Да
'01-0168';'Московский пр.';34;;;;;;;;;;Да
'01-0169';'Московский пр.';36;;;;;;;;;;Да
'01-0170';'Московский пр.';38;;;;;;;;;;Да
'01-0171';'Московский пр.';40;;;;;;;;;;Да
'01-0172';'Московский пр.';'42/27';;;;;;;;;;Да
'01-0173';'Московский пр.';'42/27';;;;;;;;Да;;
'01-0174';'Московский пр.';'48/33';;;;;;;;;;Да
'01-0175';'Московский пр.';'50/42';;;;;;;;;;Да
'01-0176';'Московский пр.';54;;;;;;;;;;Да
129528;'МОСКОВСКИЙ пр.';'37/1';;;;;;;;;;Да
129529;'МОСКОВСКИЙ пр.';45;;;;;;;;;;Да
129530;'МОСКОВСКИЙ пр.';45;;;;;;;;;;Да
129531;'МОСКОВСКИЙ пр.';45;;;;;;;;;;Да
129532;'МОСКОВСКИЙ пр.';47;;;;;;;;;;Да
129533;'МОСКОВСКИЙ пр.';49;;;;;;;;;;Да
129534;'МОСКОВСКИЙ пр.';49;;;;;;;;;;Да
129535;'МОСКОВСКИЙ пр.';49;;;;;;;;;;Да
129536;'МОСКОВСКИЙ пр.';51;;;;;;;;;;Да
129537;'МОСКОВСКИЙ пр.';53;;;;;;;;;;Да
129538;'МОСКОВСКИЙ пр.';57;;;;;;;;;;Да
129539;'МОСКОВСКИЙ пр.';57;;;;;;;;;;Да
129540;'МОСКОВСКИЙ пр.';59;;;;;;;;;;Да
129541;'МОСКОВСКИЙ пр.';61;;;;;;;;;;Да
129542;'МОСКОВСКИЙ пр.';63;;;;;;;;;;Да
129543;'МОСКОВСКИЙ пр.';75;;;;;;;;;;Да
129544;'МОСКОВСКИЙ пр.';79;;;;;;;;;;Да
129545;'МОСКОВСКИЙ пр.';79;;;;;;;;;;Да
129546;'МЯСНАЯ ул.';10;;;;;;;;;;Да
129547;'МЯСНАЯ ул.';18;;;;;;;;;;Да
129548;'МЯСНАЯ ул.';20;;;;;;;;;;Да
'01-0177';'наб. Обводного канала';121;;;;;;;;;;Да
'01-0178';'наб. Обводного канала';121;;;;;;;;;;Да
'01-0179';'наб. Обводного канала';123;;;;;;;;;;Да
'01-0180';'наб. Обводного канала';127;;;;;;;;;;Да
'01-0181';'наб. Обводного канала';127;;;;;;;;;;Да
'01-0278';'наб. реки Фонтанки';102;;;;;;;;;;Да
'01-0269';'наб. реки Фонтанки';104;;;;;;;;;;Да
'01-0279';'наб. реки Фонтанки';108;;;;;;;;;;Да
'01-0281';'наб. реки Фонтанки';'110/16';;;;;;;;;;Да
'01-0282';'наб. реки Фонтанки';'110/16';;;;;;;;;;Да
'01-0268';'наб. реки Фонтанки';90;;;;;;;;;;Да
'01-0270';'наб. реки Фонтанки';90;;;;;;;;;;Да
'01-0272';'наб. реки Фонтанки';94;;;;;;;;;;Да
'01-0274';'наб. реки Фонтанки';96;;;;;;;;;;Да
'01-0275';'наб. реки Фонтанки';98;;;;;;;;;;Да
'01-0276';'наб. реки Фонтанки';98;;;;;;;;;;Да
'01-0277';'наб. реки Фонтанки';98;;;;;;;;;;Да
129553;'ОБВОДНОГО канала наб.';'118б';;;;;;;;;;Да
129554;'ОБВОДНОГО канала наб.';135;;;;;;;;;;Да
129555;'ОБВОДНОГО канала наб.';141;;;;;;;;;;Да
129556;'ОБВОДНОГО канала наб.';141;;;;;Да;;Да;Да;;
129557;'ОБВОДНОГО канала наб.';145;;;;;;;;;;Да
129558;'ОБВОДНОГО канала наб.';145;;;;;;;;;;Да
129559;'ОБВОДНОГО канала наб.';'147-149';;;;;Да;;Да;Да;;
129560;'ОБВОДНОГО канала наб.';'147-149';;;;;;;;;;Да
129561;'ОБВОДНОГО канала наб.';'147-149';;;;;;;;;;Да
129563;'ОБВОДНОГО канала наб.';'147-149';;;;;;;;;;Да
129564;'ОБВОДНОГО канала наб.';'151-153';;;;;Да;;;;;Да
129565;'ОБВОДНОГО канала наб.';155;;;;;;;;;;Да
129567;'ОБВОДНОГО канала наб.';'157-159';;;;;;;;;;Да
129568;'ОБВОДНОГО канала наб.';'157-159';;;;;;;;;;Да
129569;'ОБВОДНОГО канала наб.';'157-159';;;;;;;;;;Да
129570;'ОБВОДНОГО канала наб.';'157-159';;;;;;;;;;Да
129571;'ОБВОДНОГО канала наб.';165;;;;;;;;;;Да
129572;'ОБВОДНОГО канала наб.';183;;;;;;;;;;Да
129573;'ПАСТОРОВА ул.';3;;;;;;;;;;Да
129575;'ПАСТОРОВА ул.';5;;;;;;;;;;Да
129576;'ПАСТОРОВА ул.';6;;;;;;;;;;Да
'01-001101';'ПИРОГОВА ПЕР,';5;;;;;Да;;;Да;;
129579;'ПИСАРЕВА ул.';10;;;;;Да;;Да;Да;;
129581;'ПИСАРЕВА ул.';5;;;;;;;;;;Да
129583;'ПИСАРЕВА ул.';'6-8';;;;;;;;;;Да
129584;'ПИСАРЕВА ул.';'6-8';;;;;;;;;;Да
'01-0189';'Подольская ул.';13;;;;;;;;;;Да
'01-0182';'Подольская ул.';'1-3-5';;;;;;;;;;Да
'01-0190';'Подольская ул.';14;;;;;;;;;;Да
'01-0191';'Подольская ул.';15;;;;;;;;;;Да
'01-0192';'Подольская ул.';16;;;;;;;;;;Да
'01-0193';'Подольская ул.';17;;;;;;;;;;Да
'01-0194';'Подольская ул.';19;;;;;;;;;;Да
'01-0195';'Подольская ул.';21;;;;;;;;;;Да
'01-0196';'Подольская ул.';'23/16';;;;;;;;;;Да
'01-0197';'Подольская ул.';25;;;;;;;;;;Да
'01-0198';'Подольская ул.';27;;;;;;;;;;Да
'01-0199';'Подольская ул.';28;;;;;;;;;;Да
'01-0200';'Подольская ул.';31;;;;;;;;;;Да
'01-0201';'Подольская ул.';33;;;;;;;;;;Да
'01-0202';'Подольская ул.';34;;;;;;;;;;Да
'01-0204';'Подольская ул.';38;;;;;;;;;;Да
'01-0205';'Подольская ул.';'39/14';;;;;;;;;;Да
'01-0206';'Подольская ул.';40;;;;;;;;;;Да
'01-0207';'Подольская ул.';41;;;;;;;;;;Да
'01-0208';'Подольская ул.';41;;;;;;;;;;Да
'01-0209';'Подольская ул.';42;;;;;;;;;;Да
'01-0183';'Подольская ул.';'4/3';;;;;;;;;;Да
'01-0211';'Подольская ул.';'44-48';;;;;;;;;;Да
'01-0212';'Подольская ул.';45;;;;;;;;;;Да
'01-0213';'Подольская ул.';50;;;;;;;;;;Да
'01-0214';'Подольская ул.';50;;;;;;;;;;Да
'01-0186';'Подольская ул.';'9-11';;;;;;;;;;Да
'01-0221';'Подъездной пер.';10;;;;;;;;;;Да
'01-0222';'Подъездной пер.';11;;;;;;;;;;Да
'01-0223';'Подъездной пер.';14;;;;;;;;;;Да
'01-0224';'Подъездной пер.';17;;;;;;;;;;Да
'01-0215';'Подъездной пер.';3;;;;;;;;;;Да
'01-0216';'Подъездной пер.';3;;;;;;;;;;Да
'01-0218';'Подъездной пер.';5;;;;;;;;;;Да
'01-0219';'Подъездной пер.';7;;;;;;;;;;Да
'01-0220';'Подъездной пер.';8;;;;;;;;;;Да
129585;'ПОЧТАМТСКАЯ ул.';10;;;;;;;;;;Да
129586;'ПОЧТАМТСКАЯ ул.';11;;;;;;;;;;Да
129587;'ПОЧТАМТСКАЯ ул.';12;;;;;;;;;;Да
129588;'ПОЧТАМТСКАЯ ул.';13;;;;;;;;;;Да
129589;'ПОЧТАМТСКАЯ ул.';2;;;;;;;;;;Да
129590;'ПОЧТАМТСКАЯ ул.';2;;;;;Да;;Да;Да;;
129591;'ПОЧТАМТСКАЯ ул.';20;;;;;;;;;;Да
129592;'ПОЧТАМТСКАЯ ул.';6;;;;;;;;;;Да
129593;'ПОЧТАМТСКИЙ пер.';2;;;;;;;;;;Да
129594;'ПРЯДИЛЬНЫЙ пер.';12;;;;;Да;;Да;Да;;
129597;'ПРЯДИЛЬНЫЙ пер.';'7/165';;;;;;;;;;Да
129598;'ПРЯДИЛЬНЫЙ пер.';'8-10';;;;;;;;;;Да
129599;'ПРЯЖКИ наб.реки';'18-20';;;;;;;;;;Да
129600;'ПРЯЖКИ наб.реки';28;;;;;;;;;;Да
129602;'ПРЯЖКИ наб.реки';34;;;;;;;;;;Да
129603;'ПРЯЖКИ наб.реки';36;;;;;;;;;;Да
129604;'ПРЯЖКИ наб.реки';38;;;;;;;;;;Да
129605;'ПРЯЖКИ наб.реки';38;;;;;;;;;;Да
129606;'ПРЯЖКИ наб.реки';40;;;;;;;;;;Да
129607;'ПРЯЖКИ наб.реки';40;;;;;;;;;;Да
129610;'ПРЯЖКИ наб.реки';50;;;;;;;;;;Да
129612;'ПСКОВСКАЯ ул.';'10-12';;;;;;;;;;Да
129613;'ПСКОВСКАЯ ул.';'11/22';;;;;;;;;;Да
129611;'ПСКОВСКАЯ ул.';'1/13';;;;;;;;;;Да
129617;'ПСКОВСКАЯ ул.';22;;;;;;;;;;Да
129618;'ПСКОВСКАЯ ул.';3;;;;;;;;;;Да
129619;'ПСКОВСКАЯ ул.';3;;;;;;;;;;Да
129620;'ПСКОВСКАЯ ул.';5;;;;;;;;;;Да
129621;'ПСКОВСКАЯ ул.';6;;;;;;;;;;Да
129623;'ПСКОВСКАЯ ул.';8;;;;;;;;;;Да
129624;'РАБОЧИЙ пер.';'4/8';;;;;;;;;;Да
129625;'РИЖСКИЙ пр.';10;;;;;;;;;;Да
129626;'РИЖСКИЙ пр.';12;;;;;;;;;;Да
129627;'РИЖСКИЙ пр.';14;;;;;;;;;;Да
129628;'РИЖСКИЙ пр.';18;;;;;;;;;;Да
129629;'РИЖСКИЙ пр.';19;;;;;;;;;;Да
129632;'РИЖСКИЙ пр.';19;;;;;;;;;;Да
129633;'РИЖСКИЙ пр.';20;;;;;;;;;;Да
129634;'РИЖСКИЙ пр.';22;;;;;;;;;;Да
129635;'РИЖСКИЙ пр.';36;;;;;;;;;;Да
129636;'РИЖСКИЙ пр.';8;;;;;Да;;Да;Да;;
129637;'РИМСКОГО-КОРСАКОВА пр.';103;;;;;;;;;;Да
129638;'РИМСКОГО-КОРСАКОВА пр.';20;;;;;;;;;;Да
129639;'РИМСКОГО-КОРСАКОВА пр.';24;;;;;Да;;Да;Да;;
129640;'РИМСКОГО-КОРСАКОВА пр.';49;;;;;;;;;;Да
129641;'РИМСКОГО-КОРСАКОВА пр.';51;;;;;;;;;;Да
129643;'РИМСКОГО-КОРСАКОВА пр.';59;;;;;;;;;;Да
129647;'РИМСКОГО-КОРСАКОВА пр.';63;;;;;;;;;;Да
129649;'РИМСКОГО-КОРСАКОВА пр.';'65/11';;;;;;;;;;Да
129650;'РИМСКОГО-КОРСАКОВА пр.';75;;;;;;;;;;Да
129651;'РИМСКОГО-КОРСАКОВА пр.';81;;;;;;;;;;Да
129652;'РИМСКОГО-КОРСАКОВА пр.';'89-91';;;;;;;;;;Да
129653;'РИМСКОГО-КОРСАКОВА пр.';93;;;;;;;;;;Да
129654;'РИМСКОГО-КОРСАКОВА пр.';95;;;;;Да;;Да;Да;;
129655;'РИМСКОГО-КОРСАКОВА пр.';97;;;;;;;;;;Да
129656;'РИМСКОГО-КОРСАКОВА пр.';99;;;;;;;;;;Да
'01-0228';'Рузовская ул.';11;;;;;;;;;;Да
'01-0229';'Рузовская ул.';13;;;;;;;;;;Да
'01-0231';'Рузовская ул.';15;;;;;;;;;;Да
'01-0232';'Рузовская ул.';17;;;;;;;;;;Да
'01-0233';'Рузовская ул.';19;;;;;;;;;;Да
'01-0235';'Рузовская ул.';25;;;;;;;;;;Да
'01-0236';'Рузовская ул.';29;;;;;;;;;;Да
'01-0237';'Рузовская ул.';33;;;;;;;;;;Да
'01-0238';'Рузовская ул.';35;;;;;;;;;;Да
'01-0226';'Рузовская ул.';5;;;;;;;;;;Да
'01-0227';'Рузовская ул.';9;;;;;;;;;;Да
129657;'САДОВАЯ ул.';101;;;;;;;;;;Да
129658;'САДОВАЯ ул.';102;;;;;;;;;;Да
129659;'САДОВАЯ ул.';103;;;;;;;;;;Да
129660;'САДОВАЯ ул.';105;;;;;;;;;;Да
129661;'САДОВАЯ ул.';106;;;;;;;;;;Да
129662;'САДОВАЯ ул.';107;;;;;;;;;;Да
129663;'САДОВАЯ ул.';109;;;;;;;;;;Да
129664;'САДОВАЯ ул.';'111-113';;;;;;;;;;Да
129665;'САДОВАЯ ул.';'112-114';;;;;;;;;;Да
129667;'САДОВАЯ ул.';115;;;;;;;;;;Да
129668;'САДОВАЯ ул.';116;;;;;;;;;;Да
129670;'САДОВАЯ ул.';117;;;;;;;;;;Да
129674;'САДОВАЯ ул.';120;;;;;;;;;;Да
129678;'САДОВАЯ ул.';124;;;;;;;;;;Да
129679;'САДОВАЯ ул.';125;;;;;;;;;;Да
129680;'САДОВАЯ ул.';125;;;;;;;;;;Да
129684;'САДОВАЯ ул.';129;;;;;;;;;;Да
129685;'САДОВАЯ ул.';'64/21';;;;;Да;;Да;Да;;
129686;'САДОВАЯ ул.';66;;;;;;;;;;Да
129687;'САДОВАЯ ул.';68;;;;;;;;;;Да
129688;'САДОВАЯ ул.';69;;;;;;;;;;Да
129689;'САДОВАЯ ул.';70;;;;;;;;;;Да
129690;'САДОВАЯ ул.';71;;;;;;;;;;Да
129692;'САДОВАЯ ул.';76;;;;;;;;;;Да
129693;'САДОВАЯ ул.';77;;;;;;;;;;Да
129694;'САДОВАЯ ул.';78;;;;;;;;;;Да
129695;'САДОВАЯ ул.';80;;;;;;;;;;Да
129696;'САДОВАЯ ул.';81;;;;;;;;;;Да
129697;'САДОВАЯ ул.';82;;;;;;;;;;Да
129698;'САДОВАЯ ул.';82;;;;;;;;;;Да
129699;'САДОВАЯ ул.';83;;;;;;;;;;Да
129701;'САДОВАЯ ул.';84;;;;;;;;;;Да
129703;'САДОВАЯ ул.';85;;;;;;;;;;Да
129705;'САДОВАЯ ул.';89;;;;;;;;;;Да
129706;'САДОВАЯ ул.';90;;;;;;;;;;Да
129707;'САДОВАЯ ул.';91;;;;;;;;;;Да
129708;'САДОВАЯ ул.';92;;;;;;;;;;Да
129709;'САДОВАЯ ул.';94;;;;;;;;;;Да
129711;'САДОВАЯ ул.';95;;;;;;;;;;Да
129712;'САДОВАЯ ул.';96;;;;;;;;;;Да
129713;'САДОВАЯ ул.';97;;;;;;;;;;Да
129714;'САДОВАЯ ул.';99;;;;;;;;;;Да
'01-0248';'Серпуховская ул.';12;;;;;;;;;;Да
'01-0249';'Серпуховская ул.';14;;;;;;;;;;Да
'01-0250';'Серпуховская ул.';16;;;;;;;;;;Да
'01-0251';'Серпуховская ул.';17;;;;;;;;;;Да
'01-0252';'Серпуховская ул.';20;;;;;;;;;;Да
'01-0253';'Серпуховская ул.';'21/20';;;;;;;;;;Да
'01-0254';'Серпуховская ул.';'22-24';;;;;;;;;;Да
'01-0255';'Серпуховская ул.';23;;;;;;;;;;Да
'01-0256';'Серпуховская ул.';23;;;;;;;;;;Да
'01-0257';'Серпуховская ул.';25;;;;;;;;;;Да
'01-0258';'Серпуховская ул.';26;;;;;;;;;;Да
'01-0259';'Серпуховская ул.';28;;;;;;;;;;Да
'01-0240';'Серпуховская ул.';3;;;;;;;;;;Да
'01-0260';'Серпуховская ул.';'30/29';;;;;;;;;;Да
'01-0261';'Серпуховская ул.';'30/29';;;;;;;;;;Да
'01-0262';'Серпуховская ул.';31;;;;;;;;;;Да
'01-0263';'Серпуховская ул.';32;;;;;;;;;;Да
'01-0241';'Серпуховская ул.';4;;;;;;;;;;Да
'01-0264';'Серпуховская ул.';42;;;;;;;;;;Да
'01-0265';'Серпуховская ул.';43;;;;;;;;;;Да
'01-0266';'Серпуховская ул.';'44-46';;;;;;;;;;Да
'01-0267';'Серпуховская ул.';'48/113';;;;;;;;;;Да
'01-0242';'Серпуховская ул.';5;;;;;;;;;;Да
'01-0243';'Серпуховская ул.';6;;;;;;;;;;Да
'01-0244';'Серпуховская ул.';7;;;;;;;;;;Да
'01-0245';'Серпуховская ул.';8;;;;;;;;;;Да
'01-0246';'Серпуховская ул.';9;;;;;;;;;;Да
129716;'СОЮЗА ПЕЧАТНИКОВ ул.';10;;;;;;;;;;Да
129717;'СОЮЗА ПЕЧАТНИКОВ ул.';'13-15';;;;;;;;;;Да
129718;'СОЮЗА ПЕЧАТНИКОВ ул.';17;;;;;;;;;;Да
129720;'СОЮЗА ПЕЧАТНИКОВ ул.';'18-20';;;;;;;;;;Да
129721;'СОЮЗА ПЕЧАТНИКОВ ул.';'18-20';;;;;;;;;;Да
129722;'СОЮЗА ПЕЧАТНИКОВ ул.';19;;;;;;;;;;Да
129723;'СОЮЗА ПЕЧАТНИКОВ ул.';'21/8';;;;;;;;;;Да
129724;'СОЮЗА ПЕЧАТНИКОВ ул.';'21/8';;;;;;;;;;Да
129725;'СОЮЗА ПЕЧАТНИКОВ ул.';23;;;;;Да;;;;;Да
129726;'СОЮЗА ПЕЧАТНИКОВ ул.';26;;;;;;;;;;Да
129727;'СОЮЗА ПЕЧАТНИКОВ ул.';27;;;;;;;;;;Да
129728;'СОЮЗА ПЕЧАТНИКОВ ул.';29;;;;;;;;;;Да
129729;'СОЮЗА ПЕЧАТНИКОВ ул.';3;;;;;;;;;;Да
129730;'СОЮЗА ПЕЧАТНИКОВ ул.';30;;;;;;;;;;Да
129731;'СОЮЗА ПЕЧАТНИКОВ ул.';4;;;;;;;;;;Да
129732;'СОЮЗА ПЕЧАТНИКОВ ул.';5;;;;;;;;;;Да
129733;'СОЮЗА ПЕЧАТНИКОВ ул.';6;;;;;;;;;;Да
129734;'СОЮЗА ПЕЧАТНИКОВ ул.';7;;;;;;;;;;Да
129736;'СОЮЗА ПЕЧАТНИКОВ ул.';7;;;;;Да;;Да;Да;;
129739;'СОЮЗА ПЕЧАТНИКОВ ул.';'9/6';;;;;;;;;;Да
129740;'ТРОИЦКИЙ пр.';10;;;;;;;;;;Да
129741;'ТРОИЦКИЙ пр.';12;;;;;;;;;;Да
129742;'ТРОИЦКИЙ пр.';14;;;;;;;;;;Да
129743;'ТРОИЦКИЙ пр.';16;;;;;;;;;;Да
129744;'ТРОИЦКИЙ пр.';18;;;;;;;;;;Да
129745;'ТРОИЦКИЙ пр.';'20/36';;;;;;;;;;Да
129747;'ТРОИЦКИЙ пр.';3;;;;;Да;;Да;Да;;
129748;'ТРОИЦКИЙ пр.';4;;;;;;;;;;Да
129749;'ТРОИЦКИЙ пр.';4;;;Да;;Да;;Да;Да;;
129750;'ТРОИЦКИЙ пр.';4;;;Да;;Да;;Да;Да;;
129751;'ТРОИЦКИЙ пр.';4;;;Да;;Да;Да;Да;Да;;
129752;'ТРОИЦКИЙ пр.';5;;;;;;;;;;Да
129753;'ТРОИЦКИЙ пр.';7;;;;;;;;;;Да
129754;'ТРОИЦКИЙ пр.';8;;;;;;;;;;Да
129755;'УГЛОВОЙ пер.';11;;;;;;;;;;Да
129756;'УГЛОВОЙ пер.';3;;;;;;;;;;Да
129757;'УГЛОВОЙ пер.';4;;;;;;;;;;Да
129758;'УГЛОВОЙ пер.';5;;;;;;;;;;Да
129759;'УГЛОВОЙ пер.';7;;;;;;;;;;Да
129760;'УГЛОВОЙ пер.';9;;;;;;;;;;Да
129761;'ФОНТАНКИ наб.реки';116;;;;;;;;;;Да
129762;'ФОНТАНКИ наб.реки';116;;;Да;;Да;;Да;Да;;
129763;'ФОНТАНКИ наб.реки';126;;;;;;;;;;Да
129765;'ФОНТАНКИ наб.реки';130;;;;;;;;;;Да
129767;'ФОНТАНКИ наб.реки';'134б';;;;;Да;;Да;Да;;
129768;'ФОНТАНКИ наб.реки';'134б';;;;;Да;Да;Да;Да;;
129769;'ФОНТАНКИ наб.реки';136;;;;;;;;;;Да
129770;'ФОНТАНКИ наб.реки';149;;;;;;;;;;Да
129771;'ФОНТАНКИ наб.реки';150;;;;;;;;;;Да
129772;'ФОНТАНКИ наб.реки';150;;;;;;;;;;Да
129774;'ФОНТАНКИ наб.реки';167;;;;;;;;;;Да
129775;'ФОНТАНКИ наб.реки';167;;;;;;;;;;Да
129776;'ФОНТАНКИ наб.реки';171;;;;;;;;;;Да
129777;'ФОНТАНКИ наб.реки';179;;;;;;;;;;Да
129779;'ФОНТАНКИ наб.реки';183;;;;;;;;;;Да
129780;'ФОНТАНКИ наб.реки';187;;;;;;;;;;Да
129781;'ФОНТАНКИ наб.реки';189;;;;;;;;;;Да
129782;'ФОНТАНКИ наб.реки';191;;;;;;;;;;Да
129783;'ФОНТАНКИ наб.реки';193;;;;;;;;;;Да
129784;'ЯКУБОВИЧА ул.';14;;;;;;;;;;Да
129785;'ЯКУБОВИЧА ул.';16;;;;;Да;;Да;Да;;
129786;'ЯКУБОВИЧА ул.';2;;;;;;;;;;Да
129787;'ЯКУБОВИЧА ул.';2;;;;;;;;;;Да
129788;'ЯКУБОВИЧА ул.';20;;;;;;;;;;Да
129789;'ЯКУБОВИЧА ул.';20;;;;;;;;;;Да
129790;'ЯКУБОВИЧА ул.';22;;;;;;;;;;Да
129791;'ЯКУБОВИЧА ул.';22;;;;;;;;;;Да
129793;'ЯКУБОВИЧА ул.';24;;;;;Да;;Да;Да;;
129794;'ЯКУБОВИЧА ул.';8;;;;;;;;;;Да
