'Приложение № 1'|||||||||||||||||||||||||||||||||||||
'Общие характеристики многоквартирных домов (МКД) на территории'|||||||||||||||||||||||||||||||||||||
'___________________________________ района'|||||||||||||||||||||||||||||||||||||
|'"Графы ""2""-""10"" заполнять по всем многоквартирным домам района"'||||||||||||||||||||||||||||||||||||
'№ п/п'|'Адрес МКД'|||||||||'                                                               Технические характеристики МКД'||||||||||||||||||||||'Количество общедомовых приборов учета энергоресурсов на вводах, шт.'|||||'Комментарии'
|'Район'|'муниципальное образование'|'Улица'|'Номер'|'Номер корпуса (литера)'|'Номер строения'|'Уникаль ный код дома'|'Форма управления МКД'|'Категория дома: ведомственный / общежитие / гостиничного типа / на сцепке / аварийный / культ. наследия'|'Тип дома'|'Серия дома'|'Год по стройки'|'Тип стен'|'"Количество этажей (при разной этажности указать через ""/"", начиная с 1-ой парадной)"'|'"Кол-во подземных этажей (при разной этажности указать через ""/"", начиная с 1-ой парадной)"'|'Кол-во парадных'|'Кол-во квартир'|'Общая площадь дома'|'Общая отапливаемая площадь дома'|'Площадь жилых помещений'|'Площадь  нежилых помещений (за искл. мест общего пользования)'|'Электоэнергия (да/нет)'|'"ХВС'||||||||||||||
'(да/нет)"'|'"ГВС'||||||||||||||||||||||||||||||||||||
'(да/нет)"'|'Водоотведение (да/нет)'|'Отопление (да/нет)'|'Газоснабжение (да/нет)'|'Оснащение газ. колонками (да/нет)'|'"Оснащение газ.плитами'||||||||||||||||||||||||||||||||
'(да/нет)"'|'"Оснащение электроплитами'||||||||||||||||||||||||||||||||||||
'(да/нет)"'|'Кол-во лифтов дома, шт.'|'ЭЭ'|'ХВС'|'ГВС'|'ТЭ'|'Газ'|||||||||||||||||||||||||||||||
1|2|3|4|5|6|7|8|9|10|11|12|13|14|15|16|17|18|19|20|21|22|23|24|25|26|27|28|29|30|31|32|33|34|35|36|37|38
1|'Кронштадтский'||'Аммермана ул'|'д. 17'||||||||'1980г.'||||||2962,28||2629,28|||||||||||||||||
2|'Кронштадтский'||'Аммермана ул'|'д. 2'||||||||'1935г.'||||||4031,6||3513,6|||||||||||||||||
3|'Кронштадтский'||'Аммермана ул'|'д. 22'|' лит. А'|||||||'1900г.'||||||714,4||641,4|||||||||||||||||
4|'Кронштадтский'||'Аммермана ул'|'д. 25'||||||||'1900г.'||||||750,01||659,01|||||||||||||||||
5|'Кронштадтский'||'Аммермана ул'|'д. 26'||||||||'1900г.'||||||1986,2||1809,95|||||||||||||||||
6|'Кронштадтский'||'Аммермана ул'|'д. 27'||||||||'1900г.'||||||1556,5||1378,5|||||||||||||||||
7|'Кронштадтский'||'Аммермана ул'|'д. 28'||||||||'1953г.'||||||3129,5||2786,5|||||||||||||||||
8|'Кронштадтский'||'Аммермана ул'|'д. 29'||||||||'1900г.'||||||1632,8||1396,8|||||||||||||||||
9|'Кронштадтский'||'Аммермана ул'|'д. 30'||||||||'1967г.'||||||1760||1584|||||||||||||||||
10|'Кронштадтский'||'Аммермана ул'|'д. 31'|'а'|||||||'1900г.'||||||1591,1||1430,4|||||||||||||||||
11|'Кронштадтский'||'Аммермана ул'|'д. 31'|'б'|||||||'1900г.'||||||1073,1||922,1|||||||||||||||||
12|'Кронштадтский'||'Аммермана ул'|'д. 36'|'б'|||||||'1955г.'||||||3264,89||2745,89|||||||||||||||||
13|'Кронштадтский'||'Аммермана ул'|'д. 4'||||||||'1959г.'||||||2801,9||2533,9|||||||||||||||||
14|'Кронштадтский'||'Аммермана ул'|'д. 44'||||||||'1938г.'||||||3050,47||2647,47|||||||||||||||||
15|'Кронштадтский'||'Андреевская ул'|'д. 12'||||||||'1896г.'||||||2016,3||1744,3|||||||||||||||||
16|'Кронштадтский'||'Андреевская ул'|'д. 14'|' лит. А'|||||||'1955г.'||||||3356,67||2761,67|||||||||||||||||
17|'Кронштадтский'||'Андреевская ул'|'д. 9'||||||||'1979г.'||||||2434,5||2116,5|||||||||||||||||
18|'Кронштадтский'||'Большевистская ул'|'д. 6-8'||||||||'1900г.'||||||2066,1||1856,1|||||||||||||||||
19|'Кронштадтский'||'Велещинского ул'|'д. 12'||||||||'1900г.'||||||1179||925|||||||||||||||||
20|'Кронштадтский'||'Велещинского ул'|'д. 14'||||||||'1973г.'||||||1652,8||1405,8|||||||||||||||||
21|'Кронштадтский'||'Велещинского ул'|'д. 15'|'лит. А'|||||||'1968г.'||||||4855,9||4344,9|||||||||||||||||
22|'Кронштадтский'||'Велещинского ул'|'д. 19/40'||||||||'1900г.'||||||892,9||768,9|||||||||||||||||
23|'Кронштадтский'||'Велещинского ул'|'д. 7/14'||||||||'1962г.'||||||1804,5||1652,9|||||||||||||||||
24|'Кронштадтский'||'Велещинского ул'|'д. 8'||||||||'1975г.'||||||1328||1112|||||||||||||||||
25|'Кронштадтский'||'Велещинского ул'|'д. 9/13'|'лит. А'|||||||'1900г.'||||||3094,4||2783,4|||||||||||||||||
26|'Кронштадтский'||'Владимирская ул'|'д. 17/5'||||||||1900||||||589||435|||||||||||||||||
27|'Кронштадтский'||'Владимирская ул'|'д. 19'||||||||1900||||||670||419|||||||||||||||||
28|'Кронштадтский'||'Владимирская ул'|'д. 25'||||||||'1968г.'||||||4659,8||4281,8|||||||||||||||||
29|'Кронштадтский'||'Владимирская ул'|'д. 27'||||||||'1900г.'||||||773||583|||||||||||||||||
30|'Кронштадтский'||'Владимирская ул'|'д. 32'||||||||1900||||||558,1||464,1|||||||||||||||||
31|'Кронштадтский'||'Владимирская ул'|'д. 47'||||||||'1972г.'||||||2901,7||2582,7|||||||||||||||||
32|'Кронштадтский'||'Владимирская ул'|'д. 49'||||||||'1900г.'||||||732,7||659,7|||||||||||||||||
33|'Кронштадтский'||'Восстания ул'|'д. 16'||||||||'1963г.'||||||1823,2||1612,2|||||||||||||||||
34|'Кронштадтский'||'Восстания ул'|'д. 18'||||||||'1959г.'||||||305,25||277,65|||||||||||||||||
35|'Кронштадтский'||'Восстания ул'|'д. 20'||||||||'1959г.'||||||307,1||276,3|||||||||||||||||
36|'Кронштадтский'||'Восстания ул'|'д. 22'||||||||'1900г.'||||||1770,5||1611,3|||||||||||||||||
37|'Кронштадтский'||'Восстания ул'|'д. 26'||||||||'1965г.'||||||3809,3||3450,3|||||||||||||||||
38|'Кронштадтский'||'Восстания ул'|'д. 5'|'лит. А'|||||||'1837г.'||||||13572,6||11419,7|||||||||||||||||
39|'Кронштадтский'||'Восстания ул'|'д. 58'||||||||'1972г.'||||||4442,52||4061,9|||||||||||||||||
40|'Кронштадтский'||'Восстания ул'|'д. 64'||||||||'1970г.'||||||2748,4||2521,7|||||||||||||||||
41|'Кронштадтский'||'Восстания ул'|'д. 72'|'лит. А'|||||||'1979г.'||||||3579,9||3185,1|||||||||||||||||
42|'Кронштадтский'||'Всеволода Вишневского ул'|'д. 13'|'лит. А'|||||||1958||||||2800||2800|||||||||||||||||
43|'Кронштадтский'||'Всеволода Вишневского ул'|'д. 18'||||||||1973||||||1973||1885|||||||||||||||||
44|'Кронштадтский'||'Всеволода Вишневского ул'|'д. 5'|'лит. А'|||||||'1900г.'||||||2446,7||2175,7|||||||||||||||||
45|'Кронштадтский'||'Всеволода Вишневского ул'|'д. 7/20'|'лит. А'|||||||1922||||||2291,8||1914,8|||||||||||||||||
46|'Кронштадтский'||'Гидростроителей ул'|'д. 10'||||||||'1985г.'||||||15188||11966,3|||||||||||||||||
47|'Кронштадтский'||'Гидростроителей ул'|'д. 4'||||||||'2003г.'||||||11334,9||8844,5|||||||||||||||||
48|'Кронштадтский'||'Гидростроителей ул'|'д. 6'||||||||'2009г.'||||||13854,4||11422,6|||||||||||||||||
49|'Кронштадтский'||'Гражданская ул'|'д. 11'||||||||'0000г.'||||||1150,2||996,2|||||||||||||||||
50|'Кронштадтский'||'Гражданская ул'|'д. 21'||||||||'1972г.'||||||2709,6||2471,5|||||||||||||||||
51|'Кронштадтский'||'Гражданская ул'|'д. 23'||||||||'1900г.'||||||760,9||705,9|||||||||||||||||
52|'Кронштадтский'||'Гражданская ул'|'д. 25'||||||||'1900г.'||||||651,5||583,5|||||||||||||||||
53|'Кронштадтский'||'Гражданская ул'|'д. 7'||||||||'1900г.'||||||1630,9||1534,3|||||||||||||||||
54|'Кронштадтский'||'Гражданская ул'|'д. 9'||||||||||||||1461,9||1289,9|||||||||||||||||
55|'Кронштадтский'||'Гусева ул'|'д. 1'||||||||'1917г.'||||||861,8||812,8|||||||||||||||||
56|'Кронштадтский'||'Гусева ул'|'д. 11'|' лит. Б'|||||||1960||||||1596||1596|||||||||||||||||
57|'Кронштадтский'||'Гусева ул'|'д. 3'||||||||'1900г.'||||||1521,67||1303,67|||||||||||||||||
58|'Кронштадтский'||'Гусева ул'|'д. 4'||||||||'1900г.'||||||582,8||461,8|||||||||||||||||
59|'Кронштадтский'||'Гусева ул'|'д. 5'||||||||'1978г.'||||||2734,7||2397,7|||||||||||||||||
60|'Кронштадтский'||'Гусева ул'|'д. 6'||||||||'1968г.'||||||1793,72||1577,72|||||||||||||||||
61|'Кронштадтский'||'Гусева ул'|'д. 9/4'||||||||'1968г.'||||||1803||1583|||||||||||||||||
62|'Кронштадтский'||'Зосимова ул'|'д. 11'|' лит. А'|||||||'1880г.'||||||2164,5||2028,5|||||||||||||||||
63|'Кронштадтский'||'Зосимова ул'|'д. 18/15'||||||||'1956г.'||||||3797,2||3185|||||||||||||||||
64|'Кронштадтский'||'Зосимова ул'|'д. 2'||||||||'1977г.'||||||8600,7||7452,5|||||||||||||||||
65|'Кронштадтский'||'Зосимова ул'|'д. 28/30'||||||||'1900г.'||||||1552,3||1397,3|||||||||||||||||
66|'Кронштадтский'||'Зосимова ул'|'д. 34'||||||||'1968г.'||||||3838||3442|||||||||||||||||
67|'Кронштадтский'||'Зосимова ул'|'д. 4'||||||||'1977г.'||||||12091,92||10474,1|||||||||||||||||
68|'Кронштадтский'||'Зосимова ул'|'д. 42/23'|' лит. А'|||||||'1973г.'||||||8286,8||7313,2|||||||||||||||||
69|'Кронштадтский'||'Зосимова ул'|'д. 5'|' лит. А'|||||||'1971г.'||||||1921,2||1725,2|||||||||||||||||
70|'Кронштадтский'||'Зосимова ул'|'д. 6/40'|' лит. А'|||||||'1970г.'||||||6732,79||6034,2|||||||||||||||||
71|'Кронштадтский'||'Зосимова ул'|'д. 7'|' лит. А'|||||||'1971г.'||||||3807,7||3073,7|||||||||||||||||
72|'Кронштадтский'||'Зосимова ул'|'д. 9'|' лит. А'|||||||1971||||||6212||6212|||||||||||||||||
73|'Кронштадтский'||'Интернациональная ул'|'д. 6'|' лит. А'|||||||'1958г.'||||||2605,35||2335,6|||||||||||||||||
74|'Кронштадтский'||'Интернациональная ул'|'д. 7/22'||||||||'1900г.'||||||1350,48||1160,48|||||||||||||||||
75|'Кронштадтский'||'Карла Либкнехта ул'|'д. 15'|'а'|||||||'1932г.'||||||3693,6||3078,6|||||||||||||||||
76|'Кронштадтский'||'Карла Либкнехта ул'|'д. 15б'|' лит. А'|||||||'1932г.'||||||3245,1||2662|||||||||||||||||
77|'Кронштадтский'||'Карла Либкнехта ул'|'д. 17'|' лит. А'|||||||'1981г.'||||||4648,9||4007,6|||||||||||||||||
78|'Кронштадтский'||'Карла Либкнехта ул'|'д. 24'|' лит. А'|||||||'1959г.'||||||2567,5||2295,5|||||||||||||||||
79|'Кронштадтский'||'Карла Либкнехта ул'|'д. 25'||||||||'1964г.'||||||1758,8||1536,8|||||||||||||||||
80|'Кронштадтский'||'Карла Либкнехта ул'|'д. 27'|' лит. А'|||||||'1953г.'||||||1735,3||1504|||||||||||||||||
81|'Кронштадтский'||'Карла Либкнехта ул'|'д. 29'|' лит. А'|||||||'1900г.'||||||1142,7||1049,7|||||||||||||||||
82|'Кронштадтский'||'Карла Либкнехта ул'|'д. 30'||||||||'1971г.'||||||4735,3||4353,1|||||||||||||||||
83|'Кронштадтский'||'Карла Маркса ул'|'д. 12'||||||||'1967г.'||||||5126,57||4667,7|||||||||||||||||
84|'Кронштадтский'||'Карла Маркса ул'|'д. 13'|' лит. А'|||||||'1900г.'||||||1357,76||1201,26|||||||||||||||||
85|'Кронштадтский'||'Карла Маркса ул'|'д. 17'||||||||'1982г.'||||||2391,8||2074,8|||||||||||||||||
86|'Кронштадтский'||'Карла Маркса ул'|'д. 21'||||||||'1900г.'||||||1750,8||1609,8|||||||||||||||||
87|'Кронштадтский'||'Карла Маркса ул'|'д. 25'||||||||'1900г.'||||||1345,8||1213,8|||||||||||||||||
88|'Кронштадтский'||'Коммунистическая ул'|'д. 3'|' лит. А'|||||||'1838г.'||||||1657,3||1510,3|||||||||||||||||
89|'Кронштадтский'||'Коммунистическая ул'|'д. 4/18'|' лит. А'|||||||'1971г.'||||||3234,1||2850,1|||||||||||||||||
90|'Кронштадтский'||'Коммунистическая ул'|'д. 6/21'|' лит. А'|||||||'1940г.'||||||5574,5||4737,5|||||||||||||||||
91|'Кронштадтский'||'Комсомола ул'|'д. 1/16'||||||||'1963г.'||||||2810,3||2479,3|||||||||||||||||
92|'Кронштадтский'||'Комсомола ул'|'д. 15'||||||||'1904г.'||||||612,9||458,9|||||||||||||||||
93|'Кронштадтский'||'Комсомола ул'|'д. 17'||||||||'1904г.'||||||553,2||460,2|||||||||||||||||
94|'Кронштадтский'||'Комсомола ул'|'д. 3/2'||||||||'1968г.'||||||3846||3450|||||||||||||||||
95|'Кронштадтский'||'Красная ул'|'д. 11'|'лит. А'|||||||'1969г.'||||||2688,52||2343,52|||||||||||||||||
96|'Кронштадтский'||'Красная ул'|'д. 13'||||||||'1900г.'||||||989,9||845,9|||||||||||||||||
97|'Кронштадтский'||'Красная ул'|'д. 15'||||||||'1965г.'||||||1768,9||1585,9|||||||||||||||||
98|'Кронштадтский'||'Красная ул'|'д. 2'|'лит. А'|||||||'1900г.'||||||1670,9||1375,9|||||||||||||||||
99|'Кронштадтский'||'Красная ул'|'д. 5'|'лит. В'|||||||'1900г.'||||||645,9||494,9|||||||||||||||||
100|'Кронштадтский'||'Красная ул'|'д. 8'|'корп. 2 лит. А'|||||||1948||||||10792||10792|||||||||||||||||
101|'Кронштадтский'||'Красная ул'|'д. 8'|'корп. 3 лит. А'|||||||'1939г.'||||||2379,05||2159,05|||||||||||||||||
102|'Кронштадтский'||'Красная ул'|'д. 9'|'лит. Д'|||||||1900||||||446||446|||||||||||||||||
103|'Кронштадтский'||'Кронштадтская ул'|'д. 1/66'|'лит. А'|||||||'1900г.'||||||876,99||782,99|||||||||||||||||
104|'Кронштадтский'||'Кронштадтская ул'|'д. 17'||||||||'1900г.'||||||1351||1184|||||||||||||||||
105|'Кронштадтский'||'Кронштадтская ул'|'д. 3'|'лит. А'|||||||'1967г.'||||||2810,7||2500,7|||||||||||||||||
106|'Кронштадтский'||'Кронштадтское ш'|'д. 10'|'корп. 1'|||||||'1983г.'||||||4824,36||4013|||||||||||||||||
107|'Кронштадтский'||'Кронштадтское ш'|'д. 10,'|' корп. 2'|||||||'1984г.'||||||4772,2||4062|||||||||||||||||
108|'Кронштадтский'||'Кронштадтское ш'|'д. 10'|' корп. 3'|||||||'1987г.'||||||4740,4||4046|||||||||||||||||
109|'Кронштадтский'||'Кронштадтское ш'|'д. 12'||||||||'1993г.'||||||3794||3241|||||||||||||||||
110|'Кронштадтский'||'Кронштадтское ш'|'д. 28'|'лит. А'|||||||'1989г.'||||||6377,8||5469,7|||||||||||||||||
111|'Кронштадтский'||'Кронштадтское ш'|'д. 34'||||||||'1989г.'||||||10181,32||8371,32|||||||||||||||||
112|'Кронштадтский'||'Кронштадтское ш'|'д. 36'||||||||'1988г.'||||||14355,8||11885,4|||||||||||||||||
113|'Кронштадтский'||'Кронштадтское ш'|'д. 38'||||||||'1992г.'||||||11265,7||9325|||||||||||||||||
114|'Кронштадтский'||'Кронштадтское ш'|'д. 6'|'корп. 1 лит. А'|||||||'1983г.'||||||4893,42||4022|||||||||||||||||
115|'Кронштадтский'||'Кронштадтское ш'|'д. 6'|'корп. 3'|||||||'1986г.'||||||4886,1||4010|||||||||||||||||
116|'Кронштадтский'||'Кронштадтское ш'|'д. 8'||||||||'1986г.'||||||5263,52||4394,7|||||||||||||||||
117|'Кронштадтский'||'Лебедева ул'|'д. 3'|'лит. А'|||||||'1973г.'||||||2658,37||2447,89|||||||||||||||||
118|'Кронштадтский'||'Лебедева ул'|'д. 5'||||||||1880||||||2254||2254|||||||||||||||||
119|'Кронштадтский'||'Ленина пр-кт'|'д. 1'||||||||'1975г.'||||||5096,7||4499|||||||||||||||||
120|'Кронштадтский'||'Ленина пр-кт'|'д. 16'|'лит. А'|||||||'1900г.'||||||4405||3751,9|||||||||||||||||
121|'Кронштадтский'||'Ленина пр-кт'|'д. 21/2'||||||||'1932г.'||||||2822,06||2489,2|||||||||||||||||
122|'Кронштадтский'||'Ленина пр-кт'|'д. 22'||||||||'1900г.'||||||1287,4||1155,4|||||||||||||||||
123|'Кронштадтский'||'Ленина пр-кт'|'д. 24'||||||||'1900г.'||||||2574,5||2292,8|||||||||||||||||
124|'Кронштадтский'||'Ленина пр-кт'|'д. 25/2'|'лит. А'|||||||'1900г.'||||||3649,82||3232,3|||||||||||||||||
125|'Кронштадтский'||'Ленина пр-кт'|'д. 26'||||||||'1933г.'||||||3466||3016,7|||||||||||||||||
126|'Кронштадтский'||'Ленина пр-кт'|'д. 28'||||||||'1900г.'||||||1960,9||1644,9|||||||||||||||||
127|'Кронштадтский'||'Ленина пр-кт'|'д. 29'|'лит. А'|||||||'1900г.'||||||1769,3||1479,3|||||||||||||||||
128|'Кронштадтский'||'Ленина пр-кт'|'д. 30'||||||||'1900г.'||||||4695,3||4171,7|||||||||||||||||
129|'Кронштадтский'||'Ленина пр-кт'|'д. 31'|'лит. А'|||||||'1900г.'||||||1799,39||1567,4|||||||||||||||||
130|'Кронштадтский'||'Ленина пр-кт'|'д. 32'||||||||'1900г.'||||||2065,4||1811,8|||||||||||||||||
131|'Кронштадтский'||'Ленина пр-кт'|'д. 33'||||||||'1900г.'||||||1116,9||998,9|||||||||||||||||
132|'Кронштадтский'||'Ленина пр-кт'|'д. 35'||||||||'1900г.'||||||1442,8||1251,6|||||||||||||||||
133|'Кронштадтский'||'Ленина пр-кт'|'д. 38'|'лит. А'|||||||'1900г.'||||||1179,75||968,9|||||||||||||||||
134|'Кронштадтский'||'Ленина пр-кт'|'д. 39'|'лит. Б'|||||||'1900г.'||||||858,5||632,2|||||||||||||||||
135|'Кронштадтский'||'Ленина пр-кт'|'д. 40'|'лит. А'|||||||'1936г.'||||||1401,5||1244,1|||||||||||||||||
136|'Кронштадтский'||'Ленина пр-кт'|'д. 45'||||||||'1917г.'||||||2456,1||2277,6|||||||||||||||||
137|'Кронштадтский'||'Ленина пр-кт'|'д. 47'||||||||'1900г.'||||||907,54||803,2|||||||||||||||||
138|'Кронштадтский'||'Ленина пр-кт'|'д. 49'||||||||'1900г.'||||||2215||1930|||||||||||||||||
139|'Кронштадтский'||'Ленина пр-кт'|'д. 5'|'лит. А'|||||||'1952г.'||||||2464,6||2154,3|||||||||||||||||
140|'Кронштадтский'||'Ленина пр-кт'|'д. 5'|' лит. Б'|||||||'1952г.'||||||3224,5||2405,5|||||||||||||||||
141|'Кронштадтский'||'Ленина пр-кт'|'д. 5'|'лит. В'|||||||'1952г.'||||||2398,8||2135|||||||||||||||||
142|'Кронштадтский'||'Ленина пр-кт'|'д. 51'||||||||'1900г.'||||||2363,21||2041,3|||||||||||||||||
143|'Кронштадтский'||'Ленина пр-кт'|'д. 53'||||||||'1900г.'||||||2409,52||2241,6|||||||||||||||||
144|'Кронштадтский'||'Ленинградская ул'|'д. 11/41'|'лит. А'|||||||1900||||||2400||2400|||||||||||||||||
145|'Кронштадтский'||'Ленинградская ул'|'д. 12'||||||||'1900г.'||||||1833,7||1535,6|||||||||||||||||
146|'Кронштадтский'||'Ленинградская ул'|'д. 14'|'лит. А'|||||||'1900г.'||||||1642,3||1413,8|||||||||||||||||
147|'Кронштадтский'||'Ленинградская ул'|'д. 3'|'лит. А'|||||||'1955г.'||||||3129,4||2794,4|||||||||||||||||
148|'Кронштадтский'||'Ленинградская ул'|'д. 6'||||||||'1900г.'||||||625||560|||||||||||||||||
149|'Кронштадтский'||'Ленинградская ул'|'д. 8'||||||||'1880г.'||||||1153||971|||||||||||||||||
150|'Кронштадтский'||'Ленинградская ул'|'д. 9'|'лит. А'|||||||'1929г.'||||||2798,9||2500,2|||||||||||||||||
151|'Кронштадтский'||'Литке ул'|'д. 11/37'||||||||'1983г.'||||||13688,3||11219,1|||||||||||||||||
152|'Кронштадтский'||'Литке ул'|'д. 7/32'||||||||'1989г.'||||||12728,3||10495,6|||||||||||||||||
153|'Кронштадтский'||'Манежный пер'|'д. 2'||||||||'1982г.'||||||10113,71||8366,7|||||||||||||||||
154|'Кронштадтский'||'Мануильского ул'|'д. 2'||||||||'1839г.'||||||2793,1||2486,1|||||||||||||||||
155|'Кронштадтский'||'Мануильского ул'|'д. 25'||||||||'1880г.'||||||1723||1557|||||||||||||||||
156|'Кронштадтский'||'Мануильского ул'|'д. 2'|'а'|||||||1839||||||381||381|||||||||||||||||
157|'Кронштадтский'||'Мануильского ул'|'д. 3'||||||||'1969г.'||||||1788||1587|||||||||||||||||
158|'Кронштадтский'||'Мануильского ул'|'д. 37'||||||||'1880г.'||||||3459,2||2971|||||||||||||||||
159|'Кронштадтский'||'Мануильского ул'|'д. 39'||||||||'1880г.'||||||638,7||535|||||||||||||||||
160|'Кронштадтский'||'Мануильского ул'|'д. 41'|'лит. А'|||||||'1969г.'||||||5632,2||5325|||||||||||||||||
161|'Кронштадтский'||'Мануильского ул'|'д. 5'||||||||'1970г.'||||||6615,9||6060,8|||||||||||||||||
162|'Кронштадтский'||'Мануильского ул'|'д. 7'|'лит. А'|||||||'1969г.'||||||2829,1||2521|||||||||||||||||
163|'Кронштадтский'||'Мануильского ул'|'д. 9'|'лит. А'|||||||'1964г.'||||||2811,7||2511|||||||||||||||||
164|'Кронштадтский'||'Мартынова ул'|'д. 1/33'|'лит. А'|||||||'1900г.'||||||1531||1280,3|||||||||||||||||
165|'Кронштадтский'||'Мартынова ул'|'д. 9'||||||||'1970г.'||||||2807,4||2536|||||||||||||||||
166|'Кронштадтский'||'Никольский пер'|'д. 1/58'||||||||'1968г.'||||||2780,36||2550,8|||||||||||||||||
167|'Кронштадтский'||'Никольский пер'|'д. 2/56'||||||||'1900г.'||||||568,28||406,28|||||||||||||||||
168|'Кронштадтский'||'Петровская ул'|'д. 10'|'корп. 1'|||||||'1976г.'||||||4044,1||3440,1|||||||||||||||||
169|'Кронштадтский'||'Петровская ул'|'д. 10'|'корп. 2'|||||||'1890г.'||||||1635,3||1421,2|||||||||||||||||
170|'Кронштадтский'||'Петровская ул'|'д. 10'|'корп. 3'|||||||'1878г.'||||||1691,6||1506,6|||||||||||||||||
171|'Кронштадтский'||'Петровская ул'|'д. 12'|'лит. А'|||||||'1878г.'||||||1564,8||1408,8|||||||||||||||||
172|'Кронштадтский'||'Петровская ул'|'д. 12/4'||||||||'1975г.'||||||4354,78||3758,78|||||||||||||||||
173|'Кронштадтский'||'Петровская ул'|'д. 15'|' лит. А'|||||||'1900г.'||||||988,4||872,4|||||||||||||||||
174|'Кронштадтский'||'Петровская ул'|'д. 8, корп. 1'||||||||'1974г.'||||||2859,7||2467,8|||||||||||||||||
175|'Кронштадтский'||'Петровская ул'|'д. 8, корп. 2'||||||||'1900г.'||||||2270||1894,1|||||||||||||||||
176|'Кронштадтский'||'Петровская ул'|'д. 8, корп. 3'||||||||'1900г.'||||||1627,6||1406,6|||||||||||||||||
177|'Кронштадтский'||'Посадская ул'|'д. 1/82'|'лит. А'|||||||'1976г.'||||||8046,7||6864,7|||||||||||||||||
178|'Кронштадтский'||'Посадская ул'|'д. 10/51'||||||||1900||||||441||441|||||||||||||||||
179|'Кронштадтский'||'Посадская ул'|'д. 12'||||||||'1976г.'||||||2875,5||2542,5|||||||||||||||||
180|'Кронштадтский'||'Посадская ул'|'д. 15'|'лит. А'|||||||'1900г.'||||||6982,5||6231,5|||||||||||||||||
181|'Кронштадтский'||'Посадская ул'|'д. 16'|'лит. А'|||||||1900||||||1754||1340|||||||||||||||||
182|'Кронштадтский'||'Посадская ул'|'д. 17/14'||||||||'1900г.'||||||2540,06||2086,7|||||||||||||||||
183|'Кронштадтский'||'Посадская ул'|'д. 21'||||||||'1900г.'||||||1801,4||1570,4|||||||||||||||||
184|'Кронштадтский'||'Посадская ул'|'д. 22'||||||||'1935г.'||||||3787,3||3194,3|||||||||||||||||
185|'Кронштадтский'||'Посадская ул'|'д. 23'||||||||'1900г.'||||||1536,7||1326,9|||||||||||||||||
186|'Кронштадтский'||'Посадская ул'|'д. 25'||||||||'1968г.'||||||4550,7||4122,7|||||||||||||||||
187|'Кронштадтский'||'Посадская ул'|'д. 26'|'лит. А'|||||||'1934г.'||||||5765,5||5105,5|||||||||||||||||
188|'Кронштадтский'||'Посадская ул'|'д. 3'|'лит. А'|||||||'1935г.'||||||2422,9||2080,3|||||||||||||||||
189|'Кронштадтский'||'Посадская ул'|'д. 36/11'|'лит. А'|||||||'1956г.'||||||3361,5||2920,2|||||||||||||||||
190|'Кронштадтский'||'Посадская ул'|'д. 38'||||||||1900||||||836||836|||||||||||||||||
191|'Кронштадтский'||'Посадская ул'|'д. 4'|'лит. А'|||||||'1911г.'||||||2108||1854|||||||||||||||||
192|'Кронштадтский'||'Посадская ул'|'д. 40'||||||||'1900г.'||||||962,5||795,5|||||||||||||||||
193|'Кронштадтский'||'Посадская ул'|'д. 42'|' корп.1'|||||||'1980г.'||||||3110,2||2785,2|||||||||||||||||
194|'Кронштадтский'||'Посадская ул'|'д. 42'|' корп. 2'|||||||'1981г.'||||||3130,7||2787,5|||||||||||||||||
195|'Кронштадтский'||'Посадская ул'|'д. 45'|'лит. А'|||||||'1900г.'||||||887,2||772,2|||||||||||||||||
196|'Кронштадтский'||'Посадская ул'|'д. 47'|'лит. А'|||||||'1900г.'||||||553,5||490,5|||||||||||||||||
197|'Кронштадтский'||'Посадская ул'|'д. 48/50'|'лит. А'|||||||'1953г.'||||||965,7||882|||||||||||||||||
198|'Кронштадтский'||'Посадская ул'|'д. 49'|'лит. А'|||||||'1900г.'||||||2576,6||2275,6|||||||||||||||||
199|'Кронштадтский'||'Посадская ул'|'д. 5'||||||||'1895г.'||||||1682,74||1392,2|||||||||||||||||
200|'Кронштадтский'||'Посадская ул'|'д. 51'|'лит. А'|||||||'1876г.'||||||838,2||642,9|||||||||||||||||
201|'Кронштадтский'||'Посадская ул'|'д. 52'|'лит. А'|||||||'1900г.'||||||527,5||472,7|||||||||||||||||
202|'Кронштадтский'||'Посадская ул'|'д. 7'||||||||'1977г.'||||||3533,91||2897,91|||||||||||||||||
203|'Кронштадтский'||'Посадская ул'|'д. 8/36'||||||||'1900г.'||||||708,5||568,5|||||||||||||||||
204|'Кронштадтский'||'Посадская ул'|'д. 9/36'||||||||'1900г.'||||||1967,2||1795,2|||||||||||||||||
205|'Кронштадтский'||'Пролетарская ул'|'д. 17'||||||||'1900г.'||||||2233,22||2034,9|||||||||||||||||
206|'Кронштадтский'||'Пролетарская ул'|'д. 18'||||||||'1954г.'||||||6621,4||5935,4|||||||||||||||||
207|'Кронштадтский'||'Пролетарская ул'|'д. 32/2'||||||||1900||||||6176||5974|||||||||||||||||
208|'Кронштадтский'||'Пролетарская ул'|'д. 34'|'лит. А'|||||||'1969г.'||||||2949,32||2628,32|||||||||||||||||
209|'Кронштадтский'||'Рошаля ул'|'д. 10 '|'корп. 1 лит. А'|||||||1955||||||1544||1544|||||||||||||||||
210|'Кронштадтский'||'Советская ул'|'д. 13'|'лит. А'|||||||'1900г.'||||||668,6||587,6|||||||||||||||||
211|'Кронштадтский'||'Советская ул'|'д. 15'|'лит. А'|||||||'1967г.'||||||2802,1||2511,1|||||||||||||||||
212|'Кронштадтский'||'Советская ул'|'д. 19'|'лит. А'|||||||'1955г.'||||||1726,3||1724,05|||||||||||||||||
213|'Кронштадтский'||'Советская ул'|'д. 19'|'лит. Б'|||||||'1900г.'||||||1046,5||845,3|||||||||||||||||
214|'Кронштадтский'||'Советская ул'|'д. 21'|'а,  лит. А'|||||||'1900г.'||||||842,8||691,7|||||||||||||||||
215|'Кронштадтский'||'Советская ул'|'д. 21'|'б'|||||||'1900г.'||||||985,13||932,1|||||||||||||||||
216|'Кронштадтский'||'Советская ул'|'д. 25'|'лит. А'|||||||'1969г.'||||||2337,4||2080,8|||||||||||||||||
217|'Кронштадтский'||'Советская ул'|'д. 27'|'лит. А'|||||||'1900г.'||||||1059,6||881,6|||||||||||||||||
218|'Кронштадтский'||'Советская ул'|'д. 31'|'лит. А'|||||||1956||||||2537||2537|||||||||||||||||
219|'Кронштадтский'||'Советская ул'|'д. 33'|' лит. Б'|||||||'1900г.'||||||1365,1||1181,7|||||||||||||||||
220|'Кронштадтский'||'Советская ул'|'д. 33'|'лит. В'|||||||'1955г.'||||||1285,3||1181,7|||||||||||||||||
221|'Кронштадтский'||'Советская ул'|'д. 37'|'лит. А'|||||||'1900г.'||||||2254,9||1902,9|||||||||||||||||
222|'Кронштадтский'||'Советская ул'|'д. 39'|'лит. А'|||||||'1917г.'||||||2033,2||1789,2|||||||||||||||||
223|'Кронштадтский'||'Советская ул'|'д. 41'|'лит. А'|||||||'1783г.'||||||2066,4||1661,4|||||||||||||||||
224|'Кронштадтский'||'Советская ул'|'д. 45'||||||||'1857г.'||||||2120,87||1700,5|||||||||||||||||
225|'Кронштадтский'||'Советская ул'|'д. 47'||||||||'1787г.'||||||2074,4||1154,91|||||||||||||||||
226|'Кронштадтский'||'Советская ул'|'д. 5'|'лит. А'|||||||'1870г.'||||||472,5||387,1|||||||||||||||||
227|'Кронштадтский'||'Советская ул'|'д. 7'|'лит. А'|||||||'1870г.'||||||908,3||725,7|||||||||||||||||
228|'Кронштадтский'||'Станюковича ул'|'д. 1/9'||||||||'1990г.'||||||11581,01||10971,71|||||||||||||||||
229|'Кронштадтский'||'Станюковича ул'|'д. 3'|'лит. А'|||||||1989||||||6330||6330|||||||||||||||||
230|'Кронштадтский'||'Станюковича ул'|'д. 6'||||||||'1984г.'||||||16938,69||13770,09|||||||||||||||||
231|'Кронштадтский'||'Станюковича ул'|'д. 7'||||||||'1988г.'||||||10944,6||9057,6|||||||||||||||||
232|'Кронштадтский'||'Станюковича ул'|'д. 8'||||||||'1984г.'||||||18794,15||14919,15|||||||||||||||||
233|'Кронштадтский'||'Станюковича ул'|'д. 9'||||||||'2007г.'||||||14803,3||13401,2|||||||||||||||||
234|'Кронштадтский'||'Сургина ул'|'д. 11'||||||||'1900г.'||||||993,6||666,6|||||||||||||||||
235|'Кронштадтский'||'Сургина ул'|'д. 15'|'лит. А'|||||||'1954г.'||||||2291,59||2070,7|||||||||||||||||
236|'Кронштадтский'||'Сургина ул'|'д. 6'|'лит. А'|||||||'1971г.'||||||1757,15||1606,3|||||||||||||||||
237|'Кронштадтский'||'Сургина ул'|'д. 7'||||||||'1900г.'||||||943,9||702,9|||||||||||||||||
238|'Кронштадтский'||'Сургина ул'|'д. 8'|'корп. 1'|||||||'1890г.'||||||2767,7||2023,7|||||||||||||||||
239|'Кронштадтский'||'Сургина ул'|'д. 8'|'корп. 2'|||||||'1971г.'||||||1766,6||1612,6|||||||||||||||||
240|'Кронштадтский'||'Сургина ул'|'д. 9'||||||||'1900г.'||||||539,8||484,8|||||||||||||||||
241|'Кронштадтский'||'Фейгина ул'|'д. 10'||||||||'1900г.'||||||1049,2||937,2|||||||||||||||||
242|'Кронштадтский'||'Фейгина ул'|'д. 12'||||||||'1968г.'||||||4740,5||4318,5|||||||||||||||||
243|'Кронштадтский'||'Фейгина ул'|'д. 4'||||||||'1968г.'||||||4700,5||4335,6|||||||||||||||||
244|'Кронштадтский'||'Флотская ул'|'д. 1'||||||||'1960г.'||||||631,4||396,2|||||||||||||||||
245|'Кронштадтский'||'Флотская ул'|'д. 12'||||||||1788||||||7853||7853|||||||||||||||||
246|'Кронштадтский'||'Флотская ул'|'д. 13'||||||||'1900г.'||||||1260,11||1133,9|||||||||||||||||
247|'Кронштадтский'||'Флотская ул'|'д. 14'||||||||'1965г.'||||||5503,37||5056,37|||||||||||||||||
248|'Кронштадтский'||'Флотская ул'|'д. 15'||||||||'1958г.'||||||305,46||271|||||||||||||||||
249|'Кронштадтский'||'Флотская ул'|'д. 16/11'|' лит. А'|||||||'1900г.'||||||2679,9||2389,9|||||||||||||||||
250|'Кронштадтский'||'Флотская ул'|'д. 16/11'|'лит. Б'|||||||1900||||||2512||2512|||||||||||||||||
251|'Кронштадтский'||'Флотская ул'|'д. 17'||||||||'1968г.'||||||2724,1||2497,9|||||||||||||||||
252|'Кронштадтский'||'Флотская ул'|'д. 2'||||||||'1900г.'||||||8968,5||7890,5|||||||||||||||||
253|'Кронштадтский'||'Флотская ул'|'д. 21'||||||||'1969г.'||||||6095,43||5529,6|||||||||||||||||
254|'Кронштадтский'||'Флотская ул'|'д. 23'||||||||'1917г.'||||||1323,7||833,1|||||||||||||||||
255|'Кронштадтский'||'Флотская ул'|'д. 25'||||||||1900||||||600||600|||||||||||||||||
256|'Кронштадтский'||'Флотская ул'|'д. 29/9'||||||||'1900г.'||||||2171,75||1953,25|||||||||||||||||
257|'Кронштадтский'||'Флотская ул'|'д. 3'||||||||1958||||||285||285|||||||||||||||||
258|'Кронштадтский'||'Флотская ул'|'д. 5'||||||||'1973г.'||||||3885,6||3385,8|||||||||||||||||
259|'Кронштадтский'||'Флотская ул'|'д. 7'||||||||'1974г.'||||||2697,1||2468,1|||||||||||||||||
260|'Кронштадтский'||'Цитадельское ш'|'д. 39'||||||||'1983г.'||||||14555,3||11733,21|||||||||||||||||
261|'Кронштадтский'||'Цитадельское ш'|'д. 41'||||||||'1983г.'||||||13825,1||11193,6|||||||||||||||||
262|'Кронштадтский'||'Цитадельское ш'|'д. 43'||||||||'1987г.'||||||12279,2||10038,7|||||||||||||||||
263|'Кронштадтский'||'Цитадельское ш'|'д. 45/12'||||||||'1987г.'||||||10454,1||8727,1|||||||||||||||||
264|'Кронштадтский'||'Широкая ул'|'д. 10'|'лит. А'|||||||'1973г.'||||||1793,5||1580|||||||||||||||||
265|'Кронштадтский'||'Широкая ул'|'д. 2/5'|'лит. А'|||||||'1966г.'||||||5663,4||5044,4|||||||||||||||||
266|'Кронштадтский'||'Широкая ул'|'д. 4'||||||||'1968г.'||||||1800||1586|||||||||||||||||
267|'Кронштадтский'||'Широкая ул'|'д. 6'|'лит. А'|||||||'1968г.'||||||1825||1605|||||||||||||||||
268|'Кронштадтский'||'Широкая ул'|'д. 8'||||||||'1969г.'||||||3737||3389|||||||||||||||||
269|'Кронштадтский'||'Юрия Инге ул'|'д. 1'||||||||'1934г.'||||||3033,5||2541,7|||||||||||||||||
270|'Кронштадтский'||'Юрия Инге ул'|'д. 11'||||||||'1974г.'||||||2750,11||2497|||||||||||||||||
271|'Кронштадтский'||'Юрия Инге ул'|'д. 2/4'||||||||'1970г.'||||||5745,3||5372|||||||||||||||||
272|'Кронштадтский'||'Юрия Инге ул'|'д. 3, лит. А'|'лит. А'|||||||'1934г.'||||||3032,5||2675,2|||||||||||||||||
273|'Кронштадтский'||'Юрия Инге ул'|'д. 8'||||||||'1969г.'||||||4535,25||4137|||||||||||||||||
274|'Кронштадтский'||'Якорная пл'|'д. 1'|'а лит. А'|||||||1937||||||388||388|||||||||||||||||
275|'Кронштадтский'||'Якорная пл'|'д. 1'|'б, лит. А'|||||||1936||||||361||361|||||||||||||||||
276|'Кронштадтский'||'Якорная пл'|'д. 3 '|'в,лит. А'|||||||'1939г.'||||||1905,4||1732,5|||||||||||||||||
