1|2|3|4|5|6|7|||||'1605/12'|||15|16|17|18||||||||||||||32|33|34|35|36|37
1|'Кронштадтский'||'Аммермана ул'|'д. 17'|||'09_000001'|'ЖК'||'индивидуальный'|'индивидуальный'||'кирпичные'|5||3|54|||||'да'|'да'|'да'|'да'|'да'|'да'|'нет'|'да'|'нет'||||||
2|'Кронштадтский'||'Аммермана ул'|'д. 2'|||'09_000002'|'ЖК'||'индивидуальный'|'индивидуальный'||'кирпичные'|4||7|55|||||'да'|'да'|'да'|'да'|'да'|'да'|'нет'|'да'|'нет'||||||
3|'Кронштадтский'||'Аммермана ул'|'д. 22'|'А'||'09_000003'|'ЖК'||'индивидуальный'|'индивидуальный'||'кирпичные'|3||1|12|||||'да'|'да'|'да'|'да'|'да'|'да'|'нет'|'да'|'нет'||||||
4|'Кронштадтский'||'Аммермана ул'|'д. 25'|||'09_000004'|'ЖК'||'индивидуальный'|'индивидуальный'||'кирпичные'|2||1|10|||||'да'|'да'|'да'|'да'|'да'|'да'|'нет'|'да'|'нет'||||||
5|'Кронштадтский'||'Аммермана ул'|'д. 26'|||'09_000005'|'ЖК'||'индивидуальный'|'индивидуальный'||'кирпичные'|4||3|18|||||'да'|'да'|'да'|'да'|'да'|'да'|'нет'|'да'|'нет'||||||
6|'Кронштадтский'||'Аммермана ул'|'д. 27'|||'09_000006'|'ЖК'||'индивидуальный'|'индивидуальный'||'кирпичные'|3||2|17|||||'да'|'да'|'да'|'да'|'да'|'да'|'нет'|'да'|'нет'||||||
7|'Кронштадтский'||'Аммермана ул'|'д. 28'|||'09_000007'|'ЖК'||'индивидуальный'|'индивидуальный'||'кирпичные'|4||4|45|||||'да'|'да'|'да'|'да'|'да'|'да'|'нет'|'да'|'нет'||||||
8|'Кронштадтский'||'Аммермана ул'|'д. 29'|||'09_000008'|'ЖК'||'индивидуальный'|'индивидуальный'||'кирпичные'|4||3|17|||||'да'|'да'|'да'|'да'|'да'|'да'|'нет'|'да'|'нет'||||||
9|'Кронштадтский'||'Аммермана ул'|'д. 30'|||'09_000009'|'ЖК'||'индивидуальный'|'индивидуальный'||'кирпичные'|5||2|40|1760||1584||'да'|'да'|'да'|'да'|'да'|'да'|'нет'|'да'|'нет'||||||
10|'Кронштадтский'||'Аммермана ул'|'д. 31'|||'09_000010'|'ЖК'||'индивидуальный'|'индивидуальный'||'кирпичные'|3||2|18|||||'да'|'да'|'да'|'да'|'да'|'да'|'нет'|'да'|'нет'||||||
11|'Кронштадтский'||'Аммермана ул'|'д. 31'|'б'||'09_000011'|'ЖК'||'индивидуальный'|'индивидуальный'||'кирпичные'|3||2|14|||||'да'|'да'|'да'|'да'|'да'|'да'|'нет'|'да'|'нет'||||||
12|'Кронштадтский'||'Аммермана ул'|'д. 36'|'б'||'09_000012'|'ЖК'||'индивидуальный'|'индивидуальный'||'кирпичные'|4||4|45|||||'да'|'да'|'да'|'да'|'да'|'да'|'нет'|'да'|'нет'||||||
13|'Кронштадтский'||'Аммермана ул'|'д. 4'|||'09_000013'|'ЖК'||'индивидуальный'|'индивидуальный'||'кирпичные'|5||3|60|||||'да'|'да'|'да'|'да'|'да'|'да'|'нет'|'да'|'нет'||||||
14|'Кронштадтский'||'Аммермана ул'|'д. 44'|||'09_000014'|'ЖК'||'индивидуальный'|'индивидуальный'||'кирпичные'|4||5|40|||||'да'|'да'|'да'|'да'|'да'|'да'|'нет'|'да'|'нет'||||||
15|'Кронштадтский'||'Аммермана ул.'|'д.15/10'|||'09_000015'|'ЖК'||'индивидуальный'|'индивидуальный'||'кирпичные'|3||4|24|||||'да'|'да'|'да'|'да'|'да'|'да'|'нет'|'да'|'нет'||||||
16|'Кронштадтский'||'Андреевская ул'|'д. 12'|||'09_000016'|'ЖК'||'индивидуальный'|'индивидуальный'||'кирпичные'|3||3|19|||||'да'|'да'|'да'|'да'|'да'|'да'|'нет'|'да'|'нет'||||||
17|'Кронштадтский'||'Андреевская ул'|'д. 14'|'А'||'09_000017'|'ЖК'||'индивидуальный'|'индивидуальный'|1979|'кирпичные'|4||3|56|||||'да'|'да'|'да'|'да'|'да'|'да'|'нет'|'да'|'нет'||||||
18|'Кронштадтский'||'Андреевская ул'|'д. 9'|||'09_000018'|'ЖК'||'индивидуальный'|'индивидуальный'||'кирпичные'|4||3|46|||||'да'|'да'|'да'|'да'|'да'|'да'|'нет'|'да'|'нет'||||||
19|'Кронштадтский'||'Андреевская ул.'|'д.11'|||'09_000019'|'ЖК'||'индивидуальный'|'индивидуальный'||'кирпичные'|3||1|8|||||'да'|'да'|'да'|'да'|'да'|'да'|'нет'|'да'|'нет'||||||
20|'Кронштадтский'||'Андреевская ул.'|'д.5'|||'09_000020'|'ЖК'||'индивидуальный'|'индивидуальный'||'кирпичные'|3||1|6|||||'да'|'да'|'да'|'да'|'да'|'да'|'нет'|'да'|'нет'||||||
21|'Кронштадтский'||'Большевистская ул'|'д. 6-8'|||'09_000021'|'ЖК'||'индивидуальный'|'индивидуальный'||'кирпичные'|3||4|33|||||'да'|'да'|'да'|'да'|'да'|'да'|'нет'|'да'|'нет'||||||
22|'Кронштадтский'||'Велещинского ул'|'д. 12'|||'09_000022'|'ЖК'||'индивидуальный'|'индивидуальный'||'кирпичные'|4||1|9|1179||925||'да'|'да'|'да'|'да'|'да'|'да'|'нет'|'да'|'нет'||||||
23|'Кронштадтский'||'Велещинского ул'|'д. 14'|||'09_000023'|'ЖК'||'индивидуальный'|'индивидуальный'||'кирпичные'|4||2|30|||||'да'|'да'|'да'|'да'|'да'|'да'|'нет'|'да'|'нет'||||||
24|'Кронштадтский'||'Велещинского ул'|'д. 15'|'А'||'09_000024'|'ЖК'|||||'кирпичные'|5||5|100|||||'да'|'да'|'да'|'да'|'да'|'да'|'нет'|'да'|'нет'||||||
25|'Кронштадтский'||'Велещинского ул'|'д. 19/40'|||'09_000025'|'ЖК'||'индивидуальный'|'индивидуальный'||'кирпичные'|4||1|12|||||'да'|'да'|'да'|'да'|'да'|'да'|'нет'|'да'|'нет'||||||
26|'Кронштадтский'||'Велещинского ул'|'д. 7/14'|||'09_000026'|'ЖК'||'индивидуальный'|'индивидуальный'||'кирпичные'|5||2|40|||||'да'|'да'|'да'|'да'|'да'|'да'|'нет'|'да'|'нет'||||||
27|'Кронштадтский'||'Велещинского ул'|'д. 8'|||'09_000027'|'ЖК'||'индивидуальный'|'индивидуальный'||'кирпичные'|4||2|22|1328||1112||'да'|'да'|'да'|'да'|'да'|'да'|'нет'|'да'|'нет'||||||
28|'Кронштадтский'||'Велещинского ул'|'д. 9/13'|'А'||'09_000028'|'ЖК'||'индивидуальный'|'индивидуальный'||'кирпичные'|4||4|37|||||'да'|'да'|'да'|'да'|'да'|'да'|'нет'|'да'|'нет'||||||
29|'Кронштадтский'||'Владимирская ул'|'д. 17/5'|||'09_000029'|'ЖК'||'индивидуальный'|'индивидуальный'|1900|'кирпичные'|3||1|6|589||435||'да'|'да'|'да'|'да'|'да'|'да'|'нет'|'да'|'нет'||||||
30|'Кронштадтский'||'Владимирская ул'|'д. 19'|||'09_000030'|'ЖК'||'индивидуальный'|'индивидуальный'|1900|'кирпичные'|3||1|8|670||419||'да'|'да'|'да'|'да'|'да'|'да'|'нет'|'да'|'нет'||||||
31|'Кронштадтский'||'Владимирская ул'|'д. 25'|||'09_000031'|'ЖК'||'индивидуальный'|'индивидуальный'||'кирпичные'|5||5|99|||||'да'|'да'|'да'|'да'|'да'|'да'|'нет'|'да'|'нет'||||||
32|'Кронштадтский'||'Владимирская ул'|'д. 27'|||'09_000032'|'ЖК'||'индивидуальный'|'индивидуальный'||'кирпичные'|3||1|8|773||583||'да'|'да'|'да'|'да'|'да'|'да'|'нет'|'да'|'нет'||||||
33|'Кронштадтский'||'Владимирская ул'|'д. 32'|||'09_000033'|'ЖК'||'индивидуальный'|'индивидуальный'|1900|'кирпичные'|2||2|6|||||'да'|'да'|'да'|'да'|'да'|'да'|'нет'|'да'|'нет'||||||
34|'Кронштадтский'||'Владимирская ул'|'д. 47'|||'09_000034'|'ЖК'|||||'кирпичные'|5||3|59|||||'да'|'да'|'да'|'да'|'да'|'да'|'нет'|'да'|'нет'||||||
35|'Кронштадтский'||'Владимирская ул'|'д. 49'|||'09_000035'|'ЖК'||'индивидуальный'|'индивидуальный'||'кирпичные'|3||1|9|||||'да'|'да'|'да'|'да'|'да'|'да'|'нет'|'да'|'нет'||||||
36|'Кронштадтский'||'Восстания ул'|'д. 16'|||'09_000036'|'ЖК'||'индивидуальный'|'индивидуальный'||'кирпичные'|5||2|40|||||'да'|'да'|'да'|'да'|'да'|'да'|'нет'|'да'|'нет'||||||
37|'Кронштадтский'||'Восстания ул'|'д. 18'|||'09_000037'|'ЖК'||'индивидуальный'|'индивидуальный'||'кирпичные'|2||1|8|||||'да'|'да'|'да'|'да'|'да'|'да'|'нет'|'да'|'нет'||||||
38|'Кронштадтский'||'Восстания ул'|'д. 20'|||'09_000038'|'ЖК'||'индивидуальный'|'индивидуальный'||'кирпичные'|2||1|8|||||'да'|'да'|'да'|'да'|'да'|'да'|'нет'|'да'|'нет'||||||
39|'Кронштадтский'||'Восстания ул'|'д. 22'|||'09_000039'|'ЖК'||'индивидуальный'|'индивидуальный'||'кирпичные'|3||3|27|||||'да'|'да'|'да'|'да'|'да'|'да'|'нет'|'да'|'нет'||||||
40|'Кронштадтский'||'Восстания ул'|'д. 26'|||'09_000040'|'ЖК'||'индивидуальный'|'индивидуальный'||'кирпичные'|5||4|80|||||'да'|'да'|'да'|'да'|'да'|'да'|'нет'|'нет'|'да'||||||
41|'Кронштадтский'||'Восстания ул'|'д. 5'|'А'||'09_000041'|'ЖК'||'индивидуальный'|'индивидуальный'||'кирпичные'|4||5|14|||||'да'|'да'|'да'|'да'|'да'|'нет'|'нет'|'да'|'нет'||||||
42|'Кронштадтский'||'Восстания ул'|'д. 58'|||'09_000042'|'ЖК'||'индивидуальный'|'индивидуальный'||'кирпичные'|5||5|95|||||'да'|'да'|'да'|'да'|'да'|'да'|'нет'|'да'|'нет'||||||
43|'Кронштадтский'||'Восстания ул'|'д. 64'|||'09_000043'|'ЖК'||'индивидуальный'|'индивидуальный'||'кирпичные'|5||3|60|||||'да'|'да'|'да'|'да'|'да'|'да'|'нет'|'да'|'нет'||||||
44|'Кронштадтский'||'Восстания ул'|'д. 72'|'А'||'09_000044'|'ЖК'||'индивидуальный'|'индивидуальный'||'кирпичные'|5||3|70|||||'да'|'да'|'да'|'да'|'да'|'да'|'нет'|'да'|'нет'||||||
45|'Кронштадтский'||'Восстания, ул.'|'д. 74'|||'09_000045'|'ЖК'||'индивидуальный'|'индивидуальный'|1967|'кирпичные'|5||4|80|||||'да'|'да'|'да'|'да'|'да'|'да'|'нет'|'да'|'нет'||||||
46|'Кронштадтский'||'Восстания, ул.'|'д. 80'|||'09_000046'|'ЖК'||'индивидуальный'|'индивидуальный'|1977|'кирпичные'|5||8|142|||||'да'|'да'|'да'|'да'|'да'|'да'|'нет'|'да'|'нет'||||||
47|'Кронштадтский'||'Восстания, ул.'|'д.10/4'|||'09_000047'|'ЖК'||'индивидуальный'|'индивидуальный'||'кирпичные'|5||3|60|||||'да'|'да'|'да'|'да'|'да'|'да'|'нет'|'да'|'нет'||||||
48|'Кронштадтский'||'Восстания, ул.'|'д.34'|||'09_000048'|'ЖК'||'индивидуальный'|'индивидуальный'||'кирпичные'|2||1|8|||||'да'|'да'|'да'|'да'|'да'|'да'|'нет'|'да'|'нет'||||||
49|'Кронштадтский'||'Восстания, ул.'|'д.72'|'а'||'09_000049'|'ЖК'||'индивидуальный'|'индивидуальный'|1979|'кирпичные'|9||1|72|||||'да'|'да'|'да'|'да'|'да'|'да'|'нет'|'да'|'нет'||||||
50|'Кронштадтский'||'Восстания, ул.'|'д.76'|||'09_000050'|'ЖК'||'индивидуальный'|'индивидуальный'|1972|'кирпичные'|5||2|36|||||'да'|'да'|'да'|'да'|'да'|'да'|'нет'|'да'|'нет'||||||
51|'Кронштадтский'||'Всеволода Вишневского ул'|'д. 13'|'А'||'09_000051'|'ЖК'||'индивидуальный'|'индивидуальный'|1958|'кирпичные'|4||3|43|2800||2800||'да'|'да'|'да'|'да'|'да'|'да'|'нет'|'да'|'нет'||||||
52|'Кронштадтский'||'Всеволода Вишневского ул'|'д. 18'|||'09_000052'|'ЖК'||'индивидуальный'|'индивидуальный'|1973|'кирпичные'|5||2|40|1973||1885||'да'|'да'|'да'|'да'|'да'|'да'|'нет'|'да'|'нет'||||||
53|'Кронштадтский'||'Всеволода Вишневского ул'|'д. 5'|'А'||'09_000053'|'ЖК'||'индивидуальный'|'индивидуальный'||'кирпичные'|3||4|44|||||'да'|'да'|'да'|'да'|'да'|'да'|'нет'|'да'|'нет'||||||
54|'Кронштадтский'||'Всеволода Вишневского ул'|'д. 7/20'|'А'||'09_000054'|'ЖК'||'индивидуальный'|'индивидуальный'|1922|'кирпичные'|3||4|25|||||'да'|'да'|'да'|'да'|'да'|'да'|'нет'|'да'|'нет'||||||
55|'Кронштадтский'||'Всеволода Вишневского ул'|'д.20/20'|||'09_000055'|'ЖК'||'индивидуальный'|'индивидуальный'||'кирпичные'|5||5|86|||||'да'|'да'|'да'|'да'|'да'|'да'|'нет'|'да'|'нет'||||||
56|'Кронштадтский'||'Гидростроителей ул'|'д. 10'|||'09_000056'|'ЖК'||'индивидуальный'|'индивидуальный'||'кирпичные'|'1/14,2/10,3/10,4/8,5/8.6/9'||6|251|15188||||'да'|'да'|'да'|'да'|'да'|'нет'|'нет'|'нет'|'да'|9|||||
57|'Кронштадтский'||'Гидростроителей ул'|'д. 4'|||'09_000057'|'ЖК'||'индивидуальный'|'индивидуальный'||'кирпичные'|'1/11,2/9,3/9,4/8'||4|183|||||'да'|'да'|'да'|'да'|'да'|'нет'|'нет'|'нет'|'да'|5|||||
58|'Кронштадтский'||'Гидростроителей ул'|'д. 6'|||'09_000058'|'ЖК'||'индивидуальный'|'индивидуальный'||'кирпичные'|'1/8,2/8,3/9,              4/11,5/11'||5|187|||||'да'|'да'|'да'|'да'|'да'|'нет'|'нет'|'нет'|'да'|7|||||
59|'Кронштадтский'||'Гражданская ул'|'д. 10'|||'09_000059'|'ЖК'||'индивидуальный'|'индивидуальный'|1965|'кирпичные'|5||2|40|||||'да'|'да'|'да'|'да'|'да'|'да'|'нет'|'да'|'нет'||||||
60|'Кронштадтский'||'Гражданская ул'|'д. 11'|||'09_000060'|'ЖК'||'индивидуальный'|'индивидуальный'||'кирпичные'|3||2|14|||||'да'|'да'|'да'|'да'|'да'|'да'|'нет'|'да'|'нет'||||||
61|'Кронштадтский'||'Гражданская ул'|'д. 15'|||'09_000061'|'ЖК'||'индивидуальный'|'индивидуальный'|1900|'кирпичные'|3||2|15|||||'да'|'да'|'да'|'да'|'да'|'да'|'нет'|'да'|'нет'||||||
62|'Кронштадтский'||'Гражданская ул'|'д. 17/13'|||'09_000062'|'ЖК'||'индивидуальный'|'индивидуальный'|1900|'кирпичные'|3||2|14|||||'да'|'да'|'да'|'да'|'да'|'да'|'нет'|'да'|'нет'||||||
63|'Кронштадтский'||'Гражданская ул'|'д. 18'|||'09_000063'|'ЖК'||'индивидуальный'|'индивидуальный'|1958|'кирпичные'|4||3|27|||||'да'|'да'|'да'|'да'|'да'|'да'|'нет'|'да'|'нет'||||||
64|'Кронштадтский'||'Гражданская ул'|'д. 20/22'|||'09_000064'|'ЖК'||'индивидуальный'|'индивидуальный'|1900|'кирпичные'|3||2|27|||||'да'|'да'|'да'|'да'|'да'|'да'|'нет'|'да'|'нет'||||||
65|'Кронштадтский'||'Гражданская ул'|'д. 21'|||'09_000065'|'ЖК'||'индивидуальный'|'индивидуальный'||'кирпичные'|5||3|60|||||'да'|'да'|'да'|'да'|'да'|'да'|'нет'|'да'|'нет'||||||
66|'Кронштадтский'||'Гражданская ул'|'д. 23'|||'09_000066'|'ЖК'||'индивидуальный'|'индивидуальный'||'кирпичные'|2||1|9|||||'да'|'да'|'да'|'да'|'да'|'да'|'нет'|'да'|'нет'||||||
67|'Кронштадтский'||'Гражданская ул'|'д. 25'|||'09_000067'|'ЖК'||'индивидуальный'|'индивидуальный'||'кирпичные'|3||1|12|||||'да'|'да'|'да'|'да'|'да'|'да'|'нет'|'да'|'нет'||||||
68|'Кронштадтский'||'Гражданская ул'|'д. 7'|||'09_000068'|'ЖК'||'индивидуальный'|'индивидуальный'||'кирпичные'|3||3|18|||||'да'|'да'|'да'|'да'|'да'|'да'|'нет'|'да'|'нет'||||||
69|'Кронштадтский'||'Гражданская ул'|'д. 8'|||'09_000069'|'ЖК'||'индивидуальный'|'индивидуальный'|1900|'кирпичные'|4||1|11|||||'да'|'да'|'да'|'да'|'да'|'да'|'нет'|'да'|'нет'||||||
70|'Кронштадтский'||'Гражданская ул'|'д. 9'|||'09_000070'|'ЖК'||'индивидуальный'|'индивидуальный'||'кирпичные'|3||2|16|||||'да'|'да'|'да'|'да'|'да'|'да'|'нет'|'да'|'нет'||||||
71|'Кронштадтский'||'Гусева ул'|'д. 1'|||'09_000071'|'ЖК'||'индивидуальный'|'индивидуальный'||'кирпичные'|3||1|6|||||'да'|'да'|'да'|'да'|'да'|'да'|'нет'|'да'|'нет'||||||
72|'Кронштадтский'||'Гусева ул'|'д. 11'|'Б'||'09_000072'|'ЖК'||'индивидуальный'|'индивидуальный'|1960|'кирпичные'|5||2|40|1596||1596||'да'|'да'|'да'|'да'|'да'|'да'|'нет'|'да'|'нет'||||||
73|'Кронштадтский'||'Гусева ул'|'д. 12'|||'09_000073'|'ЖК'||'индивидуальный'|'индивидуальный'|1962|'кирпичные'|5||4|79|||||'да'|'да'|'да'|'да'|'да'|'да'|'нет'|'да'|'нет'||||||
74|'Кронштадтский'||'Гусева ул'|'д. 3'|||'09_000074'|'ЖК'||'индивидуальный'|'индивидуальный'||'кирпичные'|3||2|21|||||'да'|'да'|'да'|'да'|'да'|'да'|'нет'|'да'|'нет'||||||
75|'Кронштадтский'||'Гусева ул'|'д. 4'|||'09_000075'|'ЖК'||'индивидуальный'|'индивидуальный'||'кирпичные'|3||2|9|||||'да'|'да'|'да'|'да'|'да'|'да'|'нет'|'да'|'нет'||||||
76|'Кронштадтский'||'Гусева ул'|'д. 5'|||'09_000076'|'ЖК'||'индивидуальный'|'индивидуальный'||'кирпичные'|5||3|59|||||'да'|'да'|'да'|'да'|'да'|'да'|'нет'|'да'|'нет'||||||
77|'Кронштадтский'||'Гусева ул'|'д. 6'|||'09_000077'|'ЖК'|||||'кирпичные'|5||2|40|||||'да'|'да'|'да'|'да'|'да'|'да'|'нет'|'да'|'нет'||||||
78|'Кронштадтский'||'Гусева ул'|'д. 9/4'|||'09_000078'|'ЖК'||'индивидуальный'|'индивидуальный'||'кирпичные'|5||2|40|1803||1583||'да'|'да'|'да'|'да'|'да'|'да'|'нет'|'да'|'нет'||||||
79|'Кронштадтский'||'Зосимова ул'|'д. 11'|'А'||'09_000079'|'ЖК'||'индивидуальный'|'индивидуальный'||'кирпичные'|2||1|30|||||'да'|'да'|'да'|'да'|'да'|'нет'|'нет'|'нет'|'да'||||||
80|'Кронштадтский'||'Зосимова ул'|'д. 18/15'|||'09_000080'|'ЖК'||'индивидуальный'|'индивидуальный'||'кирпичные'|4||5|45|||3185||'да'|'да'|'да'|'да'|'да'|'да'|'нет'|'да'|'нет'||||||
81|'Кронштадтский'||'Зосимова ул'|'д. 2'|||'09_000081'|'ЖК'||'индивидуальный'|'индивидуальный'||'кирпичные'|7||5|160|||||'да'|'да'|'да'|'да'|'да'|'да'|'нет'|'да'|'нет'|4|||||
82|'Кронштадтский'||'Зосимова ул'|'д. 22'|1||'09_000082'|'ЖК'||'индивидуальный'|'индивидуальный'|1900|'кирпичные'|3||1|12|||||'да'|'да'|'да'|'да'|'да'|'да'|'нет'|'да'|'нет'||||||
83|'Кронштадтский'||'Зосимова ул'|'д. 22'|2||'09_000083'|'ЖК'||'индивидуальный'|'индивидуальный'|1900|'кирпичные'|3||1|12|||||'да'|'да'|'да'|'да'|'да'|'да'|'нет'|'да'|'нет'||||||
84|'Кронштадтский'||'Зосимова ул'|'д. 28/30'|||'09_000084'|'ЖК'||'индивидуальный'|'индивидуальный'||'кирпичные'|3||3|14|||||'да'|'да'|'да'|'да'|'да'|'да'|'нет'|'да'|'нет'||||||
85|'Кронштадтский'||'Зосимова ул'|'д. 34'|||'09_000085'|'ЖК'|||||'кирпичные'|5||4|80|3838||3442||'да'|'да'|'да'|'да'|'да'|'да'|'нет'|'да'|'нет'||||||
86|'Кронштадтский'||'Зосимова ул'|'д. 4'|||'09_000086'|'ЖК'||'индивидуальный'|'индивидуальный'||'кирпичные'|8||7|226|||||'да'|'да'|'да'|'да'|'да'|'да'|'нет'|'да'|'нет'|6|||||
87|'Кронштадтский'||'Зосимова ул'|'д. 42/23'|'А'||'09_000087'|'ЖК'||'индивидуальный'|'индивидуальный'||'кирпичные'|5||7|142|||||'да'|'да'|'да'|'да'|'да'|'да'|'нет'|'да'|'нет'||||||
88|'Кронштадтский'||'Зосимова ул'|'д. 5'|'А'||'09_000088'|'ЖК'||'индивидуальный'|'индивидуальный'||'кирпичные'|5||2|38|||||'да'|'да'|'да'|'да'|'да'|'да'|'нет'|'да'|'нет'||||||
89|'Кронштадтский'||'Зосимова ул'|'д. 6/40'|'А'||'09_000089'|'ЖК'||'индивидуальный'|'индивидуальный'||'кирпичные'|5||5|120|||||'да'|'да'|'да'|'да'|'да'|'да'|'нет'|'да'|'нет'||||||
90|'Кронштадтский'||'Зосимова ул'|'д. 7'|'А'||'09_000090'|'ЖК'||'индивидуальный'|'индивидуальный'||'кирпичные'|6||3|73|||||'да'|'да'|'да'|'да'|'да'|'да'|'нет'|'да'|'нет'|3|||||
91|'Кронштадтский'||'Зосимова ул'|'д. 9'|'А'||'09_000091'|'ЖК'||'индивидуальный'|'индивидуальный'|1971|'кирпичные'|5||7|133|6212||6212||'да'|'да'|'да'|'да'|'да'|'да'|'нет'|'да'|'нет'||||||
92|'Кронштадтский'||'Интернациональная ул'|'д. 6'|'А'||'09_000092'|'ЖК'||'индивидуальный'|'индивидуальный'||'кирпичные'|4||3|14|||||'да'|'да'|'да'|'да'|'да'|'да'|'нет'|'да'|'нет'||||||
93|'Кронштадтский'||'Интернациональная ул'|'д. 7/22'|||'09_000093'|'ЖК'||'индивидуальный'|'индивидуальный'||'кирпичные'|2||3|12|||||'да'|'да'|'да'|'да'|'да'|'да'|'нет'|'да'|'нет'||||||
94|'Кронштадтский'||'Интернациональная ул'|'д.5/11'|||'09_000094'|'ЖК'||'индивидуальный'|'индивидуальный'|1960|'кирпичные'|3||2|18|||||'да'|'да'|'да'|'да'|'да'|'да'|'нет'|'да'|'нет'||||||
95|'Кронштадтский'||'Карла Либкнехта ул'|'д. 15'|'а'||'09_000095'|'ЖК'||'индивидуальный'|'индивидуальный'||'кирпичные'|5||3|55|||||'да'|'да'|'да'|'да'|'да'|'да'|'нет'|'да'|'нет'|3|||||
96|'Кронштадтский'||'Карла Либкнехта ул'|'д. 15б'|'А'||'09_000096'|'ЖК'||'индивидуальный'|'индивидуальный'||'кирпичные'|5||3|44|||2662||'да'|'да'|'да'|'да'|'да'|'да'|'нет'|'да'|'нет'|3|||||
97|'Кронштадтский'||'Карла Либкнехта ул'|'д. 17'|'А'||'09_000097'|'ЖК'||'индивидуальный'|'индивидуальный'||'кирпичные'|5||5|90|||||'да'|'да'|'да'|'да'|'да'|'да'|'нет'|'да'|'нет'||||||
98|'Кронштадтский'||'Карла Либкнехта ул'|'д. 24'|'А'||'09_000098'|'ЖК'||'индивидуальный'|'индивидуальный'||'кирпичные'|5||3|40|||||'да'|'да'|'да'|'да'|'да'|'да'|'нет'|'да'|'нет'||||||
99|'Кронштадтский'||'Карла Либкнехта ул'|'д. 25'|||'09_000099'|'ЖК'||'индивидуальный'|'индивидуальный'||'кирпичные'|5||2|40|||||'да'|'да'|'да'|'да'|'да'|'да'|'нет'|'да'|'нет'||||||
100|'Кронштадтский'||'Карла Либкнехта ул'|'д. 27'|'А'||'09_000100'|'ЖК'||'индивидуальный'|'индивидуальный'||'кирпичные'|4||2|23|||1504||'да'|'да'|'да'|'да'|'да'|'да'|'нет'|'да'|'нет'||||||
101|'Кронштадтский'||'Карла Либкнехта ул'|'д. 29'|'А'||'09_000101'|'ЖК'||'индивидуальный'|'индивидуальный'||'кирпичные'|4||1|12|||||'да'|'да'|'да'|'да'|'да'|'да'|'нет'|'да'|'нет'||||||
102|'Кронштадтский'||'Карла Либкнехта ул'|'д. 30'|||'09_000102'|'ЖК'|||||'кирпичные'|5||5|100|||||'да'|'да'|'да'|'да'|'да'|'да'|'нет'|'да'|'нет'||||||
103|'Кронштадтский'||'Карла Маркса ул'|'д. 12'|||'09_000103'|'ЖК'|||||'кирпичные'|5||5|79|||||'да'|'да'|'да'|'да'|'да'|'да'|'нет'|'да'|'нет'||||||
104|'Кронштадтский'||'Карла Маркса ул'|'д. 13'|'А'||'09_000104'|'ЖК'||'индивидуальный'|'индивидуальный'||'кирпичные'|3||1|17|||||'да'|'да'|'да'|'да'|'да'|'да'|'нет'|'да'|'нет'||||||
105|'Кронштадтский'||'Карла Маркса ул'|'д. 17'|||'09_000105'|'ЖК'||'индивидуальный'|'индивидуальный'||'кирпичные'|5||2|40|||||'да'|'да'|'да'|'да'|'да'|'да'|'нет'|'да'|'нет'||||||
106|'Кронштадтский'||'Карла Маркса ул'|'д. 21'|||'09_000106'|'ЖК'||'индивидуальный'|'индивидуальный'||'кирпичные'|4||2|26|||||'да'|'да'|'да'|'да'|'да'|'да'|'нет'|'да'|'нет'||||||
107|'Кронштадтский'||'Карла Маркса ул'|'д. 25'|||'09_000107'|'ЖК'||'индивидуальный'|'индивидуальный'||'кирпичные'|3||2|18|||||'да'|'да'|'да'|'да'|'да'|'да'|'нет'|'да'|'нет'||||||
108|'Кронштадтский'||'Карла Маркса ул'|'д.4/11'|||'09_000108'|'ЖК'||'индивидуальный'|'индивидуальный'|1900|'кирпичные'|4||5|58|||||'да'|'да'|'да'|'да'|'да'|'да'|'нет'|'да'|'нет'||||||
109|'Кронштадтский'||'Коммунистическая ул'|'д. 3'|'А'||'09_000109'|'ЖК'||'индивидуальный'|'индивидуальный'||'кирпичные'|2||2|12|||||'да'|'да'|'да'|'да'|'да'|'да'|'нет'|'да'|'нет'||||||
110|'Кронштадтский'||'Коммунистическая ул'|'д. 4/18'|'А'||'09_000110'|'ЖК'||'индивидуальный'|'индивидуальный'||'кирпичные'|5||4|54|||||'да'|'да'|'да'|'да'|'да'|'да'|'нет'|'да'|'нет'||||||
111|||'Коммунистическая ул'|'д.5'|||'09_000111'|||||||||||||||||||||||||||||
112|'Кронштадтский'||'Коммунистическая ул'|'д. 6/21'|'А'||'09_000112'|'ЖК'||'индивидуальный'|'индивидуальный'||'кирпичные'|5||6|81|||||'да'|'да'|'да'|'да'|'да'|'да'|'нет'|'да'|'нет'||||||
113|'Кронштадтский'||'Комсомола ул'|'д. 1/16'|||'09_000113'|'ЖК'|||||'кирпичные'|5||3|56|||||'да'|'да'|'да'|'да'|'да'|'да'|'нет'|'да'|'нет'||||||
114|'Кронштадтский'||'Комсомола ул'|'д. 15'|||'09_000114'|'ЖК'||'индивидуальный'|'индивидуальный'||'кирпичные'|2||1|8|||||'да'|'да'|'да'|'да'|'да'|'да'|'нет'|'да'|'нет'||||||
115|'Кронштадтский'||'Комсомола ул'|'д. 17'|||'09_000115'|'ЖК'||'индивидуальный'|'индивидуальный'||'кирпичные'|2||1|8|||||'да'|'да'|'да'|'да'|'да'|'да'|'нет'|'да'|'нет'||||||
116|'Кронштадтский'||'Комсомола ул'|'д. 3/2'|||'09_000116'|'ЖК'|||||'кирпичные'|5||4|80|3846||3450||'да'|'да'|'да'|'да'|'да'|'да'|'нет'|'да'|'нет'||||||
117|'Кронштадтский'||'Красная ул'|'д. 11'|'А'||'09_000117'|'ЖК'||'индивидуальный'|'индивидуальный'||'кирпичные'|5||3|49|||||'да'|'да'|'да'|'да'|'да'|'да'|'нет'|'да'|'нет'||||||
118|'Кронштадтский'||'Красная ул'|'д. 13'|||'09_000118'|'ЖК'||'индивидуальный'|'индивидуальный'||'кирпичные'|4||1|14|||||'да'|'да'|'да'|'да'|'да'|'да'|'нет'|'да'|'нет'||||||
119|'Кронштадтский'||'Красная ул'|'д. 15'|||'09_000119'|'ЖК'|||||'кирпичные'|5||2|40|||||'да'|'да'|'да'|'да'|'да'|'да'|'нет'|'да'|'нет'||||||
120|'Кронштадтский'||'Красная ул'|'д. 17'|||'09_000120'|'ЖК'||'индивидуальный'|'индивидуальный'|1900|'кирпичные'|3||1|9|||||'да'|'да'|'да'|'да'|'да'|'да'|'нет'|'да'|'нет'||||||
121|'Кронштадтский'||'Красная ул'|'д. 2'|'А'||'09_000121'|'ЖК'||'индивидуальный'|'индивидуальный'||'кирпичные'|3||2|24|||||'да'|'да'|'да'|'да'|'да'|'да'|'нет'|'да'|'нет'||||||
122|'Кронштадтский'||'Красная ул'|'д. 5'|'В'||'09_000122'|'ЖК'||'индивидуальный'|'индивидуальный'||'кирпичные'|3||1|12|||||'да'|'да'|'да'|'да'|'да'|'да'|'нет'|'да'|'нет'||||||
123|'Кронштадтский'||'Красная ул'|'д. 7'|||'09_000123'|'ЖК'||'индивидуальный'|'индивидуальный'|1900|'кирпичные'|3||1|6|||||'да'|'да'|'да'|'да'|'да'|'да'|'нет'|'да'|'нет'||||||
124|'Кронштадтский'||'Красная ул'|'д. 8'|'2А'||'09_000124'|'ЖК'||'индивидуальный'|'индивидуальный'|1948|'кирпичные'|4||3|32|10792||10792||'да'|'да'|'да'|'да'|'да'|'да'|'нет'|'да'|'нет'||||||
125|'Кронштадтский'||'Красная ул'|'д. 8'|'3А'||'09_000125'|'ЖК'||'индивидуальный'|'индивидуальный'||'кирпичные'|4||3|33|||||'да'|'да'|'да'|'да'|'да'|'да'|'нет'|'да'|'нет'||||||
126|'Кронштадтский'||'Красная ул'|'д. 8'|1||'09_000126'|'ЖК'||'индивидуальный'|'индивидуальный'|1948|'кирпичные'|5||10|144|||||'да'|'да'|'да'|'да'|'да'|'да'|'нет'|'да'|'нет'||||||
127|'Кронштадтский'||'Красная ул'|'д. 9'|'Д'||'09_000127'|'ЖК'||'индивидуальный'|'индивидуальный'|1900|'кирпичные'|2||1|6|446||446||'да'|'да'|'да'|'да'|'да'|'да'|'нет'|'да'|'нет'||||||
128|'Кронштадтский'||'Кронштадтская ул'|'д. 1/66'|'А'||'09_000128'|'ЖК'||'индивидуальный'|'индивидуальный'||'кирпичные'|3||1|14|||||'да'|'да'|'да'|'да'|'да'|'да'|'нет'|'да'|'нет'||||||
129|'Кронштадтский'||'Кронштадтская ул'|'д. 10'|||'09_000129'|'ЖК'||'индивидуальный'|'индивидуальный'|1900|'кирпичные'|3||1|12|||||'да'|'да'|'да'|'да'|'да'|'да'|'нет'|'да'|'нет'||||||
130|'Кронштадтский'||'Кронштадтская ул'|'д. 17'|||'09_000130'|'ЖК'||'индивидуальный'|'индивидуальный'||'кирпичные'|2||3|25|1351||1184||'да'|'да'|'да'|'да'|'да'|'да'|'нет'|'да'|'нет'||||||
131|'Кронштадтский'||'Кронштадтская ул'|'д. 3'|'А'||'09_000131'|'ЖК'|||||'кирпичные'|5||3|60|||||'да'|'да'|'да'|'да'|'да'|'да'|'нет'|'да'|'нет'||||||
132|'Кронштадтский'||'Кронштадтская ул'|'д. 5'|||'09_000132'|'ЖК'||'индивидуальный'|'индивидуальный'|1960|'кирпичные'|2||1|8|||||'да'|'да'|'да'|'да'|'да'|'да'|'нет'|'да'|'нет'||||||
133|'Кронштадтский'||'Кронштадтская ул'|'д. 9'|||'09_000133'|'ЖК'||'индивидуальный'|'индивидуальный'|1967|'кирпичные'|5||3|60|||||'да'|'да'|'да'|'да'|'да'|'да'|'нет'|'да'|'нет'||||||
134|'Кронштадтский'||'Кронштадтское ш'|'д. 10'|3||'09_000134'|'ЖК'||'индивидуальный'|'индивидуальный'||'кирпичные'|7||2|84|||4046||'да'|'да'|'да'|'да'|'да'|'да'|'нет'|'да'|'нет'|2|||||
135|'Кронштадтский'||'Кронштадтское ш'|'д. 10'|1||'09_000135'|'ЖК'||'индивидуальный'|'индивидуальный'||'кирпичные'|7||2|84|||4013||'да'|'да'|'да'|'да'|'да'|'да'|'нет'|'да'|'нет'|2|||||
136|'Кронштадтский'||'Кронштадтское ш'|'д. 10.'|2||'09_000136'|'ЖК'||'индивидуальный'|'индивидуальный'||'кирпичные'|7||2|84|||4062||'да'|'да'|'да'|'да'|'да'|'да'|'нет'|'да'|'нет'|2|||||
137|'Кронштадтский'||'Кронштадтское ш'|'д. 12'|||'09_000137'|'ЖК'||'индивидуальный'|'индивидуальный'||'кирпичные'|7||2|63|3794||3241||'да'|'да'|'да'|'да'|'да'|'да'|'нет'|'да'|'нет'|2|||||
138|'Кронштадтский'||'Кронштадтское ш'|'д. 28'|'А'||'09_000138'|'ЖК'||'индивидуальный'|'индивидуальный'||'кирпичные'|9||2|18|||||'да'|'да'|'да'|'да'|'да'|'нет'|'нет'|'нет'|'да'|2|||||
139|'Кронштадтский'||'Кронштадтское ш'|'д. 34'|||'09_000139'|'ЖК'||'индивидуальный'|'индивидуальный'||'кирпичные'|'1/10,2/10,3/9,4/9'||4|146|||||'да'|'да'|'да'|'да'|'да'|'нет'|'нет'|'нет'|'да'|4|||||
140|'Кронштадтский'||'Кронштадтское ш'|'д. 36'|||'09_000140'|'ЖК'||'индивидуальный'|'индивидуальный'||'кирпичные'|'1/11,2/11,3/12,4/12'||4|221|||||'да'|'да'|'да'|'да'|'да'|'нет'|'нет'|'нет'|'да'|8|||||
141|'Кронштадтский'||'Кронштадтское ш'|'д. 38'|||'09_000141'|'ЖК'||'индивидуальный'|'индивидуальный'||'кирпичные'|'1/9,2/11,3/9.4/9'||4|187|||9325||'да'|'да'|'да'|'да'|'да'|'нет'|'нет'|'нет'|'да'|5|||||
142|'Кронштадтский'||'Кронштадтское ш'|'д. 6'|'1А'||'09_000142'|'ЖК'||'индивидуальный'|'индивидуальный'||'кирпичные'|7||2|84|||4022||'да'|'да'|'да'|'да'|'да'|'да'|'нет'|'да'|'нет'|2|||||
143|'Кронштадтский'||'Кронштадтское ш'|'д. 6'|2||'09_000143'|'ЖК'||'индивидуальный'|'индивидуальный'||'кирпичные'|7||2|84|||4010||'да'|'да'|'да'|'да'|'да'|'да'|'нет'|'да'|'нет'|2|||||
144|'Кронштадтский'||'Кронштадтское ш'|'д. 8'|||'09_000144'|'ЖК'||'индивидуальный'|'индивидуальный'||'кирпичные'|7||3|79|||||'да'|'да'|'да'|'да'|'да'|'да'|'нет'|'да'|'нет'|3|||||
145|'Кронштадтский'||'Лебедева ул'|'д. 3'|'А'||'09_000145'|'ЖК'||'индивидуальный'|'индивидуальный'||'кирпичные'|5||2|50|||||'да'|'да'|'да'|'да'|'да'|'да'|'нет'|'да'|'нет'||||||
146|'Кронштадтский'||'Лебедева ул'|'д. 5'|||'09_000146'|'ЖК'||'индивидуальный'|'индивидуальный'|1880|'кирпичные'|3||1|30|2254||2254||'да'|'да'|'да'|'да'|'да'|'да'|'нет'|'да'|'нет'||||||
147|'Кронштадтский'||'Ленина пр-кт'|'д. 1'|||'09_000147'|'ЖК'||'индивидуальный'|'индивидуальный'||'кирпичные'|5||3|98|||4499||'да'|'да'|'да'|'да'|'да'|'да'|'нет'|'да'|'нет'||||||
148|'Кронштадтский'||'Ленина пр-кт'|'д. 10'|||'09_000148'|'ЖК'||'индивидуальный'|'индивидуальный'|1902|'кирпичные'|3||1|6|||||'да'|'да'|'да'|'да'|'да'|'да'|'нет'|'да'|'нет'||||||
149|'Кронштадтский'||'Ленина пр-кт'|'д. 12/14'|||'09_000149'|'ЖК'||'индивидуальный'|'индивидуальный'|1900|'кирпичные'|3||3|18|||||'да'|'да'|'да'|'да'|'да'|'да'|'нет'|'да'|'нет'||||||
150|'Кронштадтский'||'Ленина пр-кт'|'д. 15'|||'09_000150'|'ЖК'||'индивидуальный'|'индивидуальный'|1900|'кирпичные'|3||2|35|||||'да'|'да'|'да'|'да'|'да'|'да'|'нет'|'да'|'нет'|1|||||
151|'Кронштадтский'||'Ленина пр-кт'|'д. 17'|||'09_000151'|'ЖК'||'индивидуальный'|'индивидуальный'|1900|'кирпичные'|3||1|6|||||'да'|'да'|'да'|'да'|'да'|'да'|'нет'|'да'|'нет'||||||
152|'Кронштадтский'||'Ленина пр-кт'|'д. 19'|||'09_000152'|'ЖК'||'индивидуальный'|'индивидуальный'|1900|'кирпичные'|2||1|4|||||'да'|'да'|'да'|'да'|'да'|'да'|'нет'|'да'|'нет'||||||
153|'Кронштадтский'||'Ленина пр-кт'|'д. 21/2'|||'09_000153'|'ЖК'||'индивидуальный'|'индивидуальный'||'кирпичные'|4||3|30|||||'да'|'да'|'да'|'да'|'да'|'да'|'нет'|'да'|'нет'||||||
154|'Кронштадтский'||'Ленина пр-кт'|'д. 22'|||'09_000154'|'ЖК'||'индивидуальный'|'индивидуальный'||'кирпичные'|3||3|9|||||'да'|'да'|'да'|'да'|'да'|'да'|'нет'|'да'|'нет'||||||
155|'Кронштадтский'||'Ленина пр-кт'|'д. 24'|||'09_000155'|'ЖК'||'индивидуальный'|'индивидуальный'||'кирпичные'|4||3|26|||||'да'|'да'|'да'|'да'|'да'|'да'|'нет'|'да'|'нет'||||||
156|'Кронштадтский'||'Ленина пр-кт'|'д. 25/2'|'А'||'09_000156'|'ЖК'||'индивидуальный'|'индивидуальный'||'кирпичные'|4||5|28|||||'да'|'да'|'да'|'да'|'да'|'да'|'нет'|'да'|'нет'||||||
157|'Кронштадтский'||'Ленина пр-кт'|'д. 26'|||'09_000157'|'ЖК'||'индивидуальный'|'индивидуальный'||'кирпичные'|4||5|45|3466||||'да'|'да'|'да'|'да'|'да'|'да'|'нет'|'да'|'нет'||||||
158|'Кронштадтский'||'Ленина пр-кт'|'д. 28'|||'09_000158'|'ЖК'||'индивидуальный'|'индивидуальный'||'кирпичные'|4||3|18|||||'да'|'да'|'да'|'да'|'да'|'да'|'нет'|'да'|'нет'||||||
159|'Кронштадтский'||'Ленина пр-кт'|'д. 29'|'А'||'09_000159'|'ЖК'||'индивидуальный'|'индивидуальный'||'кирпичные'|4||3|15|||||'да'|'да'|'да'|'да'|'да'|'да'|'нет'|'да'|'нет'||||||
160|'Кронштадтский'||'Ленина пр-кт'|'д. 30'|||'09_000160'|'ЖК'||'индивидуальный'|'индивидуальный'||'кирпичные'|4||6|47|||||'да'|'да'|'да'|'да'|'да'|'да'|'нет'|'да'|'нет'||||||
161|'Кронштадтский'||'Ленина пр-кт'|'д. 31'|'А'||'09_000161'|'ЖК'||'индивидуальный'|'индивидуальный'||'кирпичные'|4||2|21|||||'да'|'да'|'да'|'да'|'да'|'да'|'нет'|'да'|'нет'||||||
162|'Кронштадтский'||'Ленина пр-кт'|'д. 32'|||'09_000162'|'ЖК'||'индивидуальный'|'индивидуальный'||'кирпичные'|4||2|17|||||'да'|'да'|'да'|'да'|'да'|'да'|'нет'|'да'|'нет'||||||
163|'Кронштадтский'||'Ленина пр-кт'|'д. 33'|||'09_000163'|'ЖК'||'индивидуальный'|'индивидуальный'||'кирпичные'|3||2|12|||||'да'|'да'|'да'|'да'|'да'|'да'|'нет'|'да'|'нет'||||||
164|'Кронштадтский'||'Ленина пр-кт'|'д. 35'|||'09_000164'|'ЖК'||'индивидуальный'||||4||2|15|||||'да'|'да'|'да'|'да'|'да'|'да'|'нет'|'да'|'нет'||||||
165|'Кронштадтский'||'Ленина пр-кт'|'д. 38'|'А'||'09_000165'|'ЖК'||'индивидуальный'|'индивидуальный'||'кирпичные'|3||2|10|||||'да'|'да'|'да'|'да'|'да'|'да'|'нет'|'да'|'нет'||||||
166|'Кронштадтский'||'Ленина пр-кт'|'д. 39'|'Б'||'09_000166'|'ЖК'||'индивидуальный'|'индивидуальный'||'кирпичные'|6||1|10|||||'да'|'да'|'да'|'да'|'да'|'да'|'нет'|'да'|'нет'|1|||||
167|'Кронштадтский'||'Ленина пр-кт'|'д. 40'|'А'||'09_000167'|'ЖК'||'индивидуальный'|'индивидуальный'||'кирпичные'|3||2|14|||||'да'|'да'|'да'|'да'|'да'|'да'|'нет'|'да'|'нет'||||||
168|'Кронштадтский'||'Ленина пр-кт'|'д. 41/6'|||'09_000168'|'ЖК'||'индивидуальный'|'индивидуальный'|1900|'кирпичные'|3||2|18|||||'да'|'да'|'да'|'да'|'да'|'да'|'нет'|'да'|'нет'||||||
169|'Кронштадтский'||'Ленина пр-кт'|'д. 43'|||'09_000169'|'ЖК'||'индивидуальный'|'индивидуальный'|1900|'кирпичные'|3||1|14|||||'да'|'да'|'да'|'да'|'да'|'да'|'нет'|'да'|'нет'||||||
170|'Кронштадтский'||'Ленина пр-кт'|'д. 45'|||'09_000170'|'ЖК'||'индивидуальный'|'индивидуальный'||'кирпичные'|3||2|12|||||'да'|'да'|'да'|'да'|'да'|'да'|'нет'|'да'|'нет'||||||
171|'Кронштадтский'||'Ленина пр-кт'|'д. 47'|||'09_000171'|'ЖК'||'индивидуальный'|'индивидуальный'||'кирпичные'|3||1|6|||||'да'|'да'|'да'|'да'|'да'|'да'|'нет'|'да'|'нет'||||||
172|'Кронштадтский'||'Ленина пр-кт'|'д. 49'|||'09_000172'|'ЖК'||'индивидуальный'|'индивидуальный'||'кирпичные'|4||2|16|2215||1930||'да'|'да'|'да'|'да'|'да'|'да'|'нет'|'да'|'нет'||||||
173|'Кронштадтский'||'Ленина пр-кт'|'д. 5'|'Б'||'09_000173'|'ЖК'||'индивидуальный'|'индивидуальный'||'кирпичные'|||4|48|||||'да'|'да'|'да'|'да'|'да'|'да'|'нет'|'да'|'нет'||||||
174|'Кронштадтский'||'Ленина пр-кт'|'д. 5'|'А'||'09_000174'|'ЖК'||'индивидуальный'|'индивидуальный'||'кирпичные'|||3|31|||||'да'|'да'|'да'|'да'|'да'|'да'|'нет'|'да'|'нет'||||||
175|'Кронштадтский'||'Ленина пр-кт'|'д. 5'|'В'||'09_000175'|'ЖК'||'индивидуальный'|'индивидуальный'||'кирпичные'|||3|28|||2135||'да'|'да'|'да'|'да'|'да'|'да'|'нет'|'да'|'нет'||||||
176|'Кронштадтский'||'Ленина пр-кт'|'д. 53'|||'09_000176'|'ЖК'||'индивидуальный'|'индивидуальный'||'кирпичные'|4||4|25|||||'да'|'да'|'да'|'да'|'да'|'да'|'нет'|'да'|'нет'||||||
177|'Кронштадтский'||'Ленина пр-кт'|'д. 57'|||'09_000177'|'ЖК'||'индивидуальный'|'индивидуальный'|1900|'кирпичные'|4||1|7|||||'да'|'да'|'да'|'да'|'да'|'да'|'нет'|'да'|'нет'||||||
178|'Кронштадтский'||'Ленина пр-кт'|'д. 8'|||'09_000178'|'ЖК'||'индивидуальный'|'индивидуальный'|1974|'кирпичные'|5||6|109|||||'да'|'да'|'да'|'да'|'да'|'да'|'нет'|'да'|'нет'||||||
179|'Кронштадтский'||'Ленинградская ул'|'д. 11/41'|'А'||'09_000179'|'ЖК'||'индивидуальный'|'индивидуальный'|1900|'кирпичные'|4||3|21|2400||2400||'да'|'да'|'да'|'да'|'да'|'да'|'нет'|'да'|'нет'||||||
180|'Кронштадтский'||'Ленинградская ул'|'д. 12'|||'09_000180'|'ЖК'||'индивидуальный'|'индивидуальный'||'кирпичные'|3||3|16|||||'да'|'да'|'да'|'да'|'да'|'да'|'нет'|'да'|'нет'||||||
181|'Кронштадтский'||'Ленинградская ул'|'д. 14'|'А'||'09_000181'|'ЖК'||'индивидуальный'|'индивидуальный'||'кирпичные'|3||2|20|||||'да'|'да'|'да'|'да'|'да'|'да'|'нет'|'да'|'нет'||||||
182|'Кронштадтский'||'Ленинградская ул'|'д. 3'|'А'||'09_000182'|'ЖК'||'индивидуальный'|'индивидуальный'||'кирпичные'|4||4|44|||||'да'|'да'|'да'|'да'|'да'|'да'|'нет'|'да'|'нет'||||||
183|'Кронштадтский'||'Ленинградская ул'|'д. 6'|||'09_000183'|'ЖК'||'индивидуальный'|'индивидуальный'||'кирпичные'|2||1|4|625||560||'да'|'да'|'да'|'да'|'да'|'да'|'нет'|'да'|'нет'||||||
184|'Кронштадтский'||'Ленинградская ул'|'д. 8'|||'09_000184'|'ЖК'||'индивидуальный'|'индивидуальный'||'кирпичные'|3||2|15|1153||971||'да'|'да'|'да'|'да'|'да'|'да'|'нет'|'да'|'нет'||||||
185|'Кронштадтский'||'Ленинградская ул'|'д. 9'|'А'||'09_000185'|'ЖК'||'индивидуальный'|'индивидуальный'||'кирпичные'|4||5|40|||||'да'|'да'|'да'|'да'|'да'|'да'|'нет'|'да'|'нет'||||||
186|'Кронштадтский'||'Литке ул'|'д. 11/37'|||'09_000186'|'ЖК'||'индивидуальный'|'индивидуальный'||'кирпичные'|'1/10,2/8,3/7,4/7,    5/9,6/10'||6|233|||||'да'|'да'|'да'|'да'|'да'|'нет'|'нет'|'нет'|'да'|8|||||
187|'Кронштадтский'||'Литке ул'|'д. 7/32'|||'09_000187'|'ЖК'||'индивидуальный'|'индивидуальный'||'кирпичные'|'1/12,2/11,3/9,,4/9'||4|189|||||'да'|'да'|'да'|'да'|'да'|'нет'|'нет'|'нет'|'да'|6|||||
188|'Кронштадтский'||'Манежный пер'|'д. 2'|||'09_000188'|'ЖК'||'индивидуальный'|'индивидуальный'||'кирпичные'|6||10|147|||||'да'|'да'|'да'|'да'|'да'|'да'|'нет'|'да'|'нет'||||||
189|'Кронштадтский'||'Мануильского ул'|'д. 1/8'|'а'||'09_000189'|'ЖК'||'индивидуальный'|'индивидуальный'|1962|'кирпичные'|5||1|39|||||'да'|'да'|'да'|'да'|'да'|'да'|'нет'|'да'|'нет'||||||
190|'Кронштадтский'||'Мануильского ул'|'д. 1/8'|'б'||'09_000190'|'ЖК'||'индивидуальный'|'индивидуальный'|1964|'кирпичные'|5||2|40|||||'да'|'да'|'да'|'да'|'да'|'да'|'нет'|'да'|'нет'||||||
191|'Кронштадтский'||'Мануильского ул'|'д. 2'|'а'||'09_000191'|'ЖК'||'индивидуальный'|'индивидуальный'|1839|'кирпичные'|2||2|6|381||381||'да'|'да'|'да'|'да'|'да'|'да'|'нет'|'да'|'нет'||||||
192|'Кронштадтский'||'Мануильского ул'|'д. 2'|||'09_000192'|'ЖК'||'индивидуальный'|'индивидуальный'||'кирпичные'|2||5|21|||||'да'|'да'|'да'|'да'|'да'|'да'|'нет'|'да'|'нет'||||||
193|'Кронштадтский'||'Мануильского ул'|'д. 25'|||'09_000193'|'ЖК'||'индивидуальный'|'индивидуальный'||'кирпичные'|4||2|24|1723||1557||'да'|'да'|'да'|'да'|'да'|'да'|'нет'|'да'|'нет'||||||
194|'Кронштадтский'||'Мануильского ул'|'д. 3'|||'09_000194'|'ЖК'||'индивидуальный'|'индивидуальный'||'кирпичные'|5||2|40|1788||1587||'да'|'да'|'да'|'да'|'да'|'да'|'нет'|'да'|'нет'||||||
195|'Кронштадтский'||'Мануильского ул'|'д. 37'|||'09_000195'|'ЖК'||'индивидуальный'|'индивидуальный'||'кирпичные'|5||5|47|||2971||'да'|'да'|'да'|'да'|'да'|'да'|'нет'|'да'|'нет'||||||
196|'Кронштадтский'||'Мануильского ул'|'д. 39'|||'09_000196'|'ЖК'||'индивидуальный'|'индивидуальный'||'кирпичные'|4||1|15|||535||'да'|'да'|'да'|'да'|'да'|'да'|'нет'|'да'|'нет'||||||
197|'Кронштадтский'||'Мануильского ул'|'д. 41'|'А'||'09_000197'|'ЖК'||'индивидуальный'|'индивидуальный'||'кирпичные'|5||6|120|||5325||'да'|'да'|'да'|'да'|'да'|'да'|'нет'|'да'|'нет'||||||
198|'Кронштадтский'||'Мануильского ул'|'д. 45/3'|||'09_000198'|'ЖК'||'индивидуальный'|'индивидуальный'|1964|'кирпичные'|5||7|104|||||'да'|'да'|'да'|'да'|'да'|'да'|'нет'|'да'|'нет'||||||
199|'Кронштадтский'||'Мануильского ул'|'д. 5'|||'09_000199'|'ЖК'|||||'кирпичные'|5||3|60|||||'да'|'да'|'да'|'да'|'да'|'да'|'нет'|'да'|'нет'||||||
200|'Кронштадтский'||'Мануильского ул'|'д. 7'|'А'||'09_000200'|'ЖК'||'индивидуальный'|'индивидуальный'||'кирпичные'|5||2|39|||2521||'да'|'да'|'да'|'да'|'да'|'да'|'нет'|'да'|'нет'||||||
201|'Кронштадтский'||'Мануильского ул'|'д. 9'|'А'||'09_000201'|'ЖК'||'индивидуальный'|'индивидуальный'||'кирпичные'|5||3|60|||2511||'да'|'да'|'да'|'да'|'да'|'да'|'нет'|'да'|'нет'||||||
202|'Кронштадтский'||'Мартынова ул'|'д. 1/33'|'А'||'09_000202'|'ЖК'||'индивидуальный'|'индивидуальный'||'кирпичные'|4||2|13|1531||||'да'|'да'|'да'|'да'|'да'|'да'|'нет'|'да'|'нет'||||||
203|'Кронштадтский'||'Мартынова ул'|'д. 11'|||'09_000203'|'ЖК'||'индивидуальный'|'индивидуальный'|1870|'кирпичные'|3||2|13|||||'да'|'да'|'да'|'да'|'да'|'да'|'нет'|'да'|'нет'||||||
204|'Кронштадтский'||'Мартынова ул'|'д. 13'|||'09_000204'|'ЖК'||'индивидуальный'|'индивидуальный'|1967|'кирпичные'|5||2|40|||||'да'|'да'|'да'|'да'|'да'|'да'|'нет'|'да'|'нет'||||||
205|'Кронштадтский'||'Мартынова ул'|'д. 9'|||'09_000205'|'ЖК'|||||'кирпичные'|5||3|60|||2536||'да'|'да'|'да'|'да'|'да'|'да'|'нет'|'да'|'нет'||||||
206|'Кронштадтский'||'Никольский пер'|'д. 1/58'|||'09_000206'|'ЖК'||'индивидуальный'|'индивидуальный'||'кирпичные'|5||3|60|||||'да'|'да'|'да'|'да'|'да'|'да'|'нет'|'да'|'нет'||||||
207|'Кронштадтский'||'Никольский пер'|'д. 2/56'|||'09_000207'|'ЖК'||'индивидуальный'|'индивидуальный'||'кирпичные'|3||1|4|||||'да'|'да'|'да'|'да'|'да'|'да'|'нет'|'да'|'нет'||||||
208|'Кронштадтский'||'Петровская ул'|'д. 10'|1||'09_000208'|'ЖК'||'индивидуальный'|'индивидуальный'||'кирпичные'|5||4|64|||||'да'|'да'|'да'|'да'|'да'|'да'|'нет'|'да'|'нет'||||||
209|'Кронштадтский'||'Петровская ул'|'д. 10'|2||'09_000209'|'ЖК'||'индивидуальный'|'индивидуальный'||'кирпичные'|3||2|23|||||'да'|'да'|'да'|'да'|'да'|'да'|'нет'|'да'|'нет'||||||
210|'Кронштадтский'||'Петровская ул'|'д. 10'|3||'09_000210'|'ЖК'||'индивидуальный'|'индивидуальный'||'кирпичные'|3||1|14|||||'да'|'да'|'да'|'да'|'да'|'да'|'нет'|'да'|'нет'||||||
211|'Кронштадтский'||'Петровская ул'|'д. 12'|'А'||'09_000211'|'ЖК'||'индивидуальный'|'индивидуальный'||'кирпичные'|3||1|21|||||'да'|'да'|'да'|'да'|'да'|'да'|'нет'|'да'|'нет'||||||
212|'Кронштадтский'||'Петровская ул'|'д. 12/4'|||'09_000212'|'ЖК'||'индивидуальный'|'индивидуальный'||'кирпичные'|5||4|72|||||'да'|'да'|'да'|'да'|'да'|'да'|'нет'|'да'|'нет'||||||
213|'Кронштадтский'||'Петровская ул'|'д. 13/6'|||'09_000213'|'ЖК'||'индивидуальный'|'индивидуальный'|1900|'кирпичные'|4||4|54|||||'да'|'да'|'да'|'да'|'да'|'да'|'нет'|'да'|'нет'||||||
214|'Кронштадтский'||'Петровская ул'|'д. 15'|'А'||'09_000214'|'ЖК'||'индивидуальный'|'индивидуальный'||'кирпичные'|2||1|12|||||'да'|'да'|'да'|'да'|'да'|'да'|'нет'|'да'|'нет'||||||
215|'Кронштадтский'||'Петровская ул'|'д. 16'|||'09_000215'|'ЖК'||'индивидуальный'|'индивидуальный'|1830|'кирпичные'|3||4|41|||||'да'|'да'|'да'|'да'|'да'|'да'|'нет'|'да'|'нет'||||||
216|'Кронштадтский'||'Петровская ул'|'д. 17'|||'09_000216'|'ЖК'||'индивидуальный'|'индивидуальный'|1900|'кирпичные'|4||5|23|||||'да'|'да'|'да'|'да'|'да'|'да'|'нет'|'да'|'нет'||||||
217|'Кронштадтский'||'Петровская ул'|'д. 19'|||'09_000217'|'ЖК'||'индивидуальный'|'индивидуальный'|1900|'кирпичные'|3||2|10|||||'да'|'да'|'да'|'да'|'да'|'да'|'нет'|'да'|'нет'||||||
218|'Кронштадтский'||'Петровская ул'|'д. 8. 1'|||'09_000218'|'ЖК'||'индивидуальный'|'индивидуальный'||'кирпичные'|5||3|47|||||'да'|'да'|'да'|'да'|'да'|'да'|'нет'|'да'|'нет'||||||
219|'Кронштадтский'||'Петровская ул'|'д. 8. 2'|||'09_000219'|'ЖК'||'индивидуальный'|'индивидуальный'||'кирпичные'|3||2|23|2270||||'да'|'да'|'да'|'да'|'да'|'да'|'нет'|'да'|'нет'||||||
220|'Кронштадтский'||'Петровская ул'|'д. 8. 3'|||'09_000220'|'ЖК'||'индивидуальный'|'индивидуальный'||'кирпичные'|3||2|24|||||'да'|'да'|'да'|'да'|'да'|'да'|'нет'|'да'|'нет'||||||
221|'Кронштадтский'||'Посадская ул'|'д. 1/82'|'А'||'09_000221'|'ЖК'||'индивидуальный'|'индивидуальный'||'кирпичные'|7||6|149|||||'да'|'да'|'да'|'да'|'да'|'да'|'нет'|'да'|'нет'||||||
222|'Кронштадтский'||'Посадская ул'|'д. 10/51'|||'09_000222'|'ЖК'||'индивидуальный'|'индивидуальный'|1900|'кирпичные'|3||1|9|441||441||'да'|'да'|'да'|'да'|'да'|'да'|'нет'|'да'|'нет'||||||
223|'Кронштадтский'||'Посадская ул'|'д. 12'|||'09_000223'|'ЖК'|||||'кирпичные'|5||3|60|||||'да'|'да'|'да'|'да'|'да'|'да'|'нет'|'да'|'нет'||||||
224|'Кронштадтский'||'Посадская ул'|'д. 15'|'А'||'09_000224'|'ЖК'||'индивидуальный'|'индивидуальный'||'кирпичные'|4||9|81|||||'да'|'да'|'да'|'да'|'да'|'да'|'нет'|'да'|'нет'||||||
225|'Кронштадтский'||'Посадская ул'|'д. 16'|'А'||'09_000225'|'ЖК'||'индивидуальный'|'индивидуальный'|1900|'кирпичные'|4||2|15|1754||1340||'да'|'да'|'да'|'да'|'да'|'да'|'нет'|'да'|'нет'||||||
226|'Кронштадтский'||'Посадская ул'|'д. 17/14'|||'09_000226'|'ЖК'||'индивидуальный'|'индивидуальный'||'кирпичные'|4||2|33|||||'да'|'да'|'да'|'да'|'да'|'да'|'нет'|'да'|'нет'||||||
227|'Кронштадтский'||'Посадская ул'|'д. 19'|||'09_000227'|'ЖК'||'индивидуальный'|'индивидуальный'|1900|'кирпичные'|3||1|15|||||'да'|'да'|'да'|'да'|'да'|'да'|'нет'|'да'|'нет'||||||
228|'Кронштадтский'||'Посадская ул'|'д. 21'|||'09_000228'|'ЖК'||'индивидуальный'|'индивидуальный'||'кирпичные'|4||3|26|||||'да'|'да'|'да'|'да'|'да'|'да'|'нет'|'да'|'нет'||||||
229|'Кронштадтский'||'Посадская ул'|'д. 22'|||'09_000229'|'ЖК'||'индивидуальный'|'индивидуальный'||'кирпичные'|6||7|60|||||'да'|'да'|'да'|'да'|'да'|'да'|'нет'|'да'|'нет'||||||
230|'Кронштадтский'||'Посадская ул'|'д. 23'|||'09_000230'|'ЖК'||'индивидуальный'|'индивидуальный'||'кирпичные'|4||2|19|||||'да'|'да'|'да'|'да'|'да'|'да'|'нет'|'да'|'нет'||||||
231|'Кронштадтский'||'Посадская ул'|'д. 25'|||'09_000231'|'ЖК'||'индивидуальный'|'индивидуальный'||'кирпичные'|5||5|100|||||'да'|'да'|'да'|'да'|'да'|'да'|'нет'|'да'|'нет'||||||
232|'Кронштадтский'||'Посадская ул'|'д. 26'|'А'||'09_000232'|'ЖК'||'индивидуальный'|'индивидуальный'||'кирпичные'|5||8|75|||||'да'|'да'|'да'|'да'|'да'|'да'|'нет'|'да'|'нет'||||||
233|'Кронштадтский'||'Посадская ул'|'д. 3'|'А'||'09_000233'|'ЖК'||'индивидуальный'|'индивидуальный'||'кирпичные'|4||4|37|||||'да'|'да'|'да'|'да'|'да'|'да'|'нет'|'да'|'нет'||||||
234|'Кронштадтский'||'Посадская ул'|'д. 34'|||'09_000234'|'ЖК'||'индивидуальный'|'индивидуальный'|1900|'кирпичные'|3||1|9|||||'да'|'да'|'да'|'да'|'да'|'да'|'нет'|'да'|'нет'||||||
235|'Кронштадтский'||'Посадская ул'|'д. 36/11'|'А'||'09_000235'|'ЖК'||'индивидуальный'|'индивидуальный'||'кирпичные'|4||4|40|||||'да'|'да'|'да'|'да'|'да'|'да'|'нет'|'да'|'нет'||||||
236|'Кронштадтский'||'Посадская ул'|'д. 38'|||'09_000236'|'ЖК'||'индивидуальный'|'индивидуальный'|1900|'кирпичные'|3||1|10|836||836||'да'|'да'|'да'|'да'|'да'|'да'|'нет'|'да'|'нет'||||||
237|'Кронштадтский'||'Посадская ул'|'д. 4'|'А'||'09_000237'|'ЖК'||'индивидуальный'|'индивидуальный'||'кирпичные'|3||3|20|2108||1854||'да'|'да'|'да'|'да'|'да'|'да'|'нет'|'да'|'нет'||||||
238|'Кронштадтский'||'Посадская ул'|'д. 40'|||'09_000238'|'ЖК'||'индивидуальный'|'индивидуальный'||'кирпичные'|3||2|9|||||'да'|'да'|'да'|'да'|'да'|'да'|'нет'|'да'|'нет'||||||
239|'Кронштадтский'||'Посадская ул'|'д. 42'|2||'09_000239'|'ЖК'||'индивидуальный'|'индивидуальный'||'кирпичные'|5||4|60|||||'да'|'да'|'да'|'да'|'да'|'да'|'нет'|'да'|'нет'||||||
240|'Кронштадтский'||'Посадская ул'|'д. 42'|1||'09_000240'|'ЖК'||'индивидуальный'|'индивидуальный'||'кирпичные'|5||4|60|||||'да'|'да'|'да'|'да'|'да'|'да'|'нет'|'да'|'нет'||||||
241|'Кронштадтский'||'Посадская ул'|'д. 45'|'А'||'09_000241'|'ЖК'||'индивидуальный'|'индивидуальный'||'кирпичные'|3||1|14|||||'да'|'да'|'да'|'да'|'да'|'да'|'нет'|'да'|'нет'||||||
242|'Кронштадтский'||'Посадская ул'|'д. 47'|'А'||'09_000242'|'ЖК'||'индивидуальный'|'индивидуальный'||'кирпичные'|3||1|8|||||'да'|'да'|'да'|'да'|'да'|'да'|'нет'|'да'|'нет'||||||
243|'Кронштадтский'||'Посадская ул'|'д. 48/50'|'А'||'09_000243'|'ЖК'||'индивидуальный'|'индивидуальный'||'кирпичные'|3||1|11|||882||'да'|'да'|'да'|'да'|'да'|'да'|'нет'|'да'|'нет'||||||
244|'Кронштадтский'||'Посадская ул'|'д. 49'|'А'||'09_000244'|'ЖК'||'индивидуальный'|'индивидуальный'||'кирпичные'|4||2|6|||||'да'|'да'|'да'|'да'|'да'|'да'|'нет'|'да'|'нет'||||||
245|'Кронштадтский'||'Посадская ул'|'д. 49, лит. Б'|||'09_000245'|'ЖК'||'индивидуальный'|'индивидуальный'|1900|'кирпичные'|4||2|16|||||'да'|'да'|'да'|'да'|'да'|'да'|'нет'|'да'|'нет'||||||
246|'Кронштадтский'||'Посадская ул'|'д. 5'|||'09_000246'|'ЖК'||'индивидуальный'|'индивидуальный'||'кирпичные'|3||2|18|||||'да'|'да'|'да'|'да'|'да'|'да'|'нет'|'да'|'нет'||||||
247|'Кронштадтский'||'Посадская ул'|'д. 51'|'А'||'09_000247'|'ЖК'||'индивидуальный'|'индивидуальный'||'кирпичные'|2||1|7|||||'да'|'да'|'да'|'да'|'да'|'да'|'нет'|'да'|'нет'||||||
248|'Кронштадтский'||'Посадская ул'|'д. 52'|'А'||'09_000248'|'ЖК'||'индивидуальный'|'индивидуальный'||'кирпичные'|3||1|6|||||'да'|'да'|'да'|'да'|'да'|'да'|'нет'|'да'|'нет'||||||
249|'Кронштадтский'||'Посадская ул'|'д. 7'|||'09_000249'|'ЖК'||'индивидуальный'|'индивидуальный'||'кирпичные'|5||3|64|||||'да'|'да'|'да'|'да'|'да'|'да'|'нет'|'да'|'нет'||||||
250|'Кронштадтский'||'Посадская ул'|'д. 8/36'|||'09_000250'|'ЖК'||'индивидуальный'|'индивидуальный'||'кирпичные'|3||1|9|||||'да'|'да'|'да'|'да'|'да'|'да'|'нет'|'да'|'нет'||||||
251|'Кронштадтский'||'Посадская ул'|'д. 9/36'|||'09_000251'|'ЖК'||'индивидуальный'|'индивидуальный'||'кирпичные'|3||3|33|||||'да'|'да'|'да'|'да'|'да'|'да'|'нет'|'да'|'нет'||||||
252|'Кронштадтский'||'Пролетарская ул'|'д. 17'|||'09_000252'|'ЖК'||'индивидуальный'|'индивидуальный'||'кирпичные'|4||2|23|||||'да'|'да'|'да'|'да'|'да'|'да'|'нет'|'да'|'нет'||||||
253|'Кронштадтский'||'Пролетарская ул'|'д. 18'|||'09_000253'|'ЖК'||'индивидуальный'|'индивидуальный'||'кирпичные'|4||7|70|||||'да'|'да'|'да'|'да'|'да'|'да'|'нет'|'да'|'нет'||||||
254|'Кронштадтский'||'Пролетарская ул'|'д. 32/2'|||'09_000254'|'ЖК'||'индивидуальный'|'индивидуальный'|1900|'кирпичные'|3||4|30|6176||5974||'да'|'да'|'да'|'да'|'да'|'да'|'нет'|'да'|'нет'||||||
255|'Кронштадтский'||'Пролетарская ул'|'д. 34'|'А'||'09_000255'|'ЖК'|||||'кирпичные'|5||3|61|||||'да'|'да'|'да'|'да'|'да'|'да'|'нет'|'да'|'нет'||||||
256|'Кронштадтский'||'Рошаля ул'|'д. 10'|'1А'||'09_000256'|'ЖК'||'индивидуальный'|'индивидуальный'|1955|'кирпичные'|4||2|23|1544||1544||'да'|'да'|'да'|'да'|'да'|'да'|'нет'|'да'|'нет'||||||
257|'Кронштадтский'||'Советская ул'|'д. 1/5'|||'09_000257'|'ЖК'||'индивидуальный'|'индивидуальный'|1900|'кирпичные'|3||3|12|||||'да'|'да'|'да'|'да'|'да'|'да'|'нет'|'да'|'нет'||||||
258|'Кронштадтский'||'Советская ул'|'д. 11А'|||'09_000258'|'ЖК'||'индивидуальный'|'индивидуальный'|1880|'кирпичные'|3||1|9|||||'да'|'да'|'да'|'да'|'да'|'да'|'нет'|'да'|'нет'||||||
259|'Кронштадтский'||'Советская ул'|'д. 11Б'|||'09_000259'|'ЖК'||'индивидуальный'|'индивидуальный'|1965|'кирпичные'|5||4|80|||||'да'|'да'|'да'|'да'|'да'|'да'|'нет'|'да'|'нет'||||||
260|'Кронштадтский'||'Советская ул'|'д. 13'|'А'||'09_000260'|'ЖК'||'индивидуальный'|'индивидуальный'||'кирпичные'|3||1|6|||||'да'|'да'|'да'|'да'|'да'|'да'|'нет'|'да'|'нет'||||||
261|'Кронштадтский'||'Советская ул'|'д. 15'|'А'||'09_000261'|'ЖК'|||||'кирпичные'|5||3|60|||||'да'|'да'|'да'|'да'|'да'|'да'|'нет'|'да'|'нет'||||||
262|'Кронштадтский'||'Советская ул'|'д. 19'|'А'||'09_000262'|'ЖК'||'индивидуальный'|'индивидуальный'||'кирпичные'|5||2|40|||||'да'|'да'|'да'|'да'|'да'|'да'|'нет'|'да'|'нет'||||||
263|'Кронштадтский'||'Советская ул'|'д. 19'|'Б'||'09_000263'|'ЖК'||'индивидуальный'|'индивидуальный'||'кирпичные'|4||1|10|||||'да'|'да'|'да'|'да'|'да'|'да'|'нет'|'да'|'нет'||||||
264|'Кронштадтский'||'Советская ул'|'д. 21'|'а. А'||'09_000264'|'ЖК'||'индивидуальный'|'индивидуальный'||'кирпичные'|3||1|6|||||'да'|'да'|'да'|'да'|'да'|'да'|'нет'|'да'|'нет'||||||
265|'Кронштадтский'||'Советская ул'|'д. 21'|'б'||'09_000265'|'ЖК'||'индивидуальный'|'индивидуальный'||'кирпичные'|4||1|12|||||'да'|'да'|'да'|'да'|'да'|'да'|'нет'|'да'|'нет'||||||
266|'Кронштадтский'||'Советская ул'|'д. 25'|'А'||'09_000266'|'ЖК'||'индивидуальный'|'индивидуальный'||'кирпичные'|5||3|45|||||'да'|'да'|'да'|'да'|'да'|'да'|'нет'|'да'|'нет'||||||
267|'Кронштадтский'||'Советская ул'|'д. 27'|'А'||'09_000267'|'ЖК'||'индивидуальный'|'индивидуальный'||'кирпичные'|4||1|16|||||'да'|'да'|'да'|'да'|'да'|'да'|'нет'|'да'|'нет'||||||
268|'Кронштадтский'||'Советская ул'|'д. 31'|'А'||'09_000268'|'ЖК'||'индивидуальный'|'индивидуальный'|1956|'кирпичные'|4||2|26|2537||2537||'да'|'да'|'да'|'да'|'да'|'да'|'нет'|'да'|'нет'||||||
269|'Кронштадтский'||'Советская ул'|'д. 33'|'Б'||'09_000269'|'ЖК'||'индивидуальный'|'индивидуальный'||'кирпичные'|4||1|8|||||'да'|'да'|'да'|'да'|'да'|'да'|'нет'|'да'|'нет'||||||
270|'Кронштадтский'||'Советская ул'|'д. 33'|'В'||'09_000270'|'ЖК'||'индивидуальный'|'индивидуальный'||'кирпичные'|4||1|8|||||'да'|'да'|'да'|'да'|'да'|'да'|'нет'|'да'|'нет'||||||
271|'Кронштадтский'||'Советская ул'|'д. 37'|'А'||'09_000271'|'ЖК'||'индивидуальный'|'индивидуальный'||'кирпичные'|3||3|29|||||'да'|'да'|'да'|'да'|'да'|'да'|'нет'|'да'|'нет'||||||
272|'Кронштадтский'||'Советская ул'|'д. 39'|'А'||'09_000272'|'ЖК'||'индивидуальный'|'индивидуальный'||'кирпичные'|3||2|8|||||'да'|'да'|'да'|'да'|'да'|'да'|'нет'|'да'|'нет'||||||
273|'Кронштадтский'||'Советская ул'|'д. 41'|'А'||'09_000273'|'ЖК'||'индивидуальный'|'индивидуальный'||'кирпичные'|3||3|18|||||'да'|'да'|'да'|'да'|'да'|'да'|'нет'|'да'|'нет'||||||
274|'Кронштадтский'||'Советская ул'|'д. 45'|||'09_000274'|'ЖК'||'индивидуальный'|'индивидуальный'||'кирпичные'|3||3|18|||||'да'|'да'|'да'|'да'|'да'|'да'|'нет'|'да'|'нет'||||||
275|'Кронштадтский'||'Советская ул'|'д. 47'|||'09_000275'|'ЖК'||'индивидуальный'|'индивидуальный'||'кирпичные'|3||3|20|||||'да'|'да'|'да'|'да'|'да'|'да'|'нет'|'да'|'нет'||||||
276|'Кронштадтский'||'Советская ул'|'д. 5'|'А'||'09_000276'|'ЖК'||'индивидуальный'|'индивидуальный'||'кирпичные'|3||1|6|||||'да'|'да'|'да'|'да'|'да'|'да'|'нет'|'да'|'нет'||||||
277|'Кронштадтский'||'Советская ул'|'д. 7'|'А'||'09_000277'|'ЖК'||'индивидуальный'|'индивидуальный'||'кирпичные'|2||2|12|||||'да'|'да'|'да'|'да'|'да'|'да'|'нет'|'да'|'нет'||||||
278|'Кронштадтский'||'Советская ул'|'д. 9'|||'09_000278'|'ЖК'||'индивидуальный'|'индивидуальный'|1873|'кирпичные'|2||1|6|||||'да'|'да'|'да'|'да'|'да'|'да'|'нет'|'да'|'нет'||||||
279|'Кронштадтский'||'Станюковича ул'|'д. 1/9'|||'09_000279'|'ЖК'||'индивидуальный'|'индивидуальный'||'кирпичные'|'1/9,2//11,3/12,4/11'||4|197|||||'да'|'да'|'да'|'да'|'да'|'нет'|'нет'|'нет'|'да'|7|||||
280|'Кронштадтский'||'Станюковича ул'|'д. 3'|'А'||'09_000280'|'ЖК'||'индивидуальный'|'индивидуальный'|1989|'кирпичные'|'1/9,2/9,3/11'||3|112|6330||6330||'да'|'да'|'да'|'да'|'да'|'нет'|'нет'|'нет'|'да'|4|||||
281|'Кронштадтский'||'Станюковича ул'|'д. 6'|||'09_000281'|'ЖК'||'индивидуальный'|'индивидуальный'||'кирпичные'|'1/11,2/11.3/9, 4/9,5/11,6/14'||6|276|||||'да'|'да'|'да'|'да'|'да'|'нет'|'нет'|'нет'|'да'|10|||||
282|'Кронштадтский'||'Станюковича ул'|'д. 7'|||'09_000282'|'ЖК'||'индивидуальный'|'индивидуальный'||'кирпичные'|'1/11,2/10,3/10,4/9'||4|167|||||'да'|'да'|'да'|'да'|'да'|'нет'|'нет'|'нет'|'да'|5|||||
283|'Кронштадтский'||'Станюковича ул'|'д. 8'|||'09_000283'|'ЖК'||'индивидуальный'|'индивидуальный'||'кирпичные'|'1/12,2/11,3/11,       4/11,5/11,6/12'||6|313|||||'да'|'да'|'да'|'да'|'да'|'нет'|'нет'|'нет'|'да'|12|||||
284|'Кронштадтский'||'Сургина ул'|'д. 10'|||'09_000284'|'ЖК'||'индивидуальный'|'индивидуальный'|1900|'кирпичные'|3||1|15|||||'да'|'да'|'да'|'да'|'да'|'да'|'нет'|'да'|'нет'||||||
285|'Кронштадтский'||'Сургина ул'|'д. 11'|||'09_000285'|'ЖК'||'индивидуальный'|'индивидуальный'||'кирпичные'|3||1|9|||||'да'|'да'|'да'|'да'|'да'|'да'|'нет'|'да'|'нет'||||||
286|'Кронштадтский'||'Сургина ул'|'д. 15'|'А'||'09_000286'|'ЖК'||'индивидуальный'|'индивидуальный'||'кирпичные'|4||3|26|||||'да'|'да'|'да'|'да'|'да'|'да'|'нет'|'да'|'нет'||||||
287|'Кронштадтский'||'Сургина ул'|'д. 6'|'А'||'09_000287'|'ЖК'|||||'кирпичные'|5||2|40|||||'да'|'да'|'да'|'да'|'да'|'да'|'нет'|'да'|'нет'||||||
288|'Кронштадтский'||'Сургина ул'|'д. 7'|||'09_000288'|'ЖК'||'индивидуальный'|'индивидуальный'||'кирпичные'|2||2|9|||||'да'|'да'|'да'|'да'|'да'|'да'|'нет'|'да'|'нет'||||||
289|'Кронштадтский'||'Сургина ул'|'д. 8'|1||'09_000289'|'ЖК'||'индивидуальный'|'индивидуальный'||'кирпичные'|3||2|34|||||'да'|'да'|'да'|'да'|'да'|'да'|'нет'|'да'|'нет'||||||
290|'Кронштадтский'||'Сургина ул'|'д. 8'|2||'09_000290'|'ЖК'||'индивидуальный'|'индивидуальный'||'кирпичные'|5||2|40|||||'да'|'да'|'да'|'да'|'да'|'да'|'нет'|'да'|'нет'||||||
291|'Кронштадтский'||'Сургина ул'|'д. 9'|||'09_000291'|'ЖК'||'индивидуальный'|'индивидуальный'||'кирпичные'|3||1|7|||||'да'|'да'|'да'|'да'|'да'|'да'|'нет'|'да'|'нет'||||||
292|'Кронштадтский'||'Фейгина ул'|'д. 10'|||'09_000292'|'ЖК'||'индивидуальный'|'индивидуальный'||'кирпичные'|4||1|16|||||'да'|'да'|'да'|'да'|'да'|'да'|'нет'|'да'|'нет'||||||
293|'Кронштадтский'||'Фейгина ул'|'д. 12'|||'09_000293'|'ЖК'|||||'кирпичные'|5||5|100|||||'да'|'да'|'да'|'да'|'да'|'да'|'нет'|'да'|'нет'||||||
294|'Кронштадтский'||'Фейгина ул'|'д. 4'|||'09_000294'|'ЖК'||'индивидуальный'|'индивидуальный'||'кирпичные'|5||5|100|||||'да'|'да'|'да'|'да'|'да'|'да'|'нет'|'да'|'нет'||||||
295|'Кронштадтский'||'Флотская ул'|'д. 1'|||'09_000295'|'ЖК'||'индивидуальный'|'индивидуальный'||'кирпичные'|2||2|16|||||'да'|'да'|'да'|'да'|'да'|'да'|'нет'|'да'|'нет'||||||
296|'Кронштадтский'||'Флотская ул'|'д. 12'|||'09_000296'|'ЖК'||'индивидуальный'|'индивидуальный'|1788|'кирпичные'|3||4|109|7853||7853||'да'|'да'|'да'|'да'|'да'|'да'|'нет'|'да'|'нет'||||||
297|'Кронштадтский'||'Флотская ул'|'д. 13'|||'09_000297'|'ЖК'||'индивидуальный'|'индивидуальный'||'кирпичные'|3||2|14|||||'да'|'да'|'да'|'да'|'да'|'да'|'нет'|'да'|'нет'||||||
298|'Кронштадтский'||'Флотская ул'|'д. 14'|||'09_000298'|'ЖК'||'индивидуальный'|'индивидуальный'||'кирпичные'|5||5|100|||||'да'|'да'|'да'|'да'|'да'|'да'|'нет'|'да'|'нет'||||||
299|'Кронштадтский'||'Флотская ул'|'д. 15'|||'09_000299'|'ЖК'||'индивидуальный'|'индивидуальный'||'кирпичные'|2||1|8|||271||'да'|'да'|'да'|'да'|'да'|'да'|'нет'|'да'|'нет'||||||
300|'Кронштадтский'||'Флотская ул'|'д. 16/11'|'А'||'09_000300'|'ЖК'||'индивидуальный'|'индивидуальный'||'кирпичные'|3||2|15|||||'да'|'да'|'да'|'да'|'да'|'да'|'нет'|'да'|'нет'||||||
301|'Кронштадтский'||'Флотская ул'|'д. 16/11'|'Б'||'09_000301'|'ЖК'||'индивидуальный'|'индивидуальный'|1900|'кирпичные'|3||3|15|2512||2512||'да'|'да'|'да'|'да'|'да'|'да'|'нет'|'да'|'нет'||||||
302|'Кронштадтский'||'Флотская ул'|'д. 17'|||'09_000302'|'ЖК'||'индивидуальный'|'индивидуальный'||'кирпичные'|5||3|56|||||'да'|'да'|'да'|'да'|'да'|'да'|'нет'|'да'|'нет'||||||
303|'Кронштадтский'||'Флотская ул'|'д. 2'|||'09_000303'|'ЖК'||'индивидуальный'|'индивидуальный'||'кирпичные'|3||4|133|||||'да'|'да'|'да'|'да'|'да'|'да'|'нет'|'да'|'нет'||||||
304|'Кронштадтский'||'Флотская ул'|'д. 21'|||'09_000304'|'ЖК'||'индивидуальный'|'индивидуальный'||'кирпичные'|5||7|105|||||'да'|'да'|'да'|'да'|'да'|'да'|'нет'|'да'|'нет'||||||
305|'Кронштадтский'||'Флотская ул'|'д. 23'|||'09_000305'|'ЖК'||'индивидуальный'|'индивидуальный'||'кирпичные'|3||2|21|||||'да'|'да'|'да'|'да'|'да'|'да'|'нет'|'да'|'нет'||||||
306|'Кронштадтский'||'Флотская ул'|'д. 25'|||'09_000306'|'ЖК'||'индивидуальный'|'индивидуальный'|1900|'кирпичные'|4||1|8|600||600||'да'|'да'|'да'|'да'|'да'|'да'|'нет'|'да'|'нет'||||||
307|'Кронштадтский'||'Флотская ул'|'д. 29/9'|||'09_000307'|'ЖК'||'индивидуальный'|'индивидуальный'||'кирпичные'|3||4|20|||||'да'|'да'|'да'|'да'|'да'|'да'|'нет'|'да'|'нет'||||||
308|'Кронштадтский'||'Флотская ул'|'д. 3'|||'09_000308'|'ЖК'||'индивидуальный'|'индивидуальный'|1958|'кирпичные'|2||1|8|285||285||'да'|'да'|'да'|'да'|'да'|'да'|'нет'|'да'|'нет'||||||
309|'Кронштадтский'||'Флотская ул'|'д. 5'|||'09_000309'|'ЖК'||'индивидуальный'|'индивидуальный'||'кирпичные'|5||3|57|||||'да'|'да'|'да'|'да'|'да'|'да'|'нет'|'да'|'нет'||||||
310|'Кронштадтский'||'Флотская ул'|'д. 7'|||'09_000310'|'ЖК'||'индивидуальный'|'индивидуальный'||'кирпичные'|5||3|59|||||'да'|'да'|'да'|'да'|'да'|'да'|'нет'|'да'|'нет'||||||
311|'Кронштадтский'||'Цитадельское ш'|'д. 39'|||'09_000311'|'ЖК'||'индивидуальный'|'индивидуальный'||'кирпичные'|'1/11,2/10,3/8,4/8,   5/9,6/11'||6|239|||||'да'|'да'|'да'|'да'|'да'|'нет'|'нет'|'нет'|'да'|9|||||
312|'Кронштадтский'||'Цитадельское ш'|'д. 41'|||'09_000312'|'ЖК'||'индивидуальный'|'индивидуальный'||'кирпичные'|'1/10,2/9,3/9, 4/11,5/12'||5|224|||||'да'|'да'|'да'|'да'|'да'|'нет'|'нет'|'нет'|'да'|8|||||
313|'Кронштадтский'||'Цитадельское ш'|'д. 43'|||'09_000313'|'ЖК'||'индивидуальный'|'индивидуальный'||'кирпичные'|'1/12,2/9,3/9,4/8.5/8'||5|194|||||'да'|'да'|'да'|'да'|'да'|'нет'|'нет'|'нет'|'да'|6|||||
314|'Кронштадтский'||'Цитадельское ш'|'д. 45/12'|||'09_000314'|'ЖК'||'индивидуальный'|'индивидуальный'||'кирпичные'|'1/9,2/9,3/9,4/12'||4|172|||||'да'|'да'|'да'|'да'|'да'|'нет'|'нет'|'нет'|'да'|5|||||
315|'Кронштадтский'||'Широкая ул'|'д. 10'|'А'||'09_000315'|'ЖК'||'индивидуальный'|'индивидуальный'||'кирпичные'|5||2|40|||1580||'да'|'да'|'да'|'да'|'да'|'да'|'нет'|'да'|'нет'||||||
316|'Кронштадтский'||'Широкая ул'|'д. 2/5'|'А'||'09_000316'|'ЖК'||'индивидуальный'|'индивидуальный'||'кирпичные'|5||6|104|||||'да'|'да'|'да'|'да'|'да'|'да'|'нет'|'да'|'нет'||||||
317|'Кронштадтский'||'Широкая ул'|'д. 4'|||'09_000317'|'ЖК'||'индивидуальный'|'индивидуальный'||'кирпичные'|5||2|40|1800||1586||'да'|'да'|'да'|'да'|'да'|'да'|'нет'|'да'|'нет'||||||
318|'Кронштадтский'||'Широкая ул'|'д. 5'|||'09_000318'|'ЖК'||'индивидуальный'|'индивидуальный'|1958|'кирпичные'|2||1|8|||||'да'|'да'|'да'|'да'|'да'|'да'|'нет'|'да'|'нет'||||||
319|'Кронштадтский'||'Широкая ул'|'д. 6'|'А'||'09_000319'|'ЖК'||'индивидуальный'|'индивидуальный'||'кирпичные'|5||2|40|1825||1605||'да'|'да'|'да'|'да'|'да'|'да'|'нет'|'да'|'нет'||||||
320|'Кронштадтский'||'Широкая ул'|'д. 7'|||'09_000320'|'ЖК'||'индивидуальный'|'индивидуальный'|1958|'кирпичные'|2||1|8|||||'да'|'да'|'да'|'да'|'да'|'да'|'нет'|'да'|'нет'||||||
321|'Кронштадтский'||'Широкая ул'|'д. 8'|||'09_000321'|'ЖК'||'индивидуальный'|'индивидуальный'||'кирпичные'|5||4|80|3737||3389||'да'|'да'|'да'|'да'|'да'|'да'|'нет'|'да'|'нет'||||||
322|'Кронштадтский'||'Юрия Инге ул'|'д. 1'|||'09_000322'|'ЖК'||'индивидуальный'|'индивидуальный'||'кирпичные'|5||4|37|||||'да'|'да'|'да'|'да'|'да'|'да'|'нет'|'да'|'нет'|4|||||
323|'Кронштадтский'||'Юрия Инге ул'|'д. 11'|||'09_000323'|'ЖК'|||||'кирпичные'|5||3|59|||2497||'да'|'да'|'да'|'да'|'да'|'да'|'нет'|'да'|'нет'||||||
324|'Кронштадтский'||'Юрия Инге ул'|'д. 2/4'|||'09_000324'|'ЖК'|||||'кирпичные'|5||6|120|||5372||'да'|'да'|'да'|'да'|'да'|'да'|'нет'|'да'|'нет'||||||
325|'Кронштадтский'||'Юрия Инге ул'|'д. 3. лит. А'|'А'||'09_000325'|'ЖК'||'индивидуальный'|'индивидуальный'||'кирпичные'|5||4|39|||||'да'|'да'|'да'|'да'|'да'|'да'|'нет'|'да'|'нет'|4|||||
326|'Кронштадтский'||'Юрия Инге ул'|'д. 8'|||'09_000326'|'ЖК'||'индивидуальный'|'индивидуальный'||'кирпичные'|5||5|100|||4137||'да'|'да'|'да'|'да'|'да'|'да'|'нет'|'да'|'нет'||||||
327|'Кронштадтский'||'Якорная пл'|'д. 1'|'аА'||'09_000327'|'ЖК'||'индивидуальный'|'индивидуальный'|1937|'кирпичные'|4||7|55|388||388||'да'|'да'|'да'|'да'|'да'|'да'|'нет'|'да'|'нет'||||||
328|'Кронштадтский'||'Якорная пл'|'д. 1'|'б.А'||'09_000328'|'ЖК'||'индивидуальный'|'индивидуальный'|1936|'кирпичные'|4||7|55|361||361||'да'|'да'|'да'|'да'|'да'|'да'|'нет'|'да'|'нет'||||||
329|'Кронштадтский'||'Якорная пл'|'д. 3'|'в. А'||'09_000329'|'ЖК'||'индивидуальный'|'индивидуальный'||'кирпичные'|4||1|29|||||'да'|'да'|'да'|'да'|'да'|'да'|'нет'|'да'|'нет'||||||
