1|'Красногвардейский'|'Пороховые'|'Косыгина пр.'|13|||7000005|'РЖА'|||'другое'|1985|'панельные'|12|0|2|26|14054|13125|11774|2280|'да'|'да'|'да'|'да'|'да'|'нет'|'нет'|'нет'|'да'|4||4|0|0|
2|'Красногвардейский'|'Малая Охта'|'Малоохтинский пр.'|90|||7000006|'РЖА'|||'другое'|1939|'кирпичные'|5|0|3|5|4500|3863|3498|1002|'да'|'да'|'да'|'да'|'да'|'да'|'нет'|'да'|'нет'|0||1|0|0|
3|'Красногвардейский'|'Пороховые'|'Энтузиастов пр.'|39|1||7000008|'РЖА'|||'другое'|1985|'панельные'|12|0|2|18|13029|12872|11595|1434|'да'|'да'|'да'|'да'|'да'|'нет'|'нет'|'нет'|'да'|4||4|1|2|
4|'Красногвардейский'|'Большая Охта'|'Якорная ул.'|3|||7000009|'РЖА'|||'другое'|1984|'кирпичные'|8|0|8|55|27256|26974.1|21902|5354|'да'|'да'|'да'|'да'|'да'|'нет'|'нет'|'нет'|'да'|6||2|0|3|
5|'Красногвардейский'|'Ржевка'|'Наставников пр.'|21|||7000013|'ТСЖ'|||137|1983|'панельные'|16|0|3|377|24447|24447|19447|5000|'да'|'да'|'да'|'да'|'да'|'нет'|'нет'|'нет'|'да'|6||3|1|3|
6|'Красногвардейский'|'Малая Охта'|'Панфилова ул.'|13|||7000015|'ТСЖ'|||'индивидуальный'|1903|'кирпичные'|4|0|1|5|753|753|484|269|'да'|'да'|'да'|'да'|'да'|'да'|'нет'|'да'|'нет'|0|||||
7|'Красногвардейский'|'Пороховые'|'Передовиков ул.'|33|1||7000016|'ТСЖ'||||1980|'панельные'|'14/9'|0|6|407|24114|24114|20679|3435|'да'|'да'|'да'|'да'|'да'|'нет'|'нет'|'нет'|'да'|10|||1|5|
8|'Красногвардейский'|'Пороховые'|'Передовиков ул.'|37|||7000017|'ТСЖ'||||1980|'панельные'|'14/9'|0|6|407|24096|24030.4|20633|3463|'да'|'да'|'да'|'да'|'да'|'нет'|'нет'|'нет'|'да'|10|||1|5|
9|'Красногвардейский'|'Пороховые'|'Ударников пр.'|42|||7000018|'ТСЖ'||||1982|'панельные'|9|0|6|263|16015|15994|13114|2901|'да'|'да'|'да'|'да'|'да'|'нет'|'нет'|'нет'|'да'|6|||3|3|
10|'Красногвардейский'|'Ржевка'|'1-я Поперечная ул.'|4|||7000022||||'другое'|1958|'кирпичные'|3|0|1|9|804|804|705|99|'да'|'нет'|'нет'|'нет'|'да'|'да'|'да'|'да'|'нет'|0|0|2|0|0|
11|'Красногвардейский'|'Большая Охта'|'Александра Ульянова ул.'|10|||7000024||||'другое'|1952|'кирпичные'|4|0|2|6|5146|4434.8|4004|1142|'да'|'да'|'да'|'да'|'да'|'да'|'нет'|'да'|'нет'|0|1|1|1|1|
12|'Красногвардейский'|'Ржевка'|'Беломорская ул.'|16|||7000025||||'1-528КП-40'|1967|'кирпичные'|9|0|1|45|2429|2297|1969|460|'да'|'да'|'нет'|'да'|'да'|'да'|'да'|'да'|'нет'|1|0|1|0|0|
13|'Красногвардейский'|'Ржевка'|'Беломорская ул.'|24|||7000027||||'другое'|1960|'кирпичные'|4|0|2|32|1424|1424|1280|144|'да'|'да'|'нет'|'да'|'да'|'да'|'да'|'да'|'нет'|0|1|1|0|0|
14|'Красногвардейский'|'Ржевка'|'Беломорская ул.'|28|2||7000029||||'другое'|1962|'кирпичные'|4|0|3|46|2241|2171|1915|326|'да'|'да'|'нет'|'да'|'да'|'да'|'да'|'да'|'нет'|0|1|1|0|0|
15|'Красногвардейский'|'Ржевка'|'Беломорская ул.'|32|||7000031||||'другое'|1974|'кирпичные'|5|0|6|84|4574|4556|4078|496|'да'|'да'|'нет'|'да'|'да'|'да'|'да'|'да'|'нет'|0|0|1|0|1|
16|'Красногвардейский'|'Ржевка'|'Беломорская ул.'|34|||7000032||||'другое'|1958|'кирпичные'|2|0|2|12|844|844|744|100|'да'|'да'|'нет'|'да'|'да'|'да'|'да'|'да'|'нет'|0|1|0|0|0|
17|'Красногвардейский'|'Ржевка'|'Беломорская ул.'|36|||7000033||||'другое'|1957|'кирпичные'|2|0|2|8|503|503|445|58|'да'|'да'|'нет'|'да'|'да'|'да'|'да'|'да'|'нет'|0|0|0|0|0|
18|'Красногвардейский'|'Ржевка'|'Беломорская ул.'|38|||7000034||||'другое'|1958|'кирпичные'|2|0|2|12|828|828|739|89|'да'|'да'|'нет'|'да'|'да'|'да'|'да'|'да'|'нет'|0|1|0|0|0|
19|'Красногвардейский'|'Пороховые'|'Белорусская ул.'|8|||7000036|||||1982|'панельные'|14|0|4|336|20139|20089.7|16845|3294|'да'|'да'|'да'|'да'|'да'|'нет'|'нет'|'нет'|'да'|8|0|3|1|4|
20|'Красногвардейский'|'Пороховые'|'Белорусская ул.'|12|1||7000037|||||1983|'панельные'|14|0|4|336|19610|19512.8|16895|2715|'да'|'да'|'да'|'да'|'да'|'нет'|'нет'|'нет'|'да'|8|2|3|1|1|
21|'Красногвардейский'|'Пороховые'|'Белорусская ул.'|'14 / 22'|||7000038|||||1981|'панельные'|9|0|13|483|29087|29088.9|25398|3689|'да'|'да'|'да'|'да'|'да'|'нет'|'нет'|'нет'|'да'|13|6|4|4|6|
22|'Красногвардейский'|'Пороховые'|'Белорусская ул.'|16|2||7000039|||||1981|'панельные'|9|0|12|438|26136|26042.1|23367|2769|'да'|'да'|'да'|'да'|'да'|'нет'|'нет'|'нет'|'да'|12|6|3|2|6|
23|'Красногвардейский'|'Пороховые'|'Белорусская ул.'|26|1||7000040|||||1981|'панельные'|12|0|3|216|13256|13164|11094|2162|'да'|'да'|'да'|'да'|'да'|'нет'|'нет'|'нет'|'да'|6|2|4|1|2|
24|'Красногвардейский'|'Пороховые'|'Белорусская ул.'|28|||7000041|||||1981|'панельные'|12|0|3|216|13275|13220|11123|2152|'да'|'да'|'да'|'да'|'да'|'нет'|'нет'|'нет'|'да'|6|2|4|1|2|
25|'Красногвардейский'|'Большая Охта'|'Большеохтинский пр.'|22|2||7000042||'сцепка'||'другое'|1975|'кирпичные'|7|0|2|6|5195|4895.5|4006|1189|'да'|'да'|'да'|'да'|'да'|'да'|'нет'|'да'|'нет'|0|2|0|0|0|
26|'Красногвардейский'|'Большая Охта'|'Большеохтинский пр.'|35|2||7000043||'сцепка'||'другое'|1952|'кирпичные'|4|0|2|5|2581|2151|1905|676|'да'|'да'|'да'|'да'|'да'|'да'|'нет'|'да'|'нет'|0|1|0|0|0|
27|'Красногвардейский'|'Большая Охта'|'Большеохтинский пр.'|41|||7000044||||'другое'|1960|'кирпичные'|5|0|5|37|6319|5894|4471|1848|'да'|'да'|'нет'|'да'|'да'|'да'|'нет'|'да'|'нет'|0|1|2|2|2|
28|'Красногвардейский'|'Ржевка'|'Всеволожская ул.'|7|||7000050||||'другое'|1950|'кирпичные'|2|0|1|8|513|513|474||'да'|'да'|'нет'|'да'|'да'|'да'|'да'|'да'|'нет'|0|0|0|0|0|
29|'Красногвардейский'|'Ржевка'|'Всеволожская ул.'|9|||7000052||||'другое'|1950|'кирпичные'|2|0|1|8|516|516|476||'да'|'да'|'нет'|'да'|'да'|'да'|'да'|'да'|'нет'|0|0|0|0|0|
30|'Красногвардейский'|'Пороховые'|'Индустриальный пр.'|29|||7000055||||137|1981|'панельные'|16|0|3|269|18415|18414.8|14847|3568|'да'|'да'|'да'|'да'|'да'|'нет'|'нет'|'нет'|'да'|6|2|3|1|3|
31|'Красногвардейский'|'Пороховые'|'Индустриальный пр.'|'30 / 23'|||7000056||||137|1985|'панельные'|12|0|4|220|18431|17643.8|12130|6301|'да'|'да'|'да'|'да'|'да'|'нет'|'нет'|'нет'|'да'|8|0|4|1|2|
32|'Красногвардейский'|'Пороховые'|'Индустриальный пр.'|35|1||7000057|||||1987|'панельные'|12|0|11|440|36062|34943.4|24756|11306|'да'|'да'|'да'|'да'|'да'|'нет'|'нет'|'нет'|'да'|22|6|4|1|4|
33|'Красногвардейский'|'Пороховые'|'Индустриальный пр.'|35|2||7000058|||||1987|'панельные'|'6/4'|0|7|126|8109|8063|7173|936|'да'|'да'|'да'|'да'|'да'|'нет'|'нет'|'нет'|'да'|2|0|1|3|3|
34|'Красногвардейский'|'Пороховые'|'Индустриальный пр.'|35|3||7000059|||||1986|'панельные'|'6/4'|0|5|103|6580|6543.6|5841|739|'да'|'да'|'да'|'да'|'да'|'нет'|'нет'|'нет'|'да'|3|0|1|2|2|
35|'Красногвардейский'|'Пороховые'|'Индустриальный пр.'|36|||7000060|||||1981|'панельные'|12|0|5|359|22203|22124.7|18324|3879|'да'|'да'|'да'|'да'|'да'|'нет'|'нет'|'нет'|'да'|10|4|8|2|3|
36|'Красногвардейский'|'Пороховые'|'Индустриальный пр.'|38|1||7000061|||||1983|'панельные'|12|0|2|16|12899|12743|11460|1439|'да'|'да'|'да'|'да'|'да'|'нет'|'нет'|'нет'|'да'|4|2|4|1|1|
37|'Красногвардейский'|'Пороховые'|'Индустриальный пр.'|38|2||7000062|||||1980|'панельные'|9|0|12|429|26419|26419|23795|2624|'да'|'да'|'да'|'да'|'да'|'да'|'нет'|'да'|'нет'|12|6|3|5|5|
38|'Красногвардейский'|'Пороховые'|'Индустриальный пр.'|10|1||7000063||||137|1986|'панельные'|12|0|7|350|28798|28084.4|19659|9139|'да'|'да'|'да'|'да'|'да'|'нет'|'нет'|'нет'|'да'|14|4|8|1|1|
39|'Красногвардейский'|'Пороховые'|'Индустриальный пр.'|14|1||7000064||||'индивидуальный'|1985|'кирпичные'|16|0|1|109|6631|6575.9|5473|1158|'да'|'да'|'да'|'да'|'да'|'нет'|'нет'|'нет'|'да'|2|2|4|1|1|
40|'Красногвардейский'|'Пороховые'|'Индустриальный пр.'|14|2||7000065|||||1985|'панельные'|9|0|7|260|15394|15366|13558|1836|'да'|'да'|'да'|'да'|'да'|'нет'|'нет'|'нет'|'да'|7|4|2|1|3|
41|'Красногвардейский'|'Пороховые'|'Индустриальный пр.'|23|||7000066||||137|2006|'панельные'|17|0|5|468|32448|32059.5|26292|6156|'да'|'да'|'да'|'да'|'да'|'нет'|'нет'|'нет'|'да'|10|2|2|2|2|
42|'Красногвардейский'|'Пороховые'|'Индустриальный пр.'|15|||7000067||||'индивидуальный'|1987|'панельные'|14|0|5|290|22800|22191.3|15714|7086|'да'|'да'|'да'|'да'|'да'|'нет'|'нет'|'нет'|'да'|10|0|3|1|1|
43|'Красногвардейский'|'Пороховые'|'Индустриальный пр.'|17|2||7000068||||137|1986|'панельные'|16|0|1|15|8923|9035.3|7957|966|'да'|'да'|'да'|'да'|'да'|'нет'|'нет'|'нет'|'да'|3|2|6|1|1|
44|'Красногвардейский'|'Пороховые'|'Ириновский пр.'|17|2||7000069|||||1979|'панельные'|9|0|4|143|8749|8749|7900|849|'да'|'да'|'да'|'да'|'да'|'да'|'нет'|'да'|'нет'|4|2|1|2|2|
45|'Красногвардейский'|'Пороховые'|'Ириновский пр.'|17|3||7000070|||||1979|'панельные'|9|0|3|107|6714|6714|6049|665|'да'|'да'|'да'|'да'|'да'|'да'|'нет'|'да'|'нет'|3|0|1|1|1|
46|'Красногвардейский'|'Пороховые'|'Ириновский пр.'|21|2||7000071||||137|1985|'панельные'|12|0|3|177|12706|12706|10364|2342|'да'|'да'|'да'|'да'|'да'|'нет'|'нет'|'нет'|'да'|6|2|4|1|2|
47|'Красногвардейский'|'Пороховые'|'Ириновский пр.'|23|1||7000072|||||1982|'панельные'|9|0|5|220|13087|13087|10942|2145|'да'|'да'|'да'|'да'|'да'|'нет'|'нет'|'нет'|'да'|5|2|1|2|2|
48|'Красногвардейский'|'Пороховые'|'Ириновский пр.'|25|||7000073|||||1983|'панельные'|9|0|7|250|15458|15458|13922|1536|'да'|'да'|'да'|'да'|'да'|'нет'|'нет'|'нет'|'да'|7|4|2|3|3|
49|'Красногвардейский'|'Пороховые'|'Ириновский пр.'|29|3||7000074||||'индивидуальный'|1970|'кирпичные'|5|0|2|56|4150|3925|2833|1317|'да'|'да'|'да'|'да'|'да'|'да'|'нет'|'да'|'нет'|0|0|1|1|1|
50|'Красногвардейский'|'Ржевка'|'Ириновский пр.'|37|1||7000075|||||1983|'панельные'|9|0|5|179|10863|10783|9713|1150|'да'|'да'|'да'|'да'|'да'|'нет'|'нет'|'нет'|'да'|5|2|2|1|2|
51|'Красногвардейский'|'Ржевка'|'Ириновский пр.'|37|2||7000076||||'другое'|1959|'кирпичные'|4|0|3|36|2326|2326|2130|196|'да'|'да'|'нет'|'да'|'да'|'да'|'да'|'да'|'нет'|0|1|1|0|1|
52|'Красногвардейский'|'Ржевка'|'Ириновский пр.'|39|1||7000077||||'другое'|1959|'кирпичные'|3|0|2|27|1689|1479|1305|384|'да'|'да'|'нет'|'да'|'да'|'да'|'да'|'да'|'нет'|0|1|1|0|0|
53|'Красногвардейский'|'Ржевка'|'Ириновский пр.'|39|2||7000078||||'другое'|1951|'кирпичные'|3|0|3|18|1237|1175|1051|186|'да'|'да'|'нет'|'да'|'да'|'да'|'да'|'да'|'нет'|0|0|0|0|0|
54|'Красногвардейский'|'Ржевка'|'Ириновский пр.'|41|1||7000079||||'другое'|1960|'кирпичные'|3|0|2|27|1956|1553|1343|613|'да'|'да'|'нет'|'да'|'да'|'да'|'да'|'да'|'нет'|0|1|0|0|0|
55|'Красногвардейский'|'Ржевка'|'Ириновский пр.'|41|2||7000080||||'другое'|1952|'кирпичные'|3|0|3|18|1231|1170|1027|204|'да'|'да'|'нет'|'да'|'да'|'да'|'да'|'да'|'нет'|0|1|1|0|0|
56|'Красногвардейский'|'Ржевка'|'Камышинская ул.'|18|||7000081||||'другое'|1971|'кирпичные'|5|0|5|99|4735|4735|4262|473|'да'|'да'|'нет'|'да'|'да'|'да'|'да'|'да'|'нет'|0|1|1|0|1|
57|'Красногвардейский'|'Ржевка'|'Камышинская ул.'|20|||7000082||||'другое'|1970|'кирпичные'|5|0|5|100|4742|4742|4303|439|'да'|'да'|'нет'|'да'|'да'|'да'|'да'|'да'|'нет'|0|1|1|0|1|
58|'Красногвардейский'|'Ржевка'|'Камышинская ул.'|4|||7000084||||'другое'|1959|'кирпичные'|3|0|2|24|1362|1028|923|439|'да'|'да'|'нет'|'да'|'да'|'да'|'да'|'да'|'нет'|0|0|0|0|0|
59|'Красногвардейский'|'Ржевка'|'Камышинская ул.'|6|||7000085||'сцепка'||'другое'|1960|'кирпичные'|3|0|2|24|1070|1070|962|108|'да'|'да'|'нет'|'да'|'да'|'да'|'да'|'да'|'нет'|0|0|1|0|0|
60|'Красногвардейский'|'Ржевка'|'Капсюльное шоссе'|21|||7000086||'культурного наследия'||'другое'|1917|'кирпичные'|2|0|1|8|515|515|471||'да'|'да'|'нет'|'да'|'да'|'да'|'нет'|'да'|'нет'|0|0|0|0|0|
61|'Красногвардейский'|'Ржевка'|'Ковалевская ул.'|10|||7000088||||'другое'|1954|'кирпичные'|3|0|2|11|1279|1055.6|789|490|'да'|'да'|'нет'|'да'|'да'|'да'|'да'|'да'|'нет'|0|0|1|0|0|
62|'Красногвардейский'|'Ржевка'|'Ковалевская ул.'|12|1||7000089||||'другое'|1982|'кирпичные'|9|0|1|71|3634|3634|3176|458|'да'|'да'|'да'|'да'|'да'|'да'|'нет'|'да'|'нет'|1|2|1|1|1|
63|'Красногвардейский'|'Ржевка'|'Ковалевская ул.'|12|2||7000090||||'другое'|1983|'кирпичные'|9|0|1|71|3794|3676|3230|564|'да'|'да'|'да'|'да'|'да'|'да'|'нет'|'да'|'нет'|1|0|1|1|1|
64|'Красногвардейский'|'Ржевка'|'Ковалевская ул.'|15|||7000092||||'другое'|1954|'кирпичные'|3|0|2|11|1259|1005|790|469|'да'|'да'|'нет'|'да'|'да'|'да'|'да'|'да'|'нет'|0|0|1|0|0|
65|'Красногвардейский'|'Ржевка'|'Ковалевская ул.'|17|||7000093||||'другое'|1958|'кирпичные'|3|0|2|27|1530|1530|1352|178|'да'|'да'|'нет'|'да'|'да'|'да'|'да'|'да'|'нет'|0|0|1|0|0|
66|'Красногвардейский'|'Ржевка'|'Ковалевская ул.'|18|2||7000094|||||1972|'кирпичные'|5|0|6|90|4774|4774|4360|414|'да'|'да'|'нет'|'да'|'да'|'да'|'да'|'да'|'нет'|0|0|1|0|1|
67|'Красногвардейский'|'Ржевка'|'Ковалевская ул.'|18|||7000095||||'другое'|1958|'кирпичные'|2|0|2|16|684|684|623|61|'да'|'да'|'нет'|'да'|'да'|'да'|'да'|'да'|'нет'|0|1|2|0|0|
68|'Красногвардейский'|'Ржевка'|'Ковалевская ул.'|21|||7000098||||'другое'|1957|'кирпичные'|3|0|4|24|2318|1817|1580|738|'да'|'да'|'нет'|'да'|'да'|'да'|'да'|'да'|'нет'|0|0|1|0|0|
69|'Красногвардейский'|'Ржевка'|'Ковалевская ул.'|22|2||7000099||||'другое'|1977|'кирпичные'|5|0|6|90|4797|4797|4344|453|'да'|'да'|'нет'|'да'|'да'|'да'|'да'|'да'|'нет'|0|1|1|0|1|
70|'Красногвардейский'|'Ржевка'|'Ковалевская ул.'|22|||7000100||||'другое'|1960|'кирпичные'|2|0|2|16|678|678|618|60|'да'|'да'|'нет'|'да'|'да'|'да'|'да'|'да'|'нет'|0|0|1|0|0|
71|'Красногвардейский'|'Ржевка'|'Ковалевская ул.'|23|1||7000101||||'другое'|1985|'кирпичные'|9|0|1|71|3735|3707|3222|513|'да'|'да'|'да'|'да'|'да'|'да'|'нет'|'да'|'нет'|1|2|1|1|1|
72|'Красногвардейский'|'Ржевка'|'Ковалевская ул.'|23|2||7000102||||'другое'|1964|'кирпичные'|4|0|3|48|2169|2169|2032|137|'да'|'да'|'нет'|'да'|'да'|'да'|'да'|'да'|'нет'|0|1|1|0|0|
73|'Красногвардейский'|'Ржевка'|'Ковалевская ул.'|24|||7000103|||||1960|'кирпичные'|2|0|2|16|698|698|645|53|'да'|'да'|'нет'|'да'|'да'|'да'|'да'|'да'|'нет'|0|0|1|0|0|
74|'Красногвардейский'|'Ржевка'|'Ковалевская ул.'|25|||7000104||||'другое'|1986|'кирпичные'|9|0|1|71|3667|3639|3164|503|'да'|'да'|'да'|'да'|'да'|'да'|'нет'|'да'|'нет'|1|2|1|1|1|
75|'Красногвардейский'|'Ржевка'|'Ковалевская ул.'|29|||7000105||||'другое'|1957|'кирпичные'|2|0|2|8|504|504|447|57|'да'|'да'|'нет'|'да'|'да'|'да'|'да'|'да'|'нет'|0|0|0|0|0|
76|'Красногвардейский'|'Ржевка'|'Коммуны ул.'|26|1||7000107|||||1981|'панельные'|12|0|5|360|21731|21714|17899|3832|'да'|'да'|'да'|'да'|'да'|'нет'|'нет'|'нет'|'да'|10|4|4|1|3|
77|'Красногвардейский'|'Ржевка'|'Коммуны ул.'|28|3||7000108|||||1981|'панельные'|9|0|7|259|15357|15339|13567|1790|'да'|'да'|'да'|'да'|'да'|'нет'|'нет'|'нет'|'да'|7|2|2|1|3|
78|'Красногвардейский'|'Ржевка'|'Коммуны ул.'|32|2||7000109|||||1982|'панельные'|12|0|6|428|22884|22884|18712|4172|'да'|'да'|'да'|'да'|'да'|'нет'|'нет'|'нет'|'да'|12|4|4|1|3|
79|'Красногвардейский'|'Ржевка'|'Коммуны ул.'|32|3||7000110|||||1981|'панельные'|9|0|4|143|8814|8800|7887|927|'да'|'да'|'да'|'да'|'да'|'нет'|'нет'|'нет'|'да'|4|2|1|1|2|
80|'Красногвардейский'|'Ржевка'|'Коммуны ул.'|40|||7000111|||||1983|'панельные'|14|0|4|336|19725|19725|16780|2945|'да'|'да'|'да'|'да'|'да'|'нет'|'нет'|'нет'|'да'|8|2|3|1|4|
81|'Красногвардейский'|'Ржевка'|'Коммуны ул.'|42|1||7000112|||||1982|'панельные'|9|0|4|141|8845|8768|7827|1018|'да'|'да'|'да'|'да'|'да'|'нет'|'нет'|'нет'|'да'|4|2|1|1|2|
82|'Красногвардейский'|'Ржевка'|'Коммуны ул.'|44|1||7000113|||||1981|'панельные'|9|0|11|402|24732|24732|22160|2572|'да'|'да'|'да'|'да'|'да'|'нет'|'нет'|'нет'|'да'|11|6|4|2|6|
83|'Красногвардейский'|'Ржевка'|'Коммуны ул.'|44|2||7000114|||||1981|'панельные'|9|0|5|188|10992|10992|9912|1080|'да'|'да'|'да'|'да'|'да'|'нет'|'нет'|'нет'|'да'|5|2|2|1|2|
84|'Красногвардейский'|'Ржевка'|'Коммуны ул.'|48|||7000115|||||1983|'панельные'|'12/9'|0|5|288|17752|17708|15340|2412|'да'|'да'|'да'|'да'|'да'|'нет'|'нет'|'нет'|'да'|8|2|5|1|3|
85|'Красногвардейский'|'Ржевка'|'Коммуны ул.'|51|1||7000116||||'другое'|1959|'кирпичные'|4|0|4|32|2406|2406|2106|300|'да'|'да'|'нет'|'да'|'да'|'да'|'да'|'да'|'нет'|0|0|1|0|1|
86|'Красногвардейский'|'Ржевка'|'Коммуны ул.'|51|2||7000117||'сцепка'||'другое'|1958|'кирпичные'|3|0|2|24|1260|1260|1138|122|'да'|'да'|'нет'|'да'|'да'|'да'|'да'|'да'|'нет'|0|0|0|0|0|
87|'Красногвардейский'|'Ржевка'|'Коммуны ул.'|52|||7000118||||'другое'|1955|'кирпичные'|4|0|3|26|3598|3019.1|1864|1734|'да'|'да'|'нет'|'да'|'да'|'да'|'да'|'да'|'нет'|0|1|1|0|0|
88|'Красногвардейский'|'Ржевка'|'Коммуны ул.'|54|1||7000119||||'другое'|1950|'кирпичные'|2|0|2|12|1122|787|699|423|'да'|'да'|'нет'|'да'|'да'|'да'|'да'|'да'|'нет'|0|1|0|0|0|
89|'Красногвардейский'|'Ржевка'|'Коммуны ул.'|54|2||7000120||||'другое'|1950|'кирпичные'|2|0|2|12|1120|783|690|430|'да'|'да'|'нет'|'да'|'да'|'да'|'да'|'да'|'нет'|0|1|0|0|0|
90|'Красногвардейский'|'Ржевка'|'Коммуны ул.'|56|1||7000121||||'другое'|1950|'кирпичные'|2|0|2|12|1126|783|692|434|'да'|'да'|'нет'|'да'|'да'|'да'|'да'|'да'|'нет'|0|1|1|0|0|
91|'Красногвардейский'|'Ржевка'|'Коммуны ул.'|56|2||7000122||||'другое'|1950|'кирпичные'|2|0|2|12|1140|799|711|429|'да'|'да'|'нет'|'да'|'да'|'да'|'да'|'да'|'нет'|0|1|0|0|0|
92|'Красногвардейский'|'Ржевка'|'Коммуны ул.'|58|||7000123||||'другое'|1957|'кирпичные'|4|0|6|54|5660|5153.2|3963|1697|'да'|'да'|'нет'|'да'|'да'|'да'|'да'|'да'|'нет'|0|0|1|0|2|
93|'Красногвардейский'|'Большая Охта'|'Конторская ул.'|12|||7000124||||'другое'|1952|'кирпичные'|3|0|2|3|1738|1448|1267|471|'да'|'да'|'нет'|'да'|'да'|'да'|'нет'|'да'|'нет'|0|0|2|0|0|
94|'Красногвардейский'|'Большая Охта'|'Конторская ул.'|16|||7000125||'сцепка'||'другое'|1953|'кирпичные'|5|0|2|6|2850|2631.8|2303|547|'да'|'да'|'да'|'да'|'да'|'да'|'нет'|'да'|'нет'|0|1|0|1|1|
95|'Красногвардейский'|'Пороховые'|'Косыгина пр.'|25|1||7000126||||'другое'|1986|'панельные'|12|0|2|20|12900|12675|11702|1198|'да'|'да'|'да'|'да'|'да'|'нет'|'нет'|'нет'|'да'|4|2|4|1|2|
96|'Красногвардейский'|'Пороховые'|'Косыгина пр.'|9|2||7000127|||||1984|'панельные'|9|0|3|107|6983|6939.9|6056|927|'да'|'да'|'да'|'да'|'да'|'нет'|'нет'|'нет'|'да'|3|2|1|1|1|
97|'Красногвардейский'|'Пороховые'|'Косыгина пр.'|11|2||7000128|||||1984|'панельные'|9|0|9|322|19469|19453.4|17220|2249|'да'|'да'|'да'|'да'|'да'|'нет'|'нет'|'нет'|'да'|9|4|2|2|4|
98|'Красногвардейский'|'Пороховые'|'Косыгина пр.'|27|1||7000129|||||1989|'панельные'|12|0|7|308|28920|23632.4|17221|11699|'да'|'да'|'да'|'да'|'да'|'нет'|'нет'|'нет'|'да'|14|0|5|3|5|
99|'Красногвардейский'|'Пороховые'|'Косыгина пр.'|31|3||7000130|||||1980|'панельные'|9|0|11|393|24515|24471.4|21891|2624|'да'|'да'|'да'|'да'|'да'|'нет'|'нет'|'нет'|'да'|11|0|3|3|6|
100|'Красногвардейский'|'Пороховые'|'Косыгина пр.'|9|1||7000131||||'другое'|1985|'панельные'|12|0|2|15|13553|13326|11773|1780|'да'|'да'|'да'|'да'|'да'|'нет'|'нет'|'нет'|'да'|4|2|4|1|2|
101|'Красногвардейский'|'Ржевка'|'Косыгина пр.'|28|1||7000132||||137|1985|'панельные'|12|0|7|370|31435|30348|20657|10778|'да'|'да'|'да'|'да'|'да'|'нет'|'нет'|'нет'|'да'|14|4|4|1|1|
102|'Красногвардейский'|'Ржевка'|'Косыгина пр.'|30|3||7000133|||||1981|'панельные'|9|0|4|143|8870|8860|7994|876|'да'|'да'|'да'|'да'|'да'|'нет'|'нет'|'нет'|'да'|4|2|1|1|2|
103|'Красногвардейский'|'Ржевка'|'Лазо ул.'|3|||7000134||||'другое'|1960|'кирпичные'|3|0|2|27|1530|1530|1348|182|'да'|'да'|'нет'|'да'|'да'|'да'|'да'|'да'|'нет'|0|1|1|0|0|
104|'Красногвардейский'|'Ржевка'|'Лазо ул.'|4|1||7000135||||'другое'|1959|'кирпичные'|3|0|2|27|2021|1553|1370|651|'да'|'да'|'нет'|'да'|'да'|'да'|'да'|'да'|'нет'|0|0|1|0|0|
105|'Красногвардейский'|'Ржевка'|'Лазо ул.'|4|2||7000136||||'другое'|1961|'кирпичные'|4|0|3|44|2242|2239|1864|378|'да'|'да'|'нет'|'да'|'да'|'да'|'да'|'да'|'нет'|0|1|1|0|0|
106|'Красногвардейский'|'Ржевка'|'Лазо ул.'|6|||7000137||||'другое'|1968|'кирпичные'|5|0|5|100|4885|4885|4424|461|'да'|'да'|'нет'|'да'|'да'|'да'|'да'|'да'|'нет'|0|1|1|0|1|
107|'Красногвардейский'|'Ржевка'|'Лазо ул.'|7|||7000138||||'другое'|1958|'кирпичные'|3|0|2|24|1292|1292|1170|122|'да'|'да'|'нет'|'да'|'да'|'да'|'да'|'да'|'нет'|0|1|1|0|0|
108|'Красногвардейский'|'Ржевка'|'Лазо ул.'|8|1||7000139||||'другое'|1969|'кирпичные'|5|0|4|64|3851|3851|2772|1079|'да'|'да'|'нет'|'да'|'да'|'да'|'да'|'да'|'нет'|0|1|1|0|1|
109|'Красногвардейский'|'Ржевка'|'Лазо ул.'|8|2||7000140||||'другое'|1960|'кирпичные'|3|0|2|24|1037|1037|944|93|'да'|'да'|'нет'|'да'|'да'|'да'|'да'|'да'|'нет'|0|0|0|0|0|
110|'Красногвардейский'|'Ржевка'|'Лазо ул.'|8|3||7000141||||'другое'|1960|'кирпичные'|3|0|3|36|1639|1730|1503|136|'да'|'да'|'нет'|'да'|'да'|'да'|'да'|'да'|'нет'|0|1|1|0|0|
111|'Красногвардейский'|'Ржевка'|'Лазо ул.'|9|||7000142||||'другое'|1958|'кирпичные'|3|0|3|28|1862|1787|1428|434|'да'|'да'|'нет'|'да'|'да'|'да'|'да'|'да'|'нет'|0|1|1|0|0|
112|'Красногвардейский'|'Ржевка'|'Лазо ул.'|10|||7000143||||'другое'|1968|'кирпичные'|5|0|5|100|5753|4823|4429|1324|'да'|'да'|'нет'|'да'|'да'|'да'|'да'|'да'|'нет'|0|1|1|0|1|
113|'Красногвардейский'|'Ржевка'|'Лазо ул.'|13|||7000144||'сцепка'||'другое'|1958|'кирпичные'|3|0|2|27|1511|1511|1343|168|'да'|'да'|'нет'|'да'|'да'|'да'|'да'|'да'|'нет'|0|0|1|0|0|
114|'Красногвардейский'|'Ржевка'|'Лазо ул.'|14|||7000145||'сцепка'||'другое'|1960|'кирпичные'|4|0|2|32|1400|1400|1255|145|'да'|'да'|'нет'|'да'|'да'|'да'|'да'|'да'|'нет'|0|1|1|0|0|
115|'Красногвардейский'|'Ржевка'|'Лазо ул.'|16|||7000146||'сцепка'||'другое'|1958|'кирпичные'|3|0|3|28|1721|1721|1412|309|'да'|'да'|'нет'|'да'|'да'|'да'|'да'|'да'|'нет'|0|0|1|0|0|
116|'Красногвардейский'|'Пороховые'|'Ленская ул.'|17|1||7000147||||'другое'|1984|'кирпичные'|15|0|1|29|9072|8215.9|5675|3397|'да'|'да'|'да'|'да'|'да'|'нет'|'нет'|'нет'|'да'|3|2|4|1|1|
117|'Красногвардейский'|'Пороховые'|'Ленская ул.'|1|1||7000148|||||1982|'панельные'|9|0|7|259|15439|15392.7|13545|1894|'да'|'да'|'да'|'да'|'да'|'нет'|'нет'|'нет'|'да'|7|0|2|1|3|
118|'Красногвардейский'|'Пороховые'|'Ленская ул.'|2|1||7000149|||||1985|'панельные'|9|0|6|224|13279|13202.5|11586|1693|'да'|'да'|'да'|'да'|'да'|'нет'|'нет'|'нет'|'да'|6|2|2|1|2|
119|'Красногвардейский'|'Пороховые'|'Ленская ул.'|3|1||7000150|||||1983|'кирпичные'|15|0|2|28|8270|7297.5|5618|2652|'да'|'да'|'да'|'да'|'да'|'нет'|'нет'|'нет'|'да'|3|2|4|1|1|
120|'Красногвардейский'|'Пороховые'|'Ленская ул.'|3|2||7000151||||137|1982|'панельные'|12|0|3|286|17623|17611|14388|3235|'да'|'да'|'да'|'да'|'да'|'нет'|'нет'|'нет'|'да'|6|0|4|1|3|
121|'Красногвардейский'|'Пороховые'|'Ленская ул.'|6|3||7000152|||||1984|'панельные'|9|0|9|331|20126|20067.2|17547|2579|'да'|'да'|'да'|'да'|'да'|'нет'|'нет'|'нет'|'да'|9|4|3|2|3|
122|'Красногвардейский'|'Пороховые'|'Ленская ул.'|10|1||7000153|||||1981|'панельные'|9|0|9|322|19939|19804.9|17755|2184|'да'|'да'|'да'|'да'|'да'|'нет'|'нет'|'нет'|'да'|9|4|3|2|4|
123|'Красногвардейский'|'Пороховые'|'Ленская ул.'|10|2||7000154|||||1981|'панельные'|9|0|7|250|15916|15698.7|13921|1995|'да'|'да'|'да'|'да'|'да'|'нет'|'нет'|'нет'|'да'|7|4|2|1|4|
124|'Красногвардейский'|'Пороховые'|'Ленская ул.'|16|1||7000155||||'Щ9378'|1982|'кирпичные'|15|0|1|30|8303|7587.3|5809|2494|'да'|'да'|'да'|'да'|'да'|'нет'|'нет'|'нет'|'да'|3|2|4|1|1|
125|'Красногвардейский'|'Пороховые'|'Ленская ул.'|16|2||7000156|||||1981|'панельные'|9|0|7|245|16455|16435.5|14205|2250|'да'|'да'|'да'|'да'|'да'|'нет'|'нет'|'нет'|'да'|7|2|2|1|3|
126|'Красногвардейский'|'Пороховые'|'Ленская ул.'|16|3||7000157|||||1981|'панельные'|9|0|6|214|13923|13829.4|12198|1725|'да'|'да'|'да'|'да'|'да'|'нет'|'нет'|'нет'|'да'|6|4|2|2|4|
127|'Красногвардейский'|'Пороховые'|'Ленская ул.'|19|2||7000158|||||1983|'панельные'|12|0|2|118|8748|8720|7315|1433|'да'|'да'|'да'|'да'|'да'|'нет'|'нет'|'нет'|'да'|4|2|4|1|1|
128|'Красногвардейский'|'Пороховые'|'Ленская ул.'|20|1||7000159|||||1981|'панельные'|9|0|6|224|13389|13362|11869|1520|'да'|'да'|'да'|'да'|'да'|'нет'|'нет'|'нет'|'да'|6|0|2|1|3|
129|'Красногвардейский'|'Пороховые'|'Ленская ул.'|21|||7000160|||||1982|'панельные'|9|0|6|224|13451|13407.2|11780|1671|'да'|'да'|'да'|'да'|'да'|'нет'|'нет'|'нет'|'да'|6|2|2|1|2|
130|'Красногвардейский'|'Пороховые'|'Ленская ул.'|5|||7000161||||137|1983|'кирпичные'|15|0|1|52|8198|7591.3|5965|2233|'да'|'да'|'да'|'да'|'да'|'нет'|'нет'|'нет'|'да'|3|2|5|1|1|
131|'Красногвардейский'|'Ржевка'|'Лесопарковая ул.'|10|||7000162||||'другое'|1952|'кирпичные'|2|0|2|12|937|937|860|77|'да'|'да'|'нет'|'да'|'да'|'да'|'да'|'да'|'нет'|0|0|1|0|0|
132|'Красногвардейский'|'Ржевка'|'Лесопарковая ул.'|8|||7000163||||'другое'|1959|'кирпичные'|2|0|2|12|714|714|655|59|'да'|'да'|'нет'|'да'|'да'|'да'|'да'|'да'|'нет'|0|0|0|0|0|
133|'Красногвардейский'|'Ржевка'|'Лесопарковая ул.'|14|||7000164||||'другое'|1958|'кирпичные'|3|0|2|24|1057|1057|973|84|'да'|'да'|'нет'|'да'|'да'|'да'|'да'|'да'|'нет'|0|0|1|0|0|
134|'Красногвардейский'|'Ржевка'|'Лесопарковая ул.'|28|||7000165||||'другое'|1961|'кирпичные'|3|0|3|32|1810|1810|1386|424|'да'|'да'|'нет'|'да'|'да'|'да'|'да'|'да'|'нет'|0|0|1|0|0|
135|'Красногвардейский'|'Большая Охта'|'Металлистов пр.'|38|||7000166||||'другое'|1954|'кирпичные'|5|0|2|5|2932|2619|2383|549|'да'|'да'|'да'|'да'|'да'|'да'|'нет'|'да'|'нет'|0|1|2|1|1|
136|'Красногвардейский'|'Пороховые'|'Наставников пр.'|5|1||7000167||||'Щ9378'|1983|'кирпичные'|15|0|2|28|8595|7627|5721|2874|'да'|'да'|'да'|'да'|'да'|'нет'|'нет'|'нет'|'да'|3|2|4|1|1|
137|'Красногвардейский'|'Пороховые'|'Наставников пр.'|7|1||7000168||||'Щ9378'|1984|'кирпичные'|15|0|2|28|9509|8414.6|5761|3748|'да'|'да'|'да'|'да'|'да'|'нет'|'нет'|'нет'|'да'|3|2|4|1|1|
138|'Красногвардейский'|'Пороховые'|'Наставников пр.'|8|1||7000169||||'другое'|1983|'кирпичные'|15|0|1|28|8336|7656.6|5721|2615|'да'|'да'|'да'|'да'|'да'|'нет'|'нет'|'нет'|'да'|3|2|4|1|1|
139|'Красногвардейский'|'Пороховые'|'Наставников пр.'|12|||7000170||||'индивидуальный'|1984|'кирпичные'|12|0|1|58|3850|3792.4|3096|754|'да'|'да'|'да'|'да'|'да'|'нет'|'нет'|'нет'|'да'|2|2|4|1|1|
140|'Красногвардейский'|'Пороховые'|'Наставников пр.'|13|||7000171|||||1980|'панельные'|9|0|3|107|6868|6829|6109|759|'да'|'да'|'да'|'да'|'да'|'нет'|'нет'|'нет'|'да'|3|2|1|1|2|
141|'Красногвардейский'|'Пороховые'|'Наставников пр.'|14|1||7000172|||||1984|'панельные'|12|0|5|357|19671|19620|16198|3473|'да'|'да'|'да'|'да'|'да'|'нет'|'нет'|'нет'|'да'|10|2|4|1|3|
142|'Красногвардейский'|'Пороховые'|'Наставников пр.'|15|2||7000173|||||1980|'панельные'|9|0|5|175|11625|11625|10155|1470|'да'|'да'|'да'|'да'|'да'|'нет'|'нет'|'нет'|'да'|5|2|2|1|2|
143|'Красногвардейский'|'Пороховые'|'Наставников пр.'|15|3||7000174|||||1980|'панельные'|9|0|4|143|9065|9034.2|7911|1154|'да'|'да'|'да'|'да'|'да'|'нет'|'нет'|'нет'|'да'|4|2|1|1|2|
144|'Красногвардейский'|'Пороховые'|'Наставников пр.'|15|5||7000175|||||1980|'панельные'|9|0|7|244|16226|16207.2|14114|2112|'да'|'да'|'да'|'да'|'да'|'нет'|'нет'|'нет'|'да'|7|2|2|1|3|
145|'Красногвардейский'|'Пороховые'|'Наставников пр.'|20|3||7000176||||'индивидуальный'|1984|'кирпичные'|12|0|1|59|4066|3745|3141|925|'да'|'да'|'да'|'да'|'да'|'нет'|'нет'|'нет'|'да'|2|2|4|1|1|
146|'Красногвардейский'|'Пороховые'|'Наставников пр.'|46|2||7000177||||'другое'|1975|'кирпичные'|9|0|2|43|7106|6976.7|5705|1401|'да'|'да'|'да'|'да'|'да'|'да'|'нет'|'да'|'нет'|2|2|3|0|0|
147|'Красногвардейский'|'Ржевка'|'Наставников пр.'|25|3||7000178|||||1982|'панельные'|9|0|7|244|16248|16248|14102|2146|'да'|'да'|'да'|'да'|'да'|'нет'|'нет'|'нет'|'да'|7|2|2|1|3|
148|'Красногвардейский'|'Ржевка'|'Наставников пр.'|29|3||7000179|||||1981|'панельные'|9|0|11|394|24334|23949|21383|2951|'да'|'да'|'да'|'да'|'да'|'нет'|'нет'|'нет'|'да'|11|4|3|1|5|
149|'Красногвардейский'|'Пороховые'|'Наставников пр.'|30|||7000180|||||1984|'панельные'|14|0|4|335|20259|20255|16736|3523|'да'|'да'|'да'|'да'|'да'|'нет'|'нет'|'нет'|'да'|8|2|3|1|2|
150|'Красногвардейский'|'Ржевка'|'Наставников пр.'|31|2||7000181|||||1981|'панельные'|9|0|5|179|11034|11016|9857|1177|'да'|'да'|'да'|'да'|'да'|'нет'|'нет'|'нет'|'да'|5|0|2|1|2|
151|'Красногвардейский'|'Ржевка'|'Наставников пр.'|45|2||7000182||||'другое'|1960|'кирпичные'|3|0|2|24|1054|1054|934|120|'да'|'да'|'нет'|'да'|'да'|'да'|'да'|'да'|'нет'|0|0|0|0|0|
152|'Красногвардейский'|'Ржевка'|'Наставников пр.'|45|3||7000183||||'другое'|1959|'кирпичные'|3|0|2|27|1494|1494|1333|161|'да'|'да'|'нет'|'да'|'да'|'да'|'да'|'да'|'нет'|0|0|1|0|0|
153|'Красногвардейский'|'Ржевка'|'Наставников пр.'|45|1||7000184|||||1983|'панельные'|9|0|10|355|21204|21168.8|18761|2443|'да'|'да'|'да'|'да'|'да'|'нет'|'нет'|'нет'|'да'|10|4|2|1|4|
154|'Красногвардейский'|'Ржевка'|'Наставников пр.'|45|4||7000185||||'другое'|1959|'кирпичные'|3|0|3|29|1793|1793|1478|315|'да'|'да'|'нет'|'да'|'да'|'да'|'да'|'да'|'нет'|0|1|1|0|0|
155|'Красногвардейский'|'Ржевка'|'Наставников пр.'|45|5||7000186||||'другое'|1960|'кирпичные'|3|0|3|36|1649|1649|1501|148|'да'|'да'|'нет'|'да'|'да'|'да'|'да'|'да'|'нет'|0|1|0|0|0|
156|'Красногвардейский'|'Пороховые'|'Наставников пр.'|24|2||7000187|||||1988|'панельные'|12|0|2|21|13682|12836|11730|1952|'да'|'да'|'да'|'да'|'да'|'нет'|'нет'|'нет'|'да'|4|2|4|1|2|
157|'Красногвардейский'|'Пороховые'|'Наставников пр.'|28|1||7000188|||||1985|'панельные'|16|0|1|18|8732|8479|7660|1072|'да'|'да'|'да'|'да'|'да'|'нет'|'нет'|'нет'|'да'|3|2|6|1|1|
158|'Красногвардейский'|'Малая Охта'|'Новочеркасский пр.'|45|1||7000189||||'другое'|1957|'кирпичные'|5|0|11|144|12336|11169.1|8874|3462|'да'|'да'|'нет'|'да'|'да'|'да'|'да'|'да'|'нет'|0|0|1|0|1|
159|'Красногвардейский'|'Пороховые'|'Осипенко ул.'|10|1||7000190||||137|2006|'панельные'|17|0|1|101|6898|6770.9|5536|1362|'да'|'да'|'да'|'да'|'да'|'нет'|'нет'|'нет'|'да'|2|2|2|1|1|
160|'Красногвардейский'|'Пороховые'|'Осипенко ул.'|4|1||7000191||||137|2006|'панельные'|17|0|6|553|39407|38815.9|31896|7511|'да'|'да'|'да'|'да'|'да'|'нет'|'нет'|'нет'|'да'|12|4|2|3|3|
161|'Красногвардейский'|'Пороховые'|'Осипенко ул.'|5|1||7000192|||||1984|'панельные'|12|0|7|504|29534|29375|24764|4770|'да'|'да'|'да'|'да'|'да'|'нет'|'нет'|'нет'|'да'|14|4|4|1|4|
162|'Красногвардейский'|'Ржевка'|'Отечественная ул.'|4|1||7000193||||'другое'|1958|'кирпичные'|3|0|2|24|1280|1280|1165|115|'да'|'да'|'нет'|'да'|'да'|'да'|'да'|'да'|'нет'|0|0|1|0|0|
163|'Красногвардейский'|'Ржевка'|'Отечественная ул.'|4|2||7000194||||'другое'|1958|'кирпичные'|3|0|2|24|1791|1354|1235|556|'да'|'да'|'нет'|'да'|'да'|'да'|'да'|'да'|'нет'|0|1|1|0|0|
164|'Красногвардейский'|'Ржевка'|'Отечественная ул.'|7|||7000195|||||1983|'панельные'|9|0|7|243|16242|16224|14129|2113|'да'|'да'|'да'|'да'|'да'|'нет'|'нет'|'нет'|'да'|7|2|2|1|3|
165|'Красногвардейский'|'Ржевка'|'Отечественная ул.'|8|||7000196||||'другое'|1961|'кирпичные'|3|0|2|24|1293|1293|1182|111|'да'|'да'|'нет'|'да'|'да'|'да'|'да'|'да'|'нет'|0|1|1|0|0|
166|'Красногвардейский'|'Большая Охта'|'П.Смородина ул.'|4|||7000197|||||1968|'панельные'|5|0|6|90|4877|4817|4282|595|'да'|'да'|'да'|'да'|'да'|'да'|'нет'|'да'|'нет'|0|1|1|1|1|
167|'Красногвардейский'|'Большая Охта'|'П.Смородина ул.'|8|||7000198|||||1968|'панельные'|5|0|6|89|4807|4807|4276|531|'да'|'да'|'да'|'да'|'да'|'да'|'нет'|'да'|'нет'|0|1|1|1|1|
168|'Красногвардейский'|'Большая Охта'|'П.Смородина ул.'|12|||7000199|||||1968|'панельные'|5|0|9|134|7165|7110|6296|869|'да'|'да'|'да'|'да'|'да'|'да'|'нет'|'да'|'нет'|0|1|1|1|1|
169|'Красногвардейский'|'Большая Охта'|'П.Смородина ул.'|14|||7000200|||||1968|'панельные'|5|0|6|90|4889|4834|4266|623|'да'|'да'|'да'|'да'|'да'|'да'|'нет'|'да'|'нет'|0|1|1|1|1|
170|'Красногвардейский'|'Большая Охта'|'П.Смородина ул.'|20|||7000201|||||1968|'панельные'|9|0|4|208|10932|10932|9663|1269|'да'|'да'|'да'|'да'|'да'|'да'|'нет'|'да'|'нет'|4|0|1|1|1|
171|'Красногвардейский'|'Пороховые'|'Передовиков ул.'|19|1||7000202|||||1986|'панельные'|13|0|1|48|3422|3105.4|2461|961|'да'|'да'|'да'|'да'|'да'|'нет'|'нет'|'нет'|'да'|2|2|4|1|1|
172|'Красногвардейский'|'Пороховые'|'Передовиков ул.'|19|2||7000203|||||1986|'панельные'|13|0|1|48|3429|3112.4|2468|961|'да'|'да'|'да'|'да'|'да'|'нет'|'нет'|'нет'|'да'|2|2|4|1|1|
173|'Красногвардейский'|'Пороховые'|'Передовиков ул.'|19|3||7000204|||||1986|'панельные'|13|0|1|48|3418|3101.4|2464|954|'да'|'да'|'да'|'да'|'да'|'нет'|'нет'|'нет'|'да'|2|2|4|1|1|
174|'Красногвардейский'|'Пороховые'|'Передовиков ул.'|33|2||7000205|||||1980|'панельные'|9|0|3|107|6707|6707|6042|665|'да'|'да'|'да'|'да'|'да'|'да'|'нет'|'да'|'нет'|3|2|1|1|1|
175|'Красногвардейский'|'Полюстрово'|'Пискаревский пр.'|145|||7000206|||||1962|'кирпичные'|4|0|3|38|2336|2336|1556|780|'да'|'да'|'да'|'да'|'да'|'да'|'нет'|'да'|'нет'|0|1|0|0|0|
176|'Красногвардейский'|'Полюстрово'|'Пискаревский пр.'|145|2||7000207|||||1969|'кирпичные'|5|0|5|97|5047|4700|4316|731|'да'|'да'|'да'|'да'|'да'|'да'|'нет'|'да'|'нет'|0|0|2|1|1|
177|'Красногвардейский'|'Полюстрово'|'Пискаревский пр.'|155|2||7000208|||||1967|'кирпичные'|5|0|5|100|4699|4699|4353|346|'да'|'да'|'нет'|'да'|'да'|'да'|'да'|'да'|'нет'|0|1|0|0|1|
178|'Красногвардейский'|'Полюстрово'|'Пискаревский пр.'|159|2||7000209|||||1974|'кирпичные'|5|0|5|100|4636|4636|4208|428|'да'|'да'|'да'|'да'|'да'|'да'|'нет'|'да'|'нет'|0|1|1|1|1|
179|'Красногвардейский'|'Полюстрово'|'Пискаревский пр.'|141|||7000210|||||1964|'кирпичные'|4|0|2|32|1410|1410|1281|129|'да'|'да'|'да'|'да'|'да'|'да'|'нет'|'да'|'нет'|0|0|1|0|0|
180|'Красногвардейский'|'Полюстрово'|'Пискаревский пр.'|143|2||7000211|||||1966|'кирпичные'|4|0|3|48|2276|2232|2020|256|'да'|'да'|'нет'|'да'|'да'|'да'|'да'|'да'|'нет'|0|1|1|0|1|
181|'Красногвардейский'|'Полюстрово'|'Пискаревский пр.'|143|||7000212|||||1963|'кирпичные'|4|0|3|48|2185|2185|1989|196|'да'|'да'|'да'|'да'|'да'|'да'|'нет'|'да'|'нет'|0|1|1|1|1|
182|'Красногвардейский'|'Полюстрово'|'Пискаревский пр.'|149|||7000213|||||1958|'кирпичные'|3|0|2|27|1515|1515|1348|167|'да'|'да'|'да'|'да'|'да'|'да'|'нет'|'да'|'нет'|0|0|0|0|0|
183|'Красногвардейский'|'Полюстрово'|'Пискаревский пр.'|151|||7000214|||||1959|'кирпичные'|3|0|3|27|1579|1579.3|1450|129|'да'|'да'|'да'|'да'|'да'|'да'|'нет'|'да'|'нет'|0|0|0|0|0|
184|'Красногвардейский'|'Полюстрово'|'Пискаревский пр.'|155|||7000215|||||1959|'кирпичные'|3|0|3|27|1589|1589|1458|131|'да'|'да'|'да'|'да'|'да'|'да'|'нет'|'да'|'нет'|0|0|0|0|0|
185|'Красногвардейский'|'Полюстрово'|'Пискаревский пр.'|157|||7000216|||||1959|'кирпичные'|3|0|2|27|1522|1510|1338|184|'да'|'да'|'да'|'да'|'да'|'да'|'нет'|'да'|'нет'|0|0|0|0|0|
186|'Красногвардейский'|'Полюстрово'|'Пискаревский пр.'|161|||7000217|||||1979|'кирпичные'|5|0|6|89|4808|4684|4134|674|'да'|'да'|'да'|'да'|'да'|'да'|'нет'|'да'|'нет'|0|1|1|1|1|
187|'Красногвардейский'|'Большая Охта'|'Пугачева ул.'|'2 / 6'|||7000218||||'другое'|1951|'кирпичные'|3|0|2|3|2827|2450|2296|531|'да'|'да'|'да'|'да'|'да'|'да'|'нет'|'да'|'нет'|0|1|1|1|1|
188|'Красногвардейский'|'Ржевка'|'Революции шоссе'|112|||7000219||||'другое'|1938|'кирпичные'|5|0|4|31|4241|4232|3102|1139|'да'|'да'|'нет'|'да'|'да'|'нет'|'нет'|'нет'|'да'|0|0|1|0|1|
189|'Красногвардейский'|'Ржевка'|'Революции шоссе'|87|||7000220|||||1976|'кирпичные'|9|0|2|32|7273|6536|5857|1416|'да'|'да'|'да'|'да'|'да'|'да'|'нет'|'да'|'нет'|2|0|2|0|1|
190|'Красногвардейский'|'Ржевка'|'Рябовское шоссе'|73|||7000221||||'1-528КП-40'|1967|'кирпичные'|9|0|1|45|2355|2251|1946|409|'да'|'да'|'нет'|'да'|'да'|'да'|'да'|'да'|'нет'|1|0|1|0|0|
191|'Красногвардейский'|'Ржевка'|'Рябовское шоссе'|77|||7000222||||'другое'|1954|'кирпичные'|3|0|2|12|1095|1040.5|841|254|'да'|'да'|'нет'|'да'|'да'|'да'|'да'|'да'|'нет'|0|0|1|0|0|
192|'Красногвардейский'|'Ржевка'|'Рябовское шоссе'|79|||7000223||||'другое'|1951|'кирпичные'|3|0|2|12|1106|1052.5|899|207|'да'|'да'|'нет'|'да'|'да'|'да'|'да'|'да'|'нет'|0|0|1|0|0|
193|'Красногвардейский'|'Ржевка'|'Рябовское шоссе'|57|||7000232||'сцепка'||'другое'|1957|'кирпичные'|4|0|4|37|3826|3378|2941|885|'да'|'да'|'нет'|'да'|'да'|'да'|'да'|'да'|'нет'|0|0|0|0|0|
194|'Красногвардейский'|'Ржевка'|'Рябовское шоссе'|59|||7000233||||'другое'|1938|'кирпичные'|4|0|3|24|2559|2559|2225|334|'да'|'да'|'нет'|'да'|'да'|'да'|'да'|'да'|'нет'|0|0|0|0|0|
195|'Красногвардейский'|'Ржевка'|'Рябовское шоссе'|117|2||7000234|||||1992|'панельные'|9|0|2|72|3775|3716|3102|673|'да'|'да'|'да'|'да'|'да'|'да'|'нет'|'да'|'нет'|2|2|2|1|1|
196|'Красногвардейский'|'Ржевка'|'Рябовское шоссе'|117|3||7000235|||||1987|'панельные'|5|0|5|75|4010|3980|3410|600|'да'|'да'|'да'|'да'|'да'|'да'|'нет'|'да'|'нет'|0|1|1|1|1|
197|'Красногвардейский'|'Ржевка'|'Рябовское шоссе'|119|4||7000236|||||1995|'панельные'|10|0|4|160|9796|9706|8358|1438|'да'|'да'|'да'|'да'|'да'|'да'|'нет'|'да'|'нет'|4|2|2|1|1|
198|'Красногвардейский'|'Ржевка'|'Рябовское шоссе'|119|3||7000237||||'другое'|2001|'кирпичные'|4|0|4|64|5165|5126|4352|813|'да'|'да'|'да'|'да'|'да'|'да'|'нет'|'да'|'нет'|0|0|2|1|1|
199|'Красногвардейский'|'Ржевка'|'Рябовское шоссе'|121|3||7000238||||'другое'|1991|'панельные'|5|0|4|76|4728|4694|4032|696|'да'|'да'|'да'|'да'|'да'|'да'|'нет'|'да'|'нет'|0|1|2|1|1|
200|'Красногвардейский'|'Ржевка'|'Рябовское шоссе'|121|4||7000239|||||1992|'панельные'|5|0|4|76|4767|4732|4057|710|'да'|'да'|'да'|'да'|'да'|'да'|'нет'|'да'|'нет'|0|1|2|1|1|
201|'Красногвардейский'|'Ржевка'|'Рябовское шоссе'|121|5||7000240||||'другое'|1994|'панельные'|10|0|2|59|4199|4159|3495|704|'да'|'да'|'да'|'да'|'да'|'да'|'нет'|'да'|'нет'|2|2|2|1|1|
202|'Красногвардейский'|'Ржевка'|'Рябовское шоссе'|123|2||7000241|||||1992|'панельные'|5|0|3|60|3449|3397|2949|500|'да'|'да'|'да'|'да'|'да'|'да'|'нет'|'да'|'нет'|0|0|2|1|1|
203|'Красногвардейский'|'Ржевка'|'Рябовское шоссе'|109|||7000242||||'другое'|1954|'кирпичные'|4|0|3|28|2140|2034|1809|331|'да'|'да'|'нет'|'да'|'да'|'да'|'да'|'да'|'нет'|0|0|0|0|0|
204|'Красногвардейский'|'Ржевка'|'Рябовское шоссе'|111|||7000243||||'другое'|1953|'кирпичные'|4|0|1|12|1199|967|864|335|'да'|'да'|'нет'|'да'|'да'|'да'|'да'|'да'|'нет'|0|0|0|0|0|
205|'Красногвардейский'|'Ржевка'|'Рябовское шоссе'|113|||7000244||||'другое'|1953|'кирпичные'|4|0|3|28|2176|2070|1790|386|'да'|'да'|'нет'|'да'|'да'|'да'|'да'|'да'|'нет'|0|0|0|0|0|
206|'Красногвардейский'|'Большая Охта'|'Синявинская ул.'|4|||7000245||||'другое'|1954|'кирпичные'|5|0|2|5|2990|2626|2409|581|'да'|'да'|'да'|'да'|'да'|'да'|'нет'|'да'|'нет'|0|0|1|1|1|
207|'Красногвардейский'|'Ржевка'|'Сосновая ул.'|13|||7000246||||'другое'|1937|'кирпичные'|2|0|3|12|1038|1038|916|122|'да'|'да'|'нет'|'да'|'да'|'да'|'да'|'да'|'нет'|0|1|2|0|0|
208|'Красногвардейский'|'Большая Охта'|'Среднеохтинский пр.'|20|||7000247||'сцепка'||'другое'|1949|'панельные'|3|0|3|3|2968|2549.7|2138|830|'да'|'да'|'да'|'да'|'да'|'да'|'нет'|'да'|'нет'|0|1|1|0|0|
209|'Красногвардейский'|'Большая Охта'|'Среднеохтинский пр.'|37|||7000248||'сцепка'||'другое'|1948|'кирпичные'|3|0|1|6|1187|1187|1074|113|'да'|'да'|'да'|'да'|'да'|'да'|'нет'|'да'|'нет'|0|1|0|0|0|
210|'Красногвардейский'|'Большая Охта'|'Среднеохтинский пр.'|45|||7000249||'сцепка'||'другое'|1948|'кирпичные'|3|0|1|4|1155|1155|1082|73|'да'|'да'|'да'|'да'|'да'|'да'|'нет'|'да'|'нет'|0|1|0|0|0|
211|'Красногвардейский'|'Малая Охта'|'Стахановцев ул.'|9|||7000250||||'индивидуальный'|1937|'кирпичные'|5|0|2|6|3179|3070|2394|785|'да'|'да'|'да'|'да'|'да'|'да'|'нет'|'да'|'нет'|0|1|1|1|1|
212|'Красногвардейский'|'Большая Охта'|'Тарасова ул.'|13|||7000251||||'другое'|1954|'кирпичные'|5|0|2|10|2930.3|2613.3|2410|520.3|'да'|'да'|'да'|'да'|'да'|'да'|'нет'|'да'|'нет'|0|1|0|1|1|
213|'Красногвардейский'|'Пороховые'|'Ударников пр.'|15|1||7000252|||||1979|'панельные'|9|0|8|295|17381|17381|15561|1820|'да'|'да'|'да'|'да'|'да'|'да'|'нет'|'да'|'нет'|8|4|2|4|4|
214|'Красногвардейский'|'Пороховые'|'Ударников пр.'|19|1||7000253||||'Щ9378'|1980|'кирпичные'|15|0|2|30|9087|8657.4|5682|3405|'да'|'да'|'да'|'да'|'да'|'нет'|'нет'|'нет'|'да'|3|2|4|1|1|
215|'Красногвардейский'|'Пороховые'|'Ударников пр.'|19|3||7000254|||||1979|'панельные'|9|0|9|329|19843|19843|17762|2081|'да'|'да'|'да'|'да'|'да'|'да'|'нет'|'да'|'нет'|9|4|3|3|3|
216|'Красногвардейский'|'Пороховые'|'Ударников пр.'|21|1||7000255|||||1979|'панельные'|9|0|8|294|17246|17246|15344|1902|'да'|'да'|'да'|'да'|'да'|'да'|'нет'|'да'|'нет'|8|0|2|3|3|
217|'Красногвардейский'|'Ржевка'|'Ударников пр.'|49|1||7000256||||'другое'|1983|'кирпичные'|15|0|2|28|8192|7581|5616|2576|'да'|'да'|'да'|'да'|'да'|'нет'|'нет'|'нет'|'да'|3|2|4|1|1|
218|'Красногвардейский'|'Ржевка'|'Ударников пр.'|49|2||7000257|||||1984|'кирпичные'|15|0|2|28|8271|7748|5867|2404|'да'|'да'|'да'|'да'|'да'|'нет'|'нет'|'нет'|'да'|3|2|4|1|1|
219|'Красногвардейский'|'Пороховые'|'Ударников пр.'|17|1||7000258||||'другое'|1980|'кирпичные'|15|0|1|28|8147|7999.1|5686|2461|'да'|'да'|'да'|'да'|'да'|'нет'|'нет'|'нет'|'да'|3|2|4|1|1|
220|'Красногвардейский'|'Пороховые'|'Ударников пр.'|18|||7000259|||||1980|'кирпичные'|15|0|2|28|8036|7923.2|5605|2431|'да'|'да'|'да'|'да'|'да'|'нет'|'нет'|'нет'|'да'|3|2|5|1|1|
221|'Красногвардейский'|'Пороховые'|'Ударников пр.'|22|1||7000260||||'другое'|1981|'кирпичные'|15|0|2|28|9263|9013.1|5742|3521|'да'|'да'|'да'|'да'|'да'|'нет'|'нет'|'нет'|'да'|3|2|5|1|1|
222|'Красногвардейский'|'Пороховые'|'Ударников пр.'|22|4||7000261|||||1981|'панельные'|15|0|1|90|4103|4103|3532|571|'да'|'да'|'да'|'да'|'да'|'нет'|'нет'|'нет'|'да'|2|0|3|1|1|
223|'Красногвардейский'|'Пороховые'|'Ударников пр.'|24|||7000262|||||1979|'панельные'|9|0|3|107|6775|6775|6089|686|'да'|'да'|'да'|'да'|'да'|'да'|'нет'|'да'|'нет'|3|2|1|1|1|
224|'Красногвардейский'|'Пороховые'|'Ударников пр.'|26|||7000263|||||1980|'панельные'|12|0|3|215|12761|12761|10561|2200|'да'|'да'|'да'|'да'|'да'|'нет'|'нет'|'нет'|'да'|6|2|4|1|2|
225|'Красногвардейский'|'Пороховые'|'Ударников пр.'|27|2||7000264|||||1981|'панельные'|12|0|8|472|33058|33058|27467|5591|'да'|'да'|'да'|'да'|'да'|'нет'|'нет'|'нет'|'да'|16|6|12|1|5|
226|'Красногвардейский'|'Пороховые'|'Ударников пр.'|30|1||7000265||||137|1983|'панельные'|16|0|3|317|20957|20850|17092|3865|'да'|'да'|'да'|'да'|'да'|'нет'|'нет'|'нет'|'да'|6|0|3|1|3|
227|'Красногвардейский'|'Пороховые'|'Ударников пр.'|32|1||7000266|||||1981|'панельные'|9|0|5|220|13374|13319|11109|2265|'да'|'да'|'да'|'да'|'да'|'нет'|'нет'|'нет'|'да'|5|4|2|2|2|
228|'Красногвардейский'|'Пороховые'|'Ударников пр.'|32|3||7000267|||||1987|'панельные'|9|0|3|106|6909|6891|6137|772|'да'|'да'|'да'|'да'|'да'|'нет'|'нет'|'нет'|'да'|3|2|1|1|1|
229|'Красногвардейский'|'Пороховые'|'Ударников пр.'|36|||7000268||||'Щ9378'|1982|'кирпичные'|15|0|2|29|9009|8728.8|5620|3389|'да'|'да'|'да'|'да'|'да'|'нет'|'нет'|'нет'|'да'|3|2|5|1|1|
230|'Красногвардейский'|'Пороховые'|'Ударников пр.'|38|1||7000269||||'Щ9378'|1982|'кирпичные'|15|0|2|29|8241|8069.9|5747|2494|'да'|'да'|'да'|'да'|'да'|'нет'|'нет'|'нет'|'да'|3|2|4|1|1|
231|'Красногвардейский'|'Ржевка'|'Ударников пр.'|43|1||7000270|||||1983|'панельные'|12|0|2|118|8024|8021|6641|1383|'да'|'да'|'да'|'да'|'да'|'нет'|'нет'|'нет'|'да'|4|2|4|1|2|
232|'Красногвардейский'|'Ржевка'|'Ударников пр.'|43|3||7000271||||137|1982|'панельные'|12|0|2|166|10337|10337|8556|1781|'да'|'да'|'да'|'да'|'да'|'нет'|'нет'|'нет'|'да'|4|2|4|1|2|
233|'Красногвардейский'|'Ржевка'|'Ударников пр.'|46|||7000272||||'другое'|1959|'кирпичные'|3|0|3|27|1867|1867|1410|457|'да'|'да'|'нет'|'да'|'да'|'да'|'да'|'да'|'нет'|0|0|1|0|0|
234|'Красногвардейский'|'Ржевка'|'Ударников пр.'|52|2||7000273|||||1984|'панельные'|12|0|3|177|13668|12337.9|10270|3398|'да'|'да'|'да'|'да'|'да'|'нет'|'нет'|'нет'|'да'|6|2|4|1|2|
235|'Красногвардейский'|'Малая Охта'|'Уткин пр.'|13|2||7000274||||'другое'|1951|'кирпичные'|4|0|2|5|2345|2217|2036|309|'да'|'да'|'нет'|'да'|'да'|'да'|'нет'|'да'|'нет'|0|0|1|0|0|
236|'Красногвардейский'|'Пороховые'|'Хасанская ул.'|8|1||7000275|||||1983|'панельные'|9|0|4|142|8853|8824|7871|982|'да'|'да'|'да'|'да'|'да'|'нет'|'нет'|'нет'|'да'|4|0|1|1|2|
237|'Красногвардейский'|'Пороховые'|'Хасанская ул.'|4|1||7000276||||137|1984|'панельные'|12|0|3|239|15170|15170|12681|2489|'да'|'да'|'да'|'да'|'да'|'нет'|'нет'|'нет'|'да'|6|2|3|1|2|
238|'Красногвардейский'|'Пороховые'|'Хасанская ул.'|12|||7000277||||'индивидуальный'|1987|'кирпичные'|14|0|1|83|5736|5602.5|4540|1196|'да'|'да'|'да'|'да'|'да'|'нет'|'нет'|'нет'|'да'|2|2|4|1|1|
239|'Красногвардейский'|'Пороховые'|'Хасанская ул.'|18|1||7000278|||||1982|'панельные'|9|0|7|244|16710|16691.5|14165|2545|'да'|'да'|'да'|'да'|'да'|'нет'|'нет'|'нет'|'да'|7|4|2|0|3|
240|'Красногвардейский'|'Пороховые'|'Хасанская ул.'|20|||7000279||||'1-528КП-82'|1987|'кирпичные'|16|0|1|110|6764|6642|5487|1277|'да'|'да'|'да'|'да'|'да'|'нет'|'нет'|'нет'|'да'|2|0|4|1|1|
241|'Красногвардейский'|'Пороховые'|'Хасанская ул.'|22|1||7000280||||'индивидуальный'|2003|'панельные'|9|0|2|179|8439|8307|6310|2129|'да'|'да'|'да'|'да'|'да'|'нет'|'нет'|'нет'|'да'|2|2|4|1|1|
242|'Красногвардейский'|'Пороховые'|'Хасанская ул.'|24|||7000281|||||1982|'панельные'|9|0|10|357|22353|22216.3|20041|2312|'да'|'да'|'да'|'да'|'да'|'нет'|'нет'|'нет'|'да'|10|6|3|3|4|
243|'Красногвардейский'|'Пороховые'|'Хасанская ул.'|26|1||7000282||||'606 (1-ЛГ-606)'|1982|'панельные'|9|0|7|244|16377|16322.6|14146|2231|'да'|'да'|'да'|'да'|'да'|'нет'|'нет'|'нет'|'да'|7|2|2|1|3|
244|'Красногвардейский'|'Ржевка'|'Челябинская ул.'|24|||7000283||||'другое'|1917|'кирпичные'|4|0|1|16|1010|1010|881|129|'да'|'да'|'нет'|'да'|'да'|'да'|'нет'|'да'|'нет'|0|0|1|0|0|
245|'Красногвардейский'|'Ржевка'|'Челябинская ул.'|43|||7000284|||||1968|'кирпичные'|4|0|3|48|2238|2198|1982|256|'да'|'да'|'нет'|'да'|'да'|'да'|'да'|'да'|'нет'|0|0|0|0|0|
246|'Красногвардейский'|'Ржевка'|'Челябинская ул.'|45|||7000285||||'другое'|1958|'кирпичные'|3|0|3|27|1980|1980|1746|234|'да'|'да'|'нет'|'да'|'да'|'да'|'да'|'да'|'нет'|0|0|0|0|0|
247|'Красногвардейский'|'Ржевка'|'Челябинская ул.'|47|||7000286||||'другое'|1952|'кирпичные'|3|0|3|21|1786|1518|1354|432|'да'|'да'|'нет'|'да'|'да'|'да'|'да'|'да'|'нет'|0|1|0|0|0|
248|'Красногвардейский'|'Ржевка'|'Челябинская ул.'|49|||7000287|||||1961|'кирпичные'|4|0|3|48|2241|2241|2029|212|'да'|'да'|'нет'|'да'|'да'|'да'|'да'|'да'|'нет'|0|0|0|0|0|
249|'Красногвардейский'|'Ржевка'|'Челябинская ул.'|51|||7000288||||'другое'|1949|'кирпичные'|3|0|1|12|837|822|745|92|'да'|'да'|'нет'|'да'|'да'|'да'|'да'|'да'|'нет'|0|0|0|0|0|
250|'Красногвардейский'|'Ржевка'|'Челябинская ул.'|55|||7000289|||||1960|'кирпичные'|4|0|3|48|2281|2260|2041|240|'да'|'да'|'нет'|'да'|'да'|'да'|'да'|'да'|'нет'|0|0|1|0|0|
251|'Красногвардейский'|'Ржевка'|'Челябинская ул.'|57|||7000290|||||1959|'кирпичные'|3|0|2|27|1498|1498|1327|171|'да'|'да'|'нет'|'да'|'да'|'да'|'да'|'да'|'нет'|0|1|0|0|0|
252|'Красногвардейский'|'Большая Охта'|'Революции шоссе'|84|1||7000291||||'другое'|1957|'кирпичные'|3|0|2|27|1692|1508|1332|360|'да'|'да'|'нет'|'да'|'да'|'да'|'нет'|'да'|'нет'|0|1|1|0|1|
253|'Красногвардейский'|'Большая Охта'|'Революции шоссе'|51|||7000292||||'индивидуальный'|1958|'кирпичные'|3|0|4|20|2745|2441.5|1702|1043|'да'|'да'|'нет'|'да'|'да'|'да'|'да'|'да'|'нет'|0|2|1|0|0|
254|'Красногвардейский'|'Большая Охта'|'Энергетиков пр.'|31|||7000293|||||1968|'панельные'|9|0|6|320|16335|16289|14233|2102|'да'|'да'|'да'|'да'|'да'|'да'|'нет'|'да'|'нет'|6|2|1|2|2|
255|'Красногвардейский'|'Большая Охта'|'Энергетиков пр.'|31|1||7000294|||||1968|'панельные'|5|0|6|90|4879|4807|4287|592|'да'|'да'|'да'|'да'|'да'|'да'|'нет'|'да'|'нет'|0|1|1|1|1|
256|'Красногвардейский'|'Большая Охта'|'Энергетиков пр.'|31|2||7000295|||||1968|'панельные'|5|0|6|90|4811|4759|4245|566|'да'|'да'|'да'|'да'|'да'|'да'|'нет'|'да'|'нет'|0|0|1|1|1|
257|'Красногвардейский'|'Большая Охта'|'Энергетиков пр.'|31|3||7000296|||||1968|'панельные'|5|0|6|90|4793|4741|4288|505|'да'|'да'|'да'|'да'|'да'|'да'|'нет'|'да'|'нет'|0|1|1|1|1|
258|'Красногвардейский'|'Большая Охта'|'Энергетиков пр.'|35|2||7000297|||||1968|'панельные'|5|0|6|90|4796|4796|4279|517|'да'|'да'|'да'|'да'|'да'|'да'|'нет'|'да'|'нет'|0|0|1|1|1|
259|'Красногвардейский'|'Большая Охта'|'Энергетиков пр.'|35|3||7000298||||'индивидуальный'|1971|'кирпичные'|9|0|2|31|7302|7090.2|5900|1402|'да'|'да'|'да'|'да'|'да'|'да'|'нет'|'да'|'нет'|2|2|3|1|1|
260|'Красногвардейский'|'Пороховые'|'Энтузиастов пр.'|18|1||7000299|||||1979|'панельные'|9|0|13|492|28038|28038|24893|3145|'да'|'да'|'да'|'да'|'да'|'да'|'нет'|'да'|'нет'|13|6|3|6|6|
261|'Красногвардейский'|'Пороховые'|'Энтузиастов пр.'|22|1||7000300|||||1979|'панельные'|9|0|9|331|19383|19383|17346|2037|'да'|'да'|'да'|'да'|'да'|'да'|'нет'|'да'|'нет'|9|4|3|3|3|
262|'Красногвардейский'|'Пороховые'|'Энтузиастов пр.'|22|2||7000301|||||1979|'панельные'|9|0|7|244|16286|16286|14224|2062|'да'|'да'|'да'|'да'|'да'|'да'|'нет'|'да'|'нет'|7|2|2|2|2|
263|'Красногвардейский'|'Пороховые'|'Энтузиастов пр.'|28|1||7000302|||||1981|'панельные'|9|0|7|308|18560|18529.9|15397|3163|'да'|'да'|'да'|'да'|'да'|'нет'|'нет'|'нет'|'да'|7|4|2|3|3|
264|'Красногвардейский'|'Пороховые'|'Энтузиастов пр.'|28|3||7000303||||137|1981|'панельные'|9|0|4|176|10343|10330.1|8734|1609|'да'|'да'|'да'|'да'|'да'|'нет'|'нет'|'нет'|'да'|4|2|1|2|2|
265|'Красногвардейский'|'Пороховые'|'Энтузиастов пр.'|49|1||7000304||||'Щ9378'|1983|'кирпичные'|15|0|1|28|9220|8585|5663|3557|'да'|'да'|'да'|'да'|'да'|'нет'|'нет'|'нет'|'да'|3|3|4|1|1|
266|'Красногвардейский'|'Пороховые'|'Энтузиастов пр.'|31|3||7000305||||137|2006|'панельные'|17|0|7|619|44829|44252.5|36798|8031|'да'|'да'|'да'|'да'|'да'|'нет'|'нет'|'нет'|'да'|14|6|2|2|2|
267|'Красногвардейский'|'Пороховые'|'Энтузиастов пр.'|35|||7000306||||137|2006|'панельные'|17|0|1|101|6886|6759.2|5527|1359|'да'|'да'|'да'|'да'|'да'|'нет'|'нет'|'нет'|'да'|2|2|2|1|1|
268|'Красногвардейский'|'Пороховые'|'Энтузиастов пр.'|'37 / 12'|||7000307||||137|2006|'панельные'|17|0|1|101|6968|6819.8|5582|1386|'да'|'да'|'да'|'да'|'да'|'нет'|'нет'|'нет'|'да'|2|2|2|1|1|
269|'Красногвардейский'|'Ржевка'|'Энтузиастов пр.'|44|||7000308||||137|1984|'панельные'|12|0|6|365|25492|25419|21002|4490|'да'|'да'|'да'|'да'|'да'|'нет'|'нет'|'нет'|'да'|12|2|4|1|4|
270|'Красногвардейский'|'Ржевка'|'Энтузиастов пр.'|45|1||7000309|||||1982|'панельные'|9|0|3|107|7006|6995.2|6062|944|'да'|'да'|'да'|'да'|'да'|'нет'|'нет'|'нет'|'да'|3|2|1|1|2|
271|'Красногвардейский'|'Ржевка'|'Энтузиастов пр.'|46|2||7000310|||||1983|'панельные'|14|0|4|336|19436|19414|16748|2688|'да'|'да'|'да'|'да'|'да'|'нет'|'нет'|'нет'|'да'|8|2|3|1|4|
272|'Красногвардейский'|'Ржевка'|'Энтузиастов пр.'|47|1||7000311|||||1982|'панельные'|9|0|8|285|17856|17814|15752|2104|'да'|'да'|'да'|'да'|'да'|'нет'|'нет'|'нет'|'да'|8|4|2|2|4|
273|'Красногвардейский'|'Ржевка'|'Энтузиастов пр.'|47|4||7000312||||'1-528КП-82'|1986|'кирпичные'|16|0|1|110|7140|6997|5836|1304|'да'|'да'|'да'|'да'|'да'|'нет'|'нет'|'нет'|'да'|2|0|3|1|1|
274|'Красногвардейский'|'Ржевка'|'Энтузиастов пр.'|51|2||7000313||||'Щ9378'|1983|'кирпичные'|15|0|2|28|8207|7596|5669|2538|'да'|'да'|'да'|'да'|'да'|'нет'|'нет'|'нет'|'да'|3|2|4|1|1|
275|'Красногвардейский'|'Ржевка'|'Энтузиастов пр.'|'53 / 38'|||7000314|||||1982|'панельные'|9|0|15|555|32443|32387|28489|3954|'да'|'да'|'да'|'да'|'да'|'нет'|'нет'|'нет'|'да'|15|4|4|1|7|
276|'Красногвардейский'|'Ржевка'|'Энтузиастов пр.'|54|1||7000315||||137|1982|'панельные'|12|0|2|118|8074|8074|6638|1436|'да'|'да'|'да'|'да'|'да'|'нет'|'нет'|'нет'|'да'|4|2|4|1|2|
277|'Красногвардейский'|'Ржевка'|'Энтузиастов пр.'|54|2||7000316|||||1982|'панельные'|12|0|3|177|11880|11880|9949|1931|'да'|'да'|'да'|'да'|'да'|'нет'|'нет'|'нет'|'да'|6|2|4|1|2|
278|'Красногвардейский'|'Ржевка'|'Энтузиастов пр.'|54|3||7000317|||||1982|'панельные'|12|0|2|166|10303|10303|8533|1770|'да'|'да'|'да'|'да'|'да'|'нет'|'нет'|'нет'|'да'|4|2|4|1|2|
279|'Красногвардейский'|'Полюстрово'|'Бестужевская ул'|39||||'орг-ия с гос. участием'||'хрущевка'||1963|'панельные'|5|0|3|60|2606|2606|2606||'да'|'да'|'нет'|'да'|'да'|'да'|'да'|'да'|'нет'|0|1|1|0|1|0
280|'Красногвардейский'|'Полюстрово'|'Бестужевская ул'|41||||'орг-ия с гос. участием'||'хрущевка'||1963|'панельные'|5|0|5|100|4558|4558|4512||'да'|'да'|'нет'|'да'|'да'|'да'|'да'|'да'|'нет'|0|1|1|0|1|0
281|'Красногвардейский'|'Полюстрово'|'Бестужевская ул'|45||||'орг-ия с гос. участием'||'хрущевка'||1963|'панельные'|5|0|5|100|4557|4557|4511||'да'|'да'|'нет'|'да'|'да'|'да'|'да'|'да'|'нет'|0|1|1|0|1|0
282|'Красногвардейский'|'Полюстрово'|'Бестужевская ул'|47||||'орг-ия с гос. участием'||'хрущевка'||1963|'панельные'|5|0|5|100|4522|4522|4476||'да'|'да'|'нет'|'да'|'да'|'да'|'да'|'да'|'нет'|0|1|1|0|1|0
283|'Красногвардейский'|'Полюстрово'|'Бестужевская ул'|51||||'орг-ия с гос. участием'||'хрущевка'||1963|'панельные'|5|0|3|60|2639|2639|2583|56|'да'|'да'|'нет'|'да'|'да'|'да'|'да'|'да'|'нет'|0|1|1|0|1|0
284|'Красногвардейский'|'Полюстрово'|'Бестужевская ул'|53||||'орг-ия с гос. участием'||'хрущевка'||1963|'панельные'|5|0|5|100|4543|4543|4497||'да'|'да'|'нет'|'да'|'да'|'да'|'да'|'да'|'нет'|0|1|1|0|1|0
285|'Красногвардейский'|'Полюстрово'|'Бестужевская ул'|57||||'орг-ия с гос. участием'||'хрущевка'||1963|'панельные'|5|0|5|100|4533|4533|4487||'да'|'да'|'нет'|'да'|'да'|'да'|'да'|'да'|'нет'|0|1|1|0|1|0
286|'Красногвардейский'|'Полюстрово'|'Бестужевская ул'|61||||'орг-ия с гос. участием'||'хрущевка'||1963|'панельные'|5|0|5|100|4541|4541|4495||'да'|'да'|'нет'|'да'|'да'|'да'|'да'|'да'|'нет'|0|1|1|0|1|0
287|'Красногвардейский'|'Полюстрово'|'Бестужевская ул'|67||||'орг-ия с гос. участием'||'хрущевка'||1963|'панельные'|5|0|3|60|2632|2632|2586||'да'|'да'|'нет'|'да'|'да'|'да'|'да'|'да'|'нет'|0|1|1|0|1|0
288|'Красногвардейский'|'Полюстрово'|'Бестужевская ул'|69||||'орг-ия с гос. участием'|'сцепка'|'хрущевка'||1963|'панельные'|5|0|5|100|4530|4530|4493||'да'|'да'|'нет'|'да'|'да'|'да'|'да'|'да'|'нет'|0|1|0|0|1|0
289|'Красногвардейский'|'Полюстрово'|'Бестужевская ул'|73||||'орг-ия с гос. участием'||'хрущевка'||1963|'панельные'|5|0|5|100|4557|4557|4511||'да'|'да'|'нет'|'да'|'да'|'да'|'да'|'да'|'нет'|0|1|1|0|1|0
290|'Красногвардейский'|'Полюстрово'|'Бестужевская ул'|75||||'орг-ия с гос. участием'||'хрущевка'||1963|'панельные'|5|0|5|100|4554|4554|4508||'да'|'да'|'нет'|'да'|'да'|'да'|'да'|'да'|'нет'|0|1|1|0|1|0
291|'Красногвардейский'|'Полюстрово'|'Бестужевская ул'|79|2|||'орг-ия с гос. участием'|||'индивидуальный'|2008|'панельные'|10|0|3|119|6579|6579|6411.6|167.4|'да'|'да'|'да'|'да'|'да'|'нет'|'нет'|'нет'|'да'|3|3|1|1|1|0
292|'Красногвардейский'|'Полюстрово'|'Бестужевская ул'|81||||'орг-ия с гос. участием'||'кирпичный'|'1-528КП-82'|1973|'кирпичные'|12|0|2|84|4341|4341|4163|178|'да'|'да'|'да'|'да'|'да'|'да'|'нет'|'да'|'нет'|2|2|1|1|1|0
293|'Красногвардейский'|'Полюстрово'|'Буренина ул'|3||||'орг-ия с гос. участием'||'хрущевка'|'1-305'|1966|'панельные'|5|0|8|159|7352|7352|7322||'да'|'да'|'да'|'да'|'да'|'да'|'нет'|'да'|'нет'|0|2|2|2|2|0
294|'Красногвардейский'|'Полюстрово'|'Буренина ул'|6||||'орг-ия с гос. участием'||'хрущевка'||1966|'панельные'|5|0|5|100|4522|4522|4490||'да'|'да'|'да'|'да'|'да'|'да'|'нет'|'да'|'нет'|0|1|1|1|1|0
295|'Красногвардейский'|'Полюстрово'|'Крюкова ул.'|1||||'орг-ия с гос. участием'||'хрущевка'|'1-528КП-82'|1961|'кирпичные'|5|0|4|80|3449|3449|3449||'да'|'да'|'нет'|'да'|'да'|'да'|'да'|'да'|'нет'|0|1|1|0|1|0
296|'Красногвардейский'|'Полюстрово'|'Крюкова ул.'|3||||'орг-ия с гос. участием'|'сцепка'|'хрущевка'|'1-528КП-82'|1962|'кирпичные'|5|0|3|60|2537|2537|2537||'да'|'да'|'нет'|'да'|'да'|'да'|'да'|'да'|'нет'|0|1|1|0|0|0
297|'Красногвардейский'|'Полюстрово'|'Крюкова ул.'|7||||'орг-ия с гос. участием'|'сцепка'|'хрущевка'|'1-528КП-82'|1961|'кирпичные'|5|0|3|60|2513|2513|2493||'да'|'да'|'нет'|'да'|'да'|'да'|'да'|'да'|'нет'|0|1|0|0|1|0
298|'Красногвардейский'|'Полюстрово'|'Крюкова ул.'|10||||'орг-ия с гос. участием'||'кирпичный'|'индивидуальный'|1995|'кирпичные'|10|0|4|160|9022|9022|8827|195|'да'|'да'|'да'|'да'|'да'|'да'|'нет'|'нет'|'да'|4|2|1|1|1|0
299|'Красногвардейский'|'Полюстрово'|'Крюкова ул.'|11||||'орг-ия с гос. участием'||'хрущевка'|'1-528КП-82'|1961|'кирпичные'|5|0|3|60|2532|2532|2532||'да'|'да'|'нет'|'да'|'да'|'нет'|'да'|'да'|'нет'|0|1|1|0|1|0
300|'Красногвардейский'|'Полюстрово'|'Крюкова ул.'|13||||'орг-ия с гос. участием'||'хрущевка'|'1-528КП-82'|1962|'кирпичные'|5|0|3|60|2513|2513|2513||'да'|'да'|'нет'|'да'|'да'|'да'|'да'|'да'|'нет'|0|1|1|0|1|0
301|'Красногвардейский'|'Полюстрово'|'Крюкова ул.'|15||||'орг-ия с гос. участием'|'сцепка'|'хрущевка'|'1-528КП-82'|1961|'кирпичные'|5|0|3|60|2517|2517|2517||'да'|'да'|'нет'|'да'|'да'|'да'|'да'|'да'|'нет'|0|1|0|0|0|0
302|'Красногвардейский'|'Полюстрово'|'Крюкова ул.'|17||||'орг-ия с гос. участием'||'хрущевка'|'1-528КП-82'|1961|'кирпичные'|5|0|3|60|2522|2522|2522||'да'|'да'|'нет'|'да'|'да'|'да'|'да'|'да'|'нет'|0|1|1|0|1|0
303|'Красногвардейский'|'Полюстрово'|'Крюкова ул.'|19||||'орг-ия с гос. участием'||'хрущевка'|'1-528КП-82'|1962|'кирпичные'|5|0|3|60|2509|2509|2509||'да'|'да'|'нет'|'да'|'да'|'да'|'да'|'да'|'нет'|0|1|1|0|1|0
304|'Красногвардейский'|'Полюстрово'|'Крюкова ул.'|21||||'орг-ия с гос. участием'||'хрущевка'|'1-528КП-82'|1961|'кирпичные'|5|0|3|60|2557|2557|2557||'да'|'да'|'нет'|'да'|'да'|'да'|'да'|'да'|'нет'|0|1|1|0|1|0
305|'Красногвардейский'|'Полюстрово'|'Крюкова ул.'|23||||'орг-ия с гос. участием'|'сцепка'|'хрущевка'|'1-528КП-82'|1962|'кирпичные'|5|0|3|60|2541|2541|2541||'да'|'да'|'нет'|'да'|'да'|'да'|'да'|'да'|'нет'|0|1|1|0|0|0
306|'Красногвардейский'|'Полюстрово'|'Маршала Блюхера пр.'|36|1|||'орг-ия с гос. участием'||'хрущевка'||1969|'кирпичные'|12|0|2|84|4347|4347|4160|187|'да'|'да'|'да'|'да'|'да'|'да'|'нет'|'да'|'нет'|2|2|1|1|1|0
307|'Красногвардейский'|'Полюстрово'|'Маршала Блюхера пр.'|38|1|||'орг-ия с гос. участием'||'хрущевка'||1963|'панельные'|7|0|8|224|10226|10226|10152|74|'да'|'да'|'да'|'да'|'да'|'да'|'нет'|'да'|'нет'|8|2|1|2|2|0
308|'Красногвардейский'|'Полюстрово'|'Маршала Блюхера пр.'|38|2|||'орг-ия с гос. участием'||'хрущевка'||1963|'панельные'|5|0|5|100|4523|4523|4477||'да'|'да'|'нет'|'да'|'да'|'да'|'да'|'да'|'нет'|0|1|1|0|1|0
309|'Красногвардейский'|'Полюстрово'|'Маршала Блюхера пр.'|38|3|||'орг-ия с гос. участием'||'хрущевка'||1963|'панельные'|5|0|5|100|4526|4526|4480||'да'|'да'|'нет'|'да'|'да'|'да'|'да'|'да'|'нет'|0|1|1|0|1|0
310|'Красногвардейский'|'Полюстрово'|'Маршала Блюхера пр.'|38|4|||'орг-ия с гос. участием'||'хрущевка'||1963|'панельные'|5|0|5|100|4539|4539|4493||'да'|'да'|'нет'|'да'|'да'|'да'|'да'|'да'|'нет'|0|1|1|0|1|0
311|'Красногвардейский'|'Полюстрово'|'Маршала Блюхера пр.'|42||||'орг-ия с гос. участием'||'кирпичный'||1970|'кирпичные'|12|0|2|84|4422|4422|4167|255|'да'|'да'|'да'|'да'|'да'|'да'|'нет'|'да'|'нет'|2|2|1|1|1|0
312|'Красногвардейский'|'Полюстрово'|'Маршала Блюхера пр.'|44||||'орг-ия с гос. участием'||'хрущевка'||1963|'панельные'|7|0|8|222|10295|10295|10009|286|'да'|'да'|'да'|'да'|'да'|'да'|'нет'|'да'|'нет'|8|2|1|2|2|0
313|'Красногвардейский'|'Полюстрово'|'Маршала Блюхера пр.'|48||||'орг-ия с гос. участием'||'кирпичный'|'1-528КП-80'|1971|'кирпичные'|12|0|2|84|4540|4540|4141|399|'да'|'да'|'да'|'да'|'да'|'да'|'нет'|'да'|'нет'|2|2|1|1|1|0
314|'Красногвардейский'|'Полюстрово'|'Маршала Блюхера пр.'|50||||'орг-ия с гос. участием'||'хрущевка'||1963|'панельные'|7|0|8|224|10238|10238|10119|119|'да'|'да'|'да'|'да'|'да'|'да'|'нет'|'да'|'нет'|8|3|1|2|2|0
315|'Красногвардейский'|'Полюстрово'|'Маршала Блюхера пр.'|52||||'орг-ия с гос. участием'||'кирпичный'|'1-528КП-82'|1970|'кирпичные'|12|0|2|84|4582|4582|4188|394|'да'|'да'|'да'|'да'|'да'|'да'|'нет'|'да'|'нет'|2|2|1|1|1|0
316|'Красногвардейский'|'Полюстрово'|'Маршала Блюхера пр.'|54||||'орг-ия с гос. участием'||'хрущевка'||1964|'панельные'|7|0|8|224|10275|10275|10120|155|'да'|'да'|'да'|'да'|'да'|'да'|'нет'|'да'|'нет'|8|2|1|2|2|0
317|'Красногвардейский'|'Полюстрово'|'Маршала Блюхера пр.'|55||||'орг-ия с гос. участием'||'хрущевка'||1967|'панельные'|9|0|5|268|12121|12121|11879|242|'да'|'да'|'да'|'да'|'да'|'да'|'нет'|'да'|'нет'|5|2|1|2|2|0
318|'Красногвардейский'|'Полюстрово'|'Маршала Блюхера пр.'|56||||'орг-ия с гос. участием'||'хрущевка'|'1-528КП-82'|1969|'кирпичные'|12|0|2|84|4417|4417|4140|277|'да'|'да'|'да'|'да'|'да'|'да'|'нет'|'да'|'нет'|2|2|1|1|1|0
319|'Красногвардейский'|'Полюстрово'|'Маршала Блюхера пр.'|57|1|||'орг-ия с гос. участием'||'хрущевка'||1967|'панельные'|9|0|6|320|14657|14657|14432|225|'да'|'да'|'да'|'да'|'да'|'да'|'нет'|'да'|'нет'|6|1|1|2|2|0
320|'Красногвардейский'|'Полюстрово'|'Маршала Блюхера пр.'|57|2|||'орг-ия с гос. участием'||'хрущевка'||1966|'панельные'|5|0|5|100|4547|4547|4455|92|'да'|'да'|'да'|'да'|'да'|'да'|'нет'|'да'|'нет'|0|2|1|1|1|0
321|'Красногвардейский'|'Полюстрово'|'Маршала Блюхера пр.'|59||||'орг-ия с гос. участием'||'хрущевка'||1967|'панельные'|9|0|5|268|12075|12075|12017|58|'да'|'да'|'да'|'да'|'да'|'да'|'нет'|'да'|'нет'|5|2|1|2|2|0
322|'Красногвардейский'|'Полюстрово'|'Маршала Блюхера пр.'|61|2|||'орг-ия с гос. участием'||'хрущевка'||1966|'панельные'|5|0|5|100|4693|4693|4602|91|'да'|'да'|'да'|'да'|'да'|'да'|'нет'|'да'|'нет'|0|1|1|1|1|0
323|'Красногвардейский'|'Полюстрово'|'Маршала Блюхера пр.'|63|2|||'орг-ия с гос. участием'||'хрущевка'|'1-305'|1966|'панельные'|5|0|5|100|4578|4578|4487|91|'да'|'да'|'да'|'да'|'да'|'да'|'нет'|'да'|'нет'|0|1|1|1|1|0
324|'Красногвардейский'|'Полюстрово'|'Маршала Блюхера пр.'|65||||'орг-ия с гос. участием'||'хрущевка'||1967|'панельные'|9|0|4|208|9740|9740|9621|119|'да'|'да'|'да'|'да'|'да'|'да'|'нет'|'да'|'нет'|4|2|1|1|1|0
325|'Красногвардейский'|'Полюстрово'|'Маршала Блюхера пр.'|67|2|||'орг-ия с гос. участием'||'хрущевка'||1966|'панельные'|5|0|5|100|4550|4550|4458|92|'да'|'да'|'да'|'да'|'да'|'да'|'нет'|'да'|'нет'|0|1|1|1|1|0
326|'Красногвардейский'|'Полюстрово'|'Металлистов пр.'|72||||'орг-ия с гос. участием'||'хрущевка'||1961|'кирпичные'|5|0|5|100|4382|4382|4382||'да'|'да'|'нет'|'да'|'да'|'да'|'да'|'да'|'нет'|0|1|1|0|1|0
327|'Красногвардейский'|'Полюстрово'|'Металлистов пр.'|74||||'орг-ия с гос. участием'||'хрущевка'|'1-528КП-82'|1960|'кирпичные'|5|0|4|80|3445|3445|3445||'да'|'да'|'нет'|'да'|'да'|'да'|'да'|'да'|'нет'|0|1|1|0|1|0
328|'Красногвардейский'|'Полюстрово'|'Пискаревский пр.'|9|2|||'орг-ия с гос. участием'||'хрущевка'|'1-528КП-82'|1966|'панельные'|5|0|7|105|3763|3763|3763||'да'|'да'|'да'|'да'|'да'|'да'|'нет'|'да'|'нет'|0|1|1|1|1|0
329|'Красногвардейский'|'Полюстрово'|'Пискаревский пр.'|9|3|||'орг-ия с гос. участием'||'хрущевка'|'1-528КП-82'|1966|'панельные'|5|0|7|105|3814|3814|3772||'да'|'да'|'да'|'да'|'да'|'да'|'нет'|'да'|'нет'|0|1|1|1|1|0
330|'Красногвардейский'|'Полюстрово'|'Пискаревский пр.'|37||||'орг-ия с гос. участием'||'хрущевка'|'индивидуальный'|1969|'кирпичные'|12|0|2|156|6701|6701|6589|112|'да'|'да'|'да'|'да'|'да'|'да'|'нет'|'да'|'нет'|2|2|1|1|1|0
331|'Красногвардейский'|'Полюстрово'|'Среднеохтинский пр.'|53||||'орг-ия с гос. участием'|'сцепка'|'хрущевка'|'1-528КП-82'|1962|'кирпичные'|5|0|3|55|2574|2574|2316|258|'да'|'да'|'нет'|'да'|'да'|'да'|'да'|'да'|'нет'|0|1|0|0|0|0
332|'Красногвардейский'|'Полюстрово'|'Стасовой ул.'|2||||'орг-ия с гос. участием'||'панельный'||1975|'панельные'|14|0|10|648|32955|32955|32672|283|'да'|'да'|'да'|'да'|'да'|'да'|'нет'|'да'|'нет'|16|4|1|1|1|0
333|'Красногвардейский'|'Полюстрово'|'Стасовой ул.'|5||||'орг-ия с гос. участием'||'хрущевка'|'1-305'|1966|'панельные'|5|0|8|159|7365|7365|7351||'да'|'да'|'да'|'да'|'да'|'да'|'нет'|'да'|'нет'|0|2|2|2|2|0
334|'Красногвардейский'|'Полюстрово'|'Стасовой ул.'|6||||'орг-ия с гос. участием'||'хрущевка'|'1-305'|1966|'панельные'|5|0|8|159|7648|7648|7359|289|'да'|'да'|'да'|'да'|'да'|'да'|'нет'|'да'|'нет'|0|2|2|2|2|0
335|'Красногвардейский'|'Полюстрово'|'Стасовой ул.'|8||||'орг-ия с гос. участием'||'хрущевка'||1967|'панельные'|9|0|4|208|9697|9697|9607|90|'да'|'да'|'да'|'да'|'да'|'да'|'нет'|'да'|'нет'|4|2|1|1|1|0
336|'Красногвардейский'|'Полюстрово'|'Стасовой ул.'|9||||'орг-ия с гос. участием'||'хрущевка'||1966|'панельные'|5|0|5|100|4590|4590|4498|92|'да'|'да'|'да'|'да'|'да'|'да'|'нет'|'да'|'нет'|0|1|1|1|1|0
337|'Красногвардейский'|'Полюстрово'|'Маршала Тухачевского пр'|1||||'орг-ия с гос. участием'||'хрущевка'|'1-528КП-82'|1965|'кирпичные'|5|0|6|107|5245|5245|4227|1018|'да'|'да'|'нет'|'да'|'да'|'да'|'да'|'да'|'нет'|0|1|1|0|1|0
338|'Красногвардейский'|'Полюстрово'|'Маршала Тухачевского пр'|3||||'орг-ия с гос. участием'||'хрущевка'|'1-528КП-82'|1966|'кирпичные'|7|0|3|90|6779|6779|5682|1097|'да'|'да'|'нет'|'да'|'да'|'да'|'да'|'да'|'нет'|3|2|1|0|1|0
339|'Красногвардейский'|'Полюстрово'|'Маршала Тухачевского пр'|5|1|||'орг-ия с гос. участием'||'хрущевка'|'1-528КП-82'|1964|'кирпичные'|5|0|6|108|5261|5261|4325|936|'да'|'да'|'нет'|'да'|'да'|'да'|'да'|'да'|'нет'|0|1|1|0|1|0
340|'Красногвардейский'|'Полюстрово'|'Маршала Тухачевского пр'|5|2|||'орг-ия с гос. участием'||'хрущевка'|'1-528КП-82'|1963|'кирпичные'|5|0|5|70|4206|4206|4206||'да'|'да'|'нет'|'да'|'да'|'да'|'да'|'да'|'нет'|0|1|1|0|1|0
341|'Красногвардейский'|'Полюстрово'|'Маршала Тухачевского пр'|5|3|||'орг-ия с гос. участием'||'хрущевка'|'1-528КП-82'|1963|'кирпичные'|5|0|5|100|4204|4204|4190||'да'|'да'|'нет'|'да'|'да'|'да'|'да'|'да'|'нет'|0|1|1|0|1|0
342|'Красногвардейский'|'Полюстрово'|'Маршала Тухачевского пр'|5|4|||'орг-ия с гос. участием'||'хрущевка'|'1-528КП-82'|1963|'кирпичные'|5|0|5|100|4138|4138|4138||'да'|'да'|'нет'|'да'|'да'|'да'|'да'|'да'|'нет'|0|1|1|0|1|0
343|'Красногвардейский'|'Полюстрово'|'Маршала Тухачевского пр'|5|5|||'орг-ия с гос. участием'||'хрущевка'|'1-528КП-82'|1963|'кирпичные'|5|0|5|100|4216|4216|4171||'да'|'да'|'нет'|'да'|'да'|'да'|'да'|'да'|'нет'|0|1|1|0|1|0
344|'Красногвардейский'|'Полюстрово'|'Маршала Тухачевского пр'|7|1|||'орг-ия с гос. участием'||'панельный'||1972|'панельные'|9|0|4|208|9750|9750|9640|110|'да'|'да'|'да'|'да'|'да'|'да'|'нет'|'да'|'нет'|4|2|1|1|1|0
345|'Красногвардейский'|'Полюстрово'|'Маршала Тухачевского пр'|9||||'орг-ия с гос. участием'||'хрущевка'||1968|'панельные'|9|0|7|372|16850|16850|16661|189|'да'|'да'|'да'|'да'|'да'|'да'|'нет'|'да'|'нет'|7|2|1|2|2|0
346|'Красногвардейский'|'Полюстрово'|'Маршала Тухачевского пр'|11||||'орг-ия с гос. участием'||'хрущевка'||1966|'панельные'|5|0|8|159|7701|7701|7413|288|'да'|'да'|'да'|'да'|'да'|'да'|'нет'|'да'|'нет'|0|2|1|2|2|0
347|'Красногвардейский'|'Полюстрово'|'Маршала Тухачевского пр'|31||||'орг-ия с гос. участием'||'кирпичный'||1983|'кирпичные'|16|0|1|268|13493|13493|12106|1387|'да'|'да'|'да'|'да'|'да'|'нет'|'нет'|'нет'|'да'|3|2|1|1|1|0
348|'Красногвардейский'|'Полюстрово'|'Маршала Тухачевского пр'|33||||'орг-ия с гос. участием'||'хрущевка'||1966|'панельные'|5|0|8|159|7407|7407|7301|106|'да'|'да'|'да'|'да'|'да'|'да'|'нет'|'да'|'нет'|0|2|2|2|2|0
349|'Красногвардейский'|'Полюстрово'|'Маршала Тухачевского пр'|35||||'орг-ия с гос. участием'||'хрущевка'||1966|'панельные'|5|0|5|100|4558|4558|4526||'да'|'да'|'да'|'да'|'да'|'да'|'нет'|'да'|'нет'|0|1|1|1|1|0
350|'Красногвардейский'|'Полюстрово'|'Маршала Тухачевского пр'|39||||'орг-ия с гос. участием'||'хрущевка'||1966|'панельные'|9|0|4|208|9728|9728|9650|78|'да'|'да'|'да'|'да'|'да'|'да'|'нет'|'да'|'нет'|4|2|1|1|1|0
351|'Красногвардейский'|'Полюстрово'|'шоссе Революции'|12|3|||'орг-ия с гос. участием'||'сталинка'|'индивидуальный'|1948|'панельные'|2|0|1|2|536|536|536||'да'|'да'|'да'|'да'|'да'|'да'|'нет'|'да'|'нет'|0|1|1|0|0|0
352|'Красногвардейский'|'Полюстрово'|'шоссе Революции'|12|6|||'орг-ия с гос. участием'||'сталинка'|'индивидуальный'|1948|'кирпичные'|3|0|2|3|1401|1401|1401||'да'|'да'|'да'|'да'|'да'|'да'|'нет'|'да'|'нет'|0|1|1|0|0|0
353|'Красногвардейский'|'Полюстрово'|'шоссе Революции'|16||||'орг-ия с гос. участием'||'хрущевка'|'1-528КП-82'|1962|'кирпичные'|5|0|4|64|3612|3612|2787|825|'да'|'да'|'нет'|'да'|'да'|'да'|'да'|'да'|'нет'|0|1|1|0|1|0
354|'Красногвардейский'|'Полюстрово'|'шоссе Революции'|18||||'орг-ия с гос. участием'||'хрущевка'|'1-528КП-82'|1962|'кирпичные'|5|0|5|71|5891|5891|4826|1065|'да'|'да'|'нет'|'да'|'да'|'да'|'да'|'да'|'нет'|0|1|1|0|1|0
355|'Красногвардейский'|'Полюстрово'|'шоссе Революции'|20||||'орг-ия с гос. участием'||'хрущевка'|'1-528КП-82'|1961|'кирпичные'|5|0|7|122|6036|6036|5123|913|'да'|'да'|'нет'|'да'|'да'|'да'|'да'|'да'|'нет'|0|2|1|0|1|0
356|'Красногвардейский'|'Полюстрово'|'шоссе Революции'|48||||'орг-ия с гос. участием'||'хрущевка'|'1-528КП-82'|1961|'кирпичные'|5|0|4|76|3463|3463|3320|143|'да'|'да'|'нет'|'да'|'да'|'да'|'да'|'да'|'нет'|0|1|1|0|1|0
357|'Красногвардейский'|'Полюстрово'|'шоссе Революции'|50||||'орг-ия с гос. участием'||'хрущевка'|'1-528КП-82'|1960|'кирпичные'|5|0|4|80|3458|3458|3458||'да'|'да'|'нет'|'да'|'да'|'да'|'да'|'да'|'нет'|0|1|1|0|1|0
358|'Красногвардейский'|'Полюстрово'|'Энергетиков пр.'|38||||'орг-ия с гос. участием'||'кирпичный'|'1-528КП-80'|1973|'кирпичные'|14|0|1|97|4877|4877|4615|262|'да'|'да'|'да'|'да'|'да'|'да'|'нет'|'да'|'нет'|2|2|1|1|1|0
359|'Красногвардейский'|'Полюстрово'|'Энергетиков пр.'|40||||'орг-ия с гос. участием'||'кирпичный'|'1-528КП-80'|1973|'кирпичные'|14|0|1|97|4894|4894|4654|240|'да'|'да'|'да'|'да'|'да'|'да'|'нет'|'да'|'нет'|2|2|1|1|1|0
360|'Красногвардейский'|'Полюстрово'|'Энергетиков пр.'|40|2|||'орг-ия с гос. участием'||'кирпичный'|'1-528КП-82'|1975|'кирпичные'|5|0|5|100|4417|4417|4367|50|'да'|'да'|'да'|'да'|'да'|'да'|'нет'|'да'|'нет'|0|1|1|1|1|0
361|'Красногвардейский'|'Полюстрово'|'Энергетиков пр.'|40|3|||'орг-ия с гос. участием'||'кирпичный'|'1-528КП-82'|1975|'кирпичные'|5|0|5|100|4417|4417|4368||'да'|'да'|'да'|'да'|'да'|'да'|'нет'|'да'|'нет'|0|1|1|1|1|0
362|'Красногвардейский'|'Полюстрово'|'Энергетиков пр.'|40|4|||'орг-ия с гос. участием'||'сталинка'|'индивидуальный'|1955|'кирпичные'|4|0|3|30|3026|3026|2324|702|'да'|'да'|'да'|'да'|'да'|'нет'|'нет'|'нет'|'да'|0|1|1|1|1|0
363|'Красногвардейский'|'Полюстрово'|'Энергетиков пр.'|42||||'орг-ия с гос. участием'||'хрущевка'|'1-528КП-40'|1968|'кирпичные'|9|0|5|248|13438|13438|11162|2276|'да'|'да'|'да'|'да'|'да'|'да'|'нет'|'да'|'нет'|5|2|1|2|2|0
364|'Красногвардейский'|'Полюстрово'|'Энергетиков пр.'|46|2|||'орг-ия с гос. участием'||'хрущевка'||1966|'панельные'|5|0|8|159|7487|7487|7344|143|'да'|'да'|'да'|'да'|'да'|'да'|'нет'|'да'|'нет'|0|2|1|2|2|0
365|'Красногвардейский'|'Полюстрово'|'Энергетиков пр.'|48||||'орг-ия с гос. участием'||'хрущевка'||1967|'панельные'|9|0|4|208|9754|9754|9692|62|'да'|'да'|'да'|'да'|'да'|'да'|'нет'|'да'|'нет'|4|2|1|1|1|0
366|'Красногвардейский'|'Полюстрово'|'Энергетиков пр.'|52||||'орг-ия с гос. участием'||'хрущевка'|'1-305'|1966|'панельные'|5|0|5|100|4477|4477|4477||'да'|'да'|'да'|'да'|'да'|'да'|'нет'|'да'|'нет'|0|1|1|1|1|0
367|'Красногвардейский'|'Полюстрово'|'Энергетиков пр.'|54|2|||'орг-ия с гос. участием'||'хрущевка'||1967|'панельные'|9|0|4|208|9782|9782|9623|159|'да'|'да'|'да'|'да'|'да'|'да'|'нет'|'да'|'нет'|4|2|1|1|1|0
368|'Красногвардейский'|'Полюстрово'|'Энергетиков пр.'|62||||'орг-ия с гос. участием'||'хрущевка'|'1-305'|1966|'панельные'|5|0|5|100|4601|4601|4509|92|'да'|'да'|'да'|'да'|'да'|'да'|'нет'|'да'|'нет'|0|1|1|1|1|0
369|'Красногвардейский'|'Полюстрово'|'Энергетиков пр.'|66|1|||'орг-ия с гос. участием'||'хрущевка'||1697|'панельные'|9|0|4|208|9672|9672|9639||'да'|'да'|'да'|'да'|'да'|'да'|'нет'|'да'|'нет'|4|2|1|1|1|0
370|'Красногвардейский'|'Полюстрово'|'Энергетиков пр.'|66|2|||'орг-ия с гос. участием'||'хрущевка'||1966|'панельные'|5|0|8|159|7623|7623|7335|288|'да'|'да'|'да'|'да'|'да'|'да'|'нет'|'да'|'нет'|0|2|2|2|2|0
371|'Красногвардейский'|'Полюстрово'|'Энергетиков пр.'|68||||'орг-ия с гос. участием'||'хрущевка'||1968|'панельные'|9|0|4|268|12068|12068|11908|160|'да'|'да'|'да'|'да'|'да'|'да'|'нет'|'да'|'нет'|5|2|1|2|2|0
372|'Красногвардейский'|'Полюстрово'|'Энергетиков пр.'|72||||'орг-ия с гос. участием'||'хрущевка'|'1-305'|1966|'панельные'|5|0|5|100|4560|4560|4514||'да'|'да'|'да'|'да'|'да'|'да'|'нет'|'да'|'нет'|0|1|1|1|1|0
373|'Красногвардейский'|'Полюстрово'|'Энергетиков пр.'|72|2|||'орг-ия с гос. участием'||'хрущевка'|'1-305'|1966|'панельные'|5|0|8|159|7557|7557|7253|304|'да'|'да'|'да'|'да'|'да'|'да'|'нет'|'да'|'нет'|0|2|2|2|2|0
374|'Красногвардейский'|'Ржевка'|'2-я Поперечная ул.'|1|2|||'орг-ия с гос. участием'||'индивидуальный'|'индивидуальный'|1955|'другое'|2|0|2|8|375||375||'да'|'нет'|'нет'|'нет'|'нет'|'да'|'нет'|'да'|'нет'|0|0|0|0|0|0
375|'Красногвардейский'|'Ржевка'|'Беломорская ул.'|22||||'орг-ия с гос. участием'||'индивидуальный'|'индивидуальный'|1916|'кирпичные'|1|0||3|284|284|284||'да'|'да'|'нет'|'да'|'да'|'да'|'нет'|'да'|'нет'|0|0|0|0|0|0
376|'Красногвардейский'|'Ржевка'|'Беломорская ул.'|28||||'орг-ия с гос. участием'||'индивидуальный'|'индивидуальный'|1916|'кирпичные'|1|0||3|279.4|213.4|279.4||'да'|'да'|'нет'|'да'|'да'|'да'|'нет'|'да'|'нет'|0|0|0|0|0|0
377|'Красногвардейский'|'Ржевка'|'Всеволожская ул.'|6||||'орг-ия с гос. участием'||'индивидуальный'|'индивидуальный'|1914|'кирпичные'|1|0||4|176.5||176.5||'да'|'да'|'нет'|'да'|'нет'|'да'|'да'|'да'|'нет'|0|0|0|0|0|0
378|'Красногвардейский'|'Пороховые'|'Косыгина пр.'|13||||'орг-ия с гос. участием'||'панельный'|'другое'|1985|'железобетонные'|12|0|2|23|12063.8|12063.8|11773.9|289.9|'да'|'да'|'да'|'да'|'да'|'нет'|'нет'|'нет'|'да'|4|2|3|0|0|0
379|'Красногвардейский'|'Большая Охта'|'Магнитогорская ул.'|79||||'орг-ия с гос. участием'||'индивидуальный'|'индивидуальный'|1948|'другое'|2|0|1|4|266|266|266||'да'|'да'|'да'|'да'|'да'|'да'|'нет'|'да'|'нет'|0|0|0|0|0|0
380|'Красногвардейский'|'Малая Охта'|'Малоохтинский пр.'|90||||'орг-ия с гос. участием'||'индивидуальный'|'индивидуальный'|1939|'кирпичные'|5|0|3|5|4146.9|4146.1|3498.9|648|'да'|'да'|'да'|'да'|'да'|'да'|'нет'|'да'|'нет'|0|1|1|0|0|0
381|'Красногвардейский'|'Полюстрово'|'Пискаревский пр.'|142|7|||'орг-ия с гос. участием'|'аварийный'|'индивидуальный'|'индивидуальный'|1955|'другое'|1|0||3|114.8||114.8||'да'|'нет'|'нет'|'нет'|'нет'|'нет'|'нет'|'нет'|'нет'|0|0|0|0|0|0
382|'Красногвардейский'|'Пороховые'|'Энтузиастов пр.'|39|1|||'орг-ия с гос. участием'||'панельный'|'другое'|1985|'железобетонные'|12|0|2|18|11972.8|11972.8|11595|377.8|'да'|'да'|'да'|'да'|'да'|'нет'|'нет'|'нет'|'да'|4|2|3|1|2|0
383|'Красногвардейский'|'Большая Охта'|'Якорная ул.'|3||||'орг-ия с гос. участием'||'панельный'|'индивидуальный'|1984|'кирпичные'|8|0|8|49|25430.3|25430.3|21901.5|3528.8|'да'|'да'|'да'|'да'|'да'|'нет'|'нет'|'нет'|'да'|6|6|2|0|1|0
